Species,Procrustes_distance_to_mean_shape,ficha_en,ficha_es,fuentes_wikipedia
Caecum_heptagonum,589.857,"Caecum heptagonum is a marine gastropod micromollusk in the family Caecidae. It belongs to the Kingdom Animalia, Phylum Mollusca, Class Gastropoda, Subclass Caenogastropoda, Order Littorinimorpha, and Genus Caecum. Members of this genus are minute sea snails known also as blind shells. These species are distributed worldwide in warm and temperate seas, typically inhabiting sponges, sandy spots on reefs, or grassy beds in bays and lagoons. The shell of Caecum species is unique as it transitions from a spiral shape in the juvenile stages to a cylindrical tube in adults, with a length ranging between 2 mm and 6 mm. The coloration varies from white to yellowish-white, sometimes appearing almost translucent. The teleoconch is generally sealed with a calcareous plug at one end, and the aperture at the other end can be closed with a circular multispiral operculum. The shells may have a smooth surface or be ornamented with annular ridges. The species feeds on one-celled organisms present on sand grains or pebbles. The specific morphology of Caecum heptagonum as measured by Procrustes distance to the mean shape is notably high, indicating a divergent shell form from the group average.","Caecum heptagonum es un micromolusco gasterópodo marino de la familia Caecidae. Pertenece al Reino Animalia, Filo Mollusca, Clase Gastropoda, Subclase Caenogastropoda, Orden Littorinimorpha y Género Caecum. Los miembros de este género son diminutos caracoles marinos conocidos también como conchas ciegas. Estas especies se distribuyen mundialmente en mares cálidos y templados, habitando típicamente esponjas, áreas arenosas en arrecifes o lechos de hierba en bahías y lagunas. La concha de las especies Caecum es única ya que transiciona de una forma espiral en los estadios juveniles a un tubo cilíndrico en los adultos, con una longitud que varía entre 2 mm y 6 mm. La coloración varía de blanco a blanco amarillento, a veces pareciendo casi translúcida. El teleoconcha generalmente se sella con un tapón calcáreo en un extremo, y la abertura en el otro extremo puede cerrarse con un opérculo multiespiral circular. Las conchas pueden tener una superficie lisa o estar ornamentadas con crestas anulares. La especie se alimenta de organismos unicelulares presentes en los granos de arena o guijarros. La morfología específica de Caecum heptagonum medida por la distancia de Procrustes al promedio de la forma es notablemente alta, indicando una forma de concha divergente del promedio del grupo.",Wikipedia: Caecum (gastropod) | Wikipedia: Cecum | WoRMS: https://www.marinespecies.org
Caecum_clathratum,416.165,"Caecum clathratum, described by P. P. Carpenter in 1857, is a species of minute marine gastropod mollusk in the family Caecidae, known as blind shells. These are small sea snails, part of the genus Caecum, which are found in marine environments. The teleoconch of the adult shell is a curving tube, initially spiral-shaped and becomes cylindrical. Typically, the shells are white to yellowish white and some maybe almost translucent. The genus Caecum is distributed worldwide, occurring in warm and temperate seas, often inhabiting sponges, sandy spots on reefs, or grassy beds in shallow waters in bays and lagoons.","Caecum clathratum, descrito por P. P. Carpenter en 1857, es una especie de molusco gasterópodo marino diminuto de la familia Caecidae, conocida como conchas ciegas. Estos son pequeños caracoles marinos, parte del género Caecum, que se encuentran en ambientes marinos. El teleoconcha del caparazón adulto es un tubo curvado, inicialmente en forma de espiral y se torna cilíndrico. Normalmente, las conchas son de color blanco a blanco amarillento y algunas pueden ser casi translúcidas. El género Caecum se distribuye mundialmente, ocurriendo en mares cálidos y templados, a menudo habitando esponjas, puntos arenosos en arrecifes, o praderas en aguas poco profundas en bahías y lagunas.",Wikipedia: Caecum (gastropod) | WoRMS: https://www.marinespecies.org/aphia.php?p=taxdetails&id=575879
Caecum_laeve,410.589,"Caecum laeve is a species within the Animalia kingdom, under the phylum Mollusca, and class Gastropoda. It belongs to the subclass Caenogastropoda and order Littorinimorpha. This species is part of the family Caecidae, commonly referred to as blind shells. Caecum laeve was first described by C. B. Adams in 1852. This species is a type of minute sea snail known as a micromollusc. The Procrustes distance to mean shape value for Caecum laeve is exceptionally high, indicating a highly divergent shell form from the group average.","Caecum laeve es una especie dentro del reino Animalia, bajo el filo Mollusca y clase Gastropoda. Pertenece a la subclase Caenogastropoda y al orden Littorinimorpha. Esta especie es parte de la familia Caecidae, comúnmente conocida como conchas ciegas. Caecum laeve fue descrito por primera vez por C. B. Adams en 1852. Esta especie es un tipo de pequeño caracol marino conocido como micromolusco. Las fuentes no proporcionan información detallada específicamente sobre su morfología o distribución. El valor de la distancia de Procrustes a la forma media para Caecum laeve es excepcionalmente alto, lo que indica una forma de concha muy divergente del promedio del grupo.",WoRMS: https://www.marinespecies.org
Eualetes_centiquadrus,408.792,"Eualetes centiquadrus, originally named Aletes centriquadrus and later accepted under its current name, was first described in 1846 by Valenciennes. It belongs to the genus Eualetes, known for species with variations in shell morphology. Although specific tulipa, which have irregularly coiled, tube-like shells. This genus's shells display a divergent morphology indicated by a Procrustes distance value of 40,879,241,561,137,500, suggesting a considerable deviation from the average shell form within the genus. The taxonomy and synonymy information includes its historical name and synonym Aletes centriquadrus var. imbricatus.","Eualetes centiquadrus, originalmente denominado Aletes centriquadrus y posteriormente aceptado con su nombre actual, fue descrito por primera vez en 1846 por Valenciennes. Pertenece al género Eualetes, conocido por especies con variaciones en la morfología de la concha. Aunque no se encontraron detalles específicos sobre las características de la concha de Eualetes centiquadrus, probablemente sea similar a otras especies del género Eualetes, como E. tulipa, que tienen conchas de forma irregularmente enrolladas, parecidas a tubos. Las conchas de este género muestran una morfología divergente indicada por un valor de distancia Procrustes de 40,879,241,561,137,500, que sugiere una desviación considerable de la forma promedio de la concha dentro del género. La información de taxonomía y sinonimia incluye su nombre histórico y el sinónimo Aletes centriquadrus var. imbricatus.",WoRMS: https://marinespecies.org | MolluscaBase: https://molluscabase.org
Caecum_firmatum,388.608,"Caecum firmatum is a species within the genus Caecum, which belongs to the family Caecidae. These marine gastropods are known as blind shells. The genus Caecum is characterized by their minute size, with shells typically ranging from 2 mm to 6 mm in length. The shells are unusual for being a curving tube for most of their length, starting as a spiral-shaped form then becoming cylindrical. They are generally white to yellowish-white and may be almost translucent. The teleoconch stage of the shell is sealed with a permanent calcareous plug on one end, and the aperture is closed by a circular multispiral horny operculum when the animal retracts. Caecum species typically inhabit warm and temperate seas globally, with many residing in sandy spots on reefs, in sponges, or in grassy beds in shallow waters, often in bays and lagoons. These snails feed on one-celled organisms found on sand grains or pebbles. They exhibit a smooth shell texture or sometimes intricate sculpture comprised of close-set annular ridges.","Caecum firmatum es una especie dentro del género Caecum, que pertenece a la familia Caecidae. Estos gasterópodos marinos son conocidos como conchas ciegas. El género Caecum se caracteriza por su tamaño diminuto, con conchas que generalmente varían de 2 mm a 6 mm de longitud. Las conchas son inusuales por ser un tubo curvado en la mayor parte de su longitud, comenzando con una forma espiral y luego volviéndose cilíndricas. Generalmente son blancas a blanco amarillentas y pueden ser casi translúcidas. La etapa del teleoconcha de la concha está sellada con un tapón calcáreo permanente en un extremo, y la apertura se cierra con un opérculo córneo multiespiral circular cuando el animal se retrae. Las especies de Caecum habitan típicamente en mares cálidos y templados a nivel mundial, con muchas residiendo en lugares arenosos en arrecifes, en esponjas o en lechos de pasto en aguas poco profundas, a menudo en bahías y lagunas. Estos caracoles se alimentan de organismos unicelulares que se encuentran en granos de arena o guijarros. Presentan una textura de concha lisa o a veces una escultura intrincada compuesta por crestas anulares muy juntas.",Wikipedia: Caecum (gastropod) | WoRMS: https://www.marinespecies.org/aphia.php?p=taxdetails&id=545361
Homalocantha_oxyacantha,380.141,"Homalocantha oxyacantha is a species of sea snail, a marine gastropod mollusk belonging to the family Muricidae, commonly known as murex or rock snails. The species resides within the Homalocantha genus. This genus is confirmed to belong to the Muricidae family due to radula characteristics, although its placement in the subfamily Muricopsinae is uncertain.

The shell of Homalocantha oxyacantha does not exhibit detailed morphological characteristics on Wikipedia such as size, shape, or specific ornamentations. The shell exhibits a Procrustes distance to mean shape of 380141, suggesting it has a highly divergent shell form compared to the average shape within its taxonomic group. This implies a distinctive morphology.

No specific ecological or habitat information was found for Homalocantha oxyacantha.","Homalocantha oxyacantha es una especie de caracol marino, un molusco gasterópodo marino perteneciente a la familia Muricidae, comúnmente conocidos como caracoles murex o caracoles de roca. La especie pertenece al género Homalocantha. Este género se confirma que pertenece a la familia Muricidae debido a las características de la rádula, aunque su ubicación en la subfamilia Muricopsinae es incierta.

La concha de Homalocantha oxyacantha no exhibe características morfológicas detalladas en Wikipedia, como tamaño, forma o ornamentaciones específicas. La concha presenta una distancia de Procrustes respecto a la forma media de 380141, lo que sugiere una forma de concha muy divergente en comparación con la forma promedio dentro de su grupo taxonómico, lo que implica una morfología distintiva.

No se encontraron detalles específicos sobre la ecología o el hábitat de Homalocantha oxyacantha.",Wikipedia: Homalocantha oxyacantha | Wikipedia: Homalocantha
Hastula_luctuosa,370.829,"Hastula luctuosa is a species of marine gastropod mollusk in the family Terebridae, commonly known as auger snails. It falls under the Kingdom Animalia, Phylum Mollusca, and Class Gastropoda, specifically belonging to the Order Neogastropoda. This species was first identified by Hinds in 1844. While specific details on this species were limited, members of the genus Hastula are characterized by smooth and glossy shells that are highly turreted with impressed sutures. The shells often lack spiral sculpture but may exhibit weak axial sculptures. These snails are carnivorous, preying on polychaete worms, and typically inhabit sandy environments, burrowing into the substrate. Hastula species are predominantly distributed in the Indo-Pacific region, including areas like Australia and Tasmania.","Hastula luctuosa es una especie de molusco gasterópodo marino de la familia Terebridae, comúnmente conocida como caracoles broca. Pertenece al reino Animalia, al filo Mollusca y a la clase Gastropoda, especialmente al orden Neogastropoda. Esta especie fue identificada por primera vez por Hinds en 1844. Aunque los detalles específicos sobre esta especie son limitados, los miembros del género Hastula se caracterizan por conchas lisas y brillantes que son altamente torretadas con suturas impresionadas. Las conchas a menudo carecen de escultura espiral pero pueden exhibir esculturas axiales débiles. Estos caracoles son carnívoros, se alimentan de gusanos poliquetos y habitan típicamente en ambientes arenosos, enterrándose en el sustrato. Las especies de Hastula se distribuyen predominantemente en la región del Indo-Pacífico, incluyendo áreas como Australia y Tasmania.",Wikipedia: Hastula | WoRMS: https://www.marinespecies.org/aphia.php?p=taxdetails&id=208369
Caecum_teres,356.635,"The species Caecum teres is a small marine gastropod, part of the micromollusks in the family Caecidae. These gastropods are typically found in warm and temperate seas and are often located in sponges, sandy spots on reefs, or grassy beds in shallow waters within bays and lagoons. The shell of Caecum species is generally between 2 mm and 6 mm in length and is white to yellowish, sometimes almost translucent. The adult shell is a curving tube, starting spiral-shaped and becoming cylindrical, sealed with a permanent calcareous plug at one end and a circular, multispiral, horny operculum at the other. The texture is smooth or displays numerous annular ridges. Caecids feed on one-celled organisms on sand grains or pebbles. The Procrustes distance indicates that Caecum teres has a highly divergent shell form compared to typical members of its genus.","La especie Caecum teres es un pequeño gasterópodo marino, parte de los micromoluscos en la familia Caecidae. Estos gasterópodos se encuentran típicamente en mares cálidos y templados, y a menudo se localizan en esponjas, en zonas arenosas de arrecifes o en lechos de hierbas en aguas poco profundas dentro de bahías y lagunas. La concha de las especies de Caecum generalmente mide entre 2 mm y 6 mm de longitud y es de color blanco a amarillento, a veces casi translúcida. La concha del adulto es un tubo curvado, que comienza en forma espiral y se vuelve cilíndrico, sellado con un tapón calcáreo permanente en un extremo y un opérculo córneo multiespiral circular en el otro. La textura es lisa o presenta numerosos anillos. Los cáecidos se alimentan de organismos unicelulares en granos de arena o guijarros. La distancia de Procrustes indica que Caecum teres tiene una forma de concha altamente divergente en comparación con los miembros típicos de su género.",Wikipedia: Caecum (gastropod)
Eupleura_muriciformis,355.936,"- Taxonomic Classification: Kingdom Animalia, Phylum Mollusca, Class Gastropoda, Subclass Caenogastropoda, Order Neogastropoda.
- Shell Morphology: Specific morphology details are not directly available, but as a member of the family Muricidae, it may share characteristics like a robust, spiny or ridged surface.
- Geographic Distribution: Not detailed in the provided sources.
- Ecological Notes: The Procrustes distance of 3559358298829880 indicates a highly divergent shell form compared to the group average, suggesting unique morphological adaptations or evolutionary pathways.","- Clasificación taxonómica: Reino Animalia, Filo Mollusca, Clase Gastropoda, Subclase Caenogastropoda, Orden Neogastropoda.
- Morfología del caparazón: No se dispone de detalles específicos sobre la morfología, pero como miembro de la familia Muricidae, puede compartir características como una superficie robusta, espinosa o acanalada.
- Distribución geográfica: No detallado en las fuentes proporcionadas.
- Notas ecológicas: La distancia de Procrustes de 3559358298829880 indica una forma de caparazón altamente divergente en comparación con el promedio del grupo, lo que sugiere adaptaciones morfológicas o caminos evolutivos únicos.",WoRMS: https://www.marinespecies.org/aphia.php?p=taxdetails&id=408427
Cypraecassis_tenuis,315.242,"The marine gastropod species Cypraecassis tenuis belongs to the family Cassidae, which includes medium-sized to large sea snails known for their distinctive shell characteristics. This species was initially described by Wood in 1828. The genus Cypraecassis is characterized as having fossils found from the Miocene to the Quaternary period, with fossil records located in Europe, Central America, and India. Cypraecassis tenuis is one of the species within this genus, alongside others like Cypraecassis coarctata and Cypraecassis rufa.

With a Procrustes distance to mean shape of 315242, the shell of Cypraecassis tenuis is morphologically more divergent compared to the average shape within its group, indicating a distinctive shell form. The genus Cypraecassis is made up of snails with shells that are typically medium to large in size and may have been found in various marine strata. Fossils associated with this genus suggest a wide geographical distribution in historical epochs.","La especie de gasterópodo marino Cypraecassis tenuis pertenece a la familia Cassidae, que incluye caracoles marinos de tamaño mediano a grande conocidos por sus características distintivas del caparazón. Esta especie fue descrita por primera vez por Wood en 1828. El género Cypraecassis se caracteriza por tener fósiles encontrados desde el Mioceno hasta el Cuaternario, con registros fósiles ubicados en Europa, Centroamérica e India. Cypraecassis tenuis es una de las especies dentro de este género, junto con otras como Cypraecassis coarctata y Cypraecassis rufa.

Con una distancia Procrustes respecto a la forma media de 315242, el caparazón de Cypraecassis tenuis es morfológicamente más divergente en comparación con la forma promedio dentro de su grupo, lo que indica una forma de caparazón distintiva. El género Cypraecassis está formado por caracoles con conchas que suelen ser de tamaño mediano a grande y se pueden haber encontrado en varios estratos marinos. Los fósiles asociados a este género sugieren una amplia distribución geográfica en épocas históricas.",Wikipedia: Cypraecassis tenuis | Wikipedia: Cypraecassis
Crassispira_appressa,303.513,"Crassispira appressa is a species of sea snail, a marine gastropod mollusk in the family Pseudomelatomidae. The length of the shell varies between 7.5 mm and 12 mm. This marine species occurs off Cabo San Lucas, Baja California, Mexico. Crassispira is a genus of small predatory sea snails with narrow, high-spired shells. Most species in this genus have a tall spire and a truncated anterior canal. The shell has strong axial ribs that do not cross the subsutural slope, and strong spiral threads between the ribs. The genus first appeared in the fossil record approximately 48.6 million years ago during the Eocene epoch and still exists today.","Crassispira appressa es una especie de caracol marino, un molusco gasterópodo marino de la familia Pseudomelatomidae. La longitud de su concha varía entre 7.5 mm y 12 mm. Esta especie marina se encuentra frente a Cabo San Lucas, Baja California, México. Crassispira es un género de pequeños caracoles marinos depredadores con conchas estrechas y de alta espira. La mayoría de las especies de este género tienen una espira alta y un canal anterior truncado. La concha presenta fuertes costillas axiales que no cruzan la pendiente subsutural y fuertes hilos espirales entre las costillas. El género apareció por primera vez en el registro fósil hace aproximadamente 48.6 millones de años durante el Eoceno y todavía existe en la actualidad.",Wikipedia: Crassispira appressa | Wikipedia: Crassispira
Goniofusus_dupetitthouarsi,301.268,"Goniofusus dupetitthouarsi is a marine gastropod mollusk in the family Fasciolariidae, known for the spindle snails and tulip snails. The shell of this species can reach lengths between 200 and 250 mm, with some specimens as large as 250 mm (10 inches). Commonly called the Giant Spindle and the Ornamented Spindle, it is also known in Mexico as tulipa’n blanco. Its shell is broad, elongated, and features a widely open siphonal canal with a slightly flaring distal opening. The aperture of the shell is large, consisting of eight to ten angular whorls. The lower whorls are marked with knobs and a high spiral. The shell surface is sculpted with coarse spiral lines and short axial ribs, forming spirally elongated tubercles on prominent peripheral cords. The exterior is typically white, covered with a yellowish-brown to greenish-brown periostracum. Habitats range from the intertidal zone to depths of 55 m, occupying sand and muddy sand substrates. This species is distributed along the Pacific Ocean, from the outer coast of Baja California, throughout the Gulf of California, and south to Ecuador, including the Galápagos Islands and Peru. With a Procrustes distance of 301268, the shell form of Goniofusus dupetitthouarsi is considered morphologically divergent from the group average.","Goniofusus dupetitthouarsi es un molusco gasterópodo marino de la familia Fasciolariidae, conocida por los caracoles huso y los caracoles tulipán. La concha de esta especie puede alcanzar longitudes entre 200 y 250 mm, con algunos especímenes tan grandes como 250 mm (10 pulgadas). Comúnmente llamado el huso gigante y el huso ornamentado, también se conoce en México como tulipa’n blanco. Su concha es ancha, alargada y presenta un canal sifonal ampliamente abierto con una abertura distal ligeramente ensanchada. La apertura de la concha es grande, compuesta por ocho a diez vueltas angulares. Las vueltas inferiores están marcadas con protuberancias y un espiral alto. La superficie de la concha está esculpida con líneas espirales gruesas y costillas axiales cortas, formando tubérculos alargados en espiral sobre cordones periféricos prominentes. El exterior es típicamente blanco, cubierto con un periostraco amarillento a marrón verdoso. Sus hábitats varían desde la zona intermareal hasta profundidades de 55 m, ocupando sustratos de arena y arena fangosa. Esta especie se distribuye a lo largo del Océano Pacífico, desde la costa exterior de Baja California, a través del Golfo de California, y hacia el sur hasta Ecuador, incluidas las Islas Galápagos y Perú. Con una distancia de Procrustes de 301268, la forma de la concha de Goniofusus dupetitthouarsi se considera morfológicamente divergente del promedio del grupo.",Wikipedia: Goniofusus dupetitthouarsi | Wikipedia: Goniofusus
Calyptraea_mamillaris,285.632,"Calyptraea mamillaris belongs to the genus Calyptraea, commonly referred to as the Chinese hat snails. This genus is part of the family Calyptraeidae. Members of this family include species known as slipper snails or slipper limpets. The genus Calyptraea features species with a distinct shell morphology characterized by a cap-like shape, which resembles a Chinese hat. Specific morphological details or ecological notes for Calyptraea mamillaris were not found in the current literature sources. The Procrustes distance for the shell form of this species is 285632, indicating a highly divergent morphology from the group average.","Calyptraea mamillaris pertenece al género Calyptraea, comúnmente conocido como los caracoles sombrero chino. Este género es parte de la familia Calyptraeidae. Los miembros de esta familia incluyen especies conocidas como caracoles o lapas zapatilla. El género Calyptraea presenta especies con una morfología de concha distintiva caracterizada por una forma similar a un sombrero, que se asemeja a un sombrero chino. No se encontraron detalles morfológicos específicos o notas ecológicas para Calyptraea mamillaris en las fuentes literarias actuales. La distancia de Procrustes para la forma de la concha de esta especie es de 285632, lo que indica una morfología altamente divergente del promedio del grupo.",Wikipedia: Calyptraea | Wikipedia: Calyptraea
Cheilea_corrugata,271.923,"Cheilea corrugata is a species within the genus Cheilea, which belongs to the family Hipponicidae, also known as hoof snails. This species, like others in the genus, displays a limpet-like appearance. The typical shell length for species in this genus ranges between small sizes, though specific metrics for Cheilea corrugata are not detailed. The Procrustes distance of 271923 suggests that Cheilea corrugata has a shell form that is notably divergent from the group average, indicating a particularly unique morphology within its genus.","Cheilea corrugata es una especie dentro del género Cheilea, que pertenece a la familia Hipponicidae, también conocida como caracoles casco. Esta especie, al igual que otras en el género, presenta una apariencia similar a una lapa. La longitud típica de la concha para especies en este género varía entre tamaños pequeños, aunque no se detallan métricas específicas para Cheilea corrugata. La distancia de Procrustes de 271923 sugiere que Cheilea corrugata tiene una forma de concha notablemente divergente del promedio del grupo, indicando una morfología particularmente única dentro de su género.",Wikipedia: Cheilea | Wikipedia: Cheilea corrugata
Araiofusus_colpoicus,265.927,"Araiofusus colpoicus is a marine gastropod mollusk in the family Fasciolariidae, known as spindle snails or tulip snails. It resembles Barbarofusus barbarensis at around 60 mm in length but can be distinguished by having 13 narrower axial ribs compared to 11 in B. barbarensis, and the ribs are separated by wider interspaces. The spiral sculpture is more pronounced, with sharper revolving threads that exhibit alternation in size. On the penultimate whorl, there are 6 major and 6 minor spiral threads crossing the axial ribs without forming nodules. The shell reaches a length of 66 mm excluding the eroded nucleus and has 8 whorls. The aperture and a conspicuously tortuous siphonal canal measure a combined 36 mm. Araiofusus colpoicus is found in the Gulf of California. In a morphological context, its Procrustes distance to mean shape is 2659267066674730, indicating a significant divergence from the group average form.","Araiofusus colpoicus es un molusco gasterópodo marino de la familia Fasciolariidae, conocida como caracoles huso o caracoles tulipán. Se asemeja a Barbarofusus barbarensis en aproximadamente 60 mm de longitud, pero se distingue por tener 13 costillas axiales más estrechas en comparación con 11 en B. barbarensis, y las costillas están separadas por espacios más anchos. La escultura espiral es más pronunciada, con hilos revolventes más nítidos que muestran alternancia en tamaño. En la vuelta penúltima, hay 6 hilos espirales mayores y 6 menores que cruzan las costillas axiales sin formar nódulos. La concha alcanza una longitud de 66 mm, excluyendo el núcleo erosionado, y tiene 8 vueltas. La apertura y un canal sifonal visiblemente tortuoso miden un total de 36 mm. Araiofusus colpoicus se encuentra en el Golfo de California. En un contexto morfológico, su distancia de Procrustes al promedio de la forma es 2659267066674730, lo que indica una divergencia significativa de la forma promedio del grupo.",Wikipedia: Araiofusus colpoicus | Wikipedia: Araiofusus
Crucibulum_umbrella,265.631,"The genus Crucibulum, known as cup-and-saucer snails, belongs to the family Calyptraeidae. Crucibulum umbrella was described by Deshayes in 1830. The shell morphology typical of the genus features a conical shape resembling a cup sitting on a saucer, with distinct whorls and an open suture. Shell coloration varies and may include shades and patterns typical of the genus. Ecologically, Crucibulum species inhabit marine environments and prefer shallow waters but specifics for Crucibulum umbrella were not documented. This species exhibits a higher Procrustes distance of 265631, indicating a morphologically divergent shell form relative to the genus average, which might affect its ecological niche and adaptability.","El género Crucibulum, conocido como caracoles de taza y platillo, pertenece a la familia Calyptraeidae. Crucibulum umbrella fue descrito por Deshayes en 1830. La morfología de la concha típica del género presenta una forma cónica que se asemeja a una taza sentada sobre un platillo, con vueltas de espiral distintas y una sutura abierta. La coloración de la concha varía e incluye tonos y patrones típicos del género. Ecológicamente, las especies de Crucibulum habitan entornos marinos y prefieren aguas poco profundas, aunque los detalles específicos para Crucibulum umbrella no fueron documentados. Esta especie exhibe una distancia Procrustes más alta de 265631, lo que indica una forma de concha morfológicamente divergente en relación con el promedio del género, lo que podría afectar su nicho ecológico y adaptabilidad.",Wikipedia: Crucibulum (gastropod) | Wikipedia: Crucibulum
Hormospira_maculosa,25.923,"Hormospira maculosa is a species of marine gastropod mollusk in the family Pseudomelatomidae. Known to occur in marine environments, it is the sole species within the genus Hormospira. This species was described by G. B. Sowerby I in 1834. The taxonomy of Hormospira maculosa is as follows: Kingdom Animalia, Phylum Mollusca, Class Gastropoda, Subclass Caenogastropoda. Exact morphological details such as shell shape, size, and coloration were not specified in the sources. Hormospira maculosa is unique in its genus, and a Procrustes distance value of 259230422485577 suggests a highly divergent shell form compared to the average within its group.","Hormospira maculosa es una especie de molusco gasterópodo marino de la familia Pseudomelatomidae. Conocida por habitar entornos marinos, es la única especie dentro del género Hormospira. Esta especie fue descrita por G. B. Sowerby I en 1834. La taxonomía de Hormospira maculosa es la siguiente: Reino Animalia, Filo Mollusca, Clase Gastropoda, Subclase Caenogastropoda. Los detalles morfológicos exactos como la forma de la concha, el tamaño y la coloración no fueron especificados en las fuentes. Hormospira maculosa es única en su género, y un valor de distancia de Procrustes de 259230422485577 sugiere una forma de concha altamente divergente comparada con el promedio dentro de su grupo.",https://www.semanticscholar.org/topic/Hormospira/2609640 | WoRMS: https://www.marinespecies.org/aphia.php?p=taxdetails&id=589094
Atrimitra_effusa,253.437,"Atrimitra effusa is a species of marine gastropod mollusk belonging to the genus Atrimitra in the family Mitridae. This species is part of the group known as miter snails. While details specific to Atrimitra effusa are not provided in the sources, the genus Atrimitra includes several species suggested to have similar ecological and morphological traits, such as species like Atrimitra idae which exhibit strong, heavy shells and specialize in carnivorous feeding behaviors. The genus distribution extends from Northern California to Baja California, Mexico. The shell morphology of Atrimitra species typically includes variation in size, ranging from 20 to 60 millimeters for such species as Atrimitra idae. Atrimitra effusa, with a Procrustes distance of 253437, indicates a morphologically divergent shell form compared to the typical forms within its genus, suggesting unique adaptations or morphological characteristics. No WoRMS data was available specifically for Atrimitra effusa.","Atrimitra effusa es una especie de molusco gasterópodo marino perteneciente al género Atrimitra de la familia Mitridae. Esta especie forma parte del grupo conocido como caracoles mitra. Aunque los detalles específicos para Atrimitra effusa no se proporcionan en las fuentes, el género Atrimitra incluye varias especies que se sugieren tener características ecológicas y morfológicas similares, como especies como Atrimitra idae que exhiben conchas fuertes y pesadas y se especializan en comportamientos alimenticios carnívoros. La distribución del género se extiende desde el norte de California hasta Baja California, México. La morfología de la concha de las especies de Atrimitra generalmente incluye variaciones en tamaño, que van de 20 a 60 milímetros para especies como Atrimitra idae. Atrimitra effusa, con una distancia de Procrustes de 253437, indica una forma de concha morfológicamente divergente en comparación con las formas típicas dentro de su género, lo que sugiere adaptaciones únicas o características morfológicas. No se disponía de datos de WoRMS específicamente para Atrimitra effusa.",Wikipedia: Atrimitra effusa | Wikipedia: Atrimitra
Hypterita_helicoides,25.219,"Hypterita helicoides belongs to the Kingdom Animalia, Phylum Mollusca, Class Gastropoda, Order Littorinimorpha, Superfamily Naticoidea, and Family Naticidae, Subfamily Polinicinae. This species was originally described by Gray in 1825. It falls under the subclass Caenogastropoda within the broader classification. The Procrustes distance to mean shape for this species is noted to be 25218991345994700, marking it as having a highly divergent shell form compared to the group average. As part of the Naticidae family, commonly known as moon snails, these gastropods are characterized by a generally globular shell shape. Naticidae members are known for their predatory habits, primarily hunting bivalves. Their shells exhibit boring holes produced to access the prey inside.","Hypterita helicoides pertenece al Reino Animalia, Filo Mollusca, Clase Gastropoda, Orden Littorinimorpha, Superfamilia Naticoidea y Familia Naticidae, Subfamilia Polinicinae. Esta especie fue descrita originalmente por Gray en 1825. Se encuentra en la subclase Caenogastropoda dentro de la clasificación más amplia. La distancia de Procrustes a la forma media para esta especie se observa en 25218991345994700, lo que la marca como una forma de concha altamente divergente en comparación con el promedio del grupo. Como parte de la familia Naticidae, comúnmente conocida como caracoles lunares, estos gasterópodos se caracterizan por una forma de concha generalmente globular. Los miembros de Naticidae son conocidos por sus hábitos depredadores, cazando principalmente bivalvos. Sus conchas presentan perforaciones realizadas para acceder a la presa en su interior.",Wikipedia: Polinices | Wikipedia: Naticidae | WoRMS: https://marinespecies.org
Mazatlania_fulgurata,25.128,"Mazatlania fulgurata is a species of sea snail in the family Columbellidae, commonly known as the dove snails. It falls under the kingdom Animalia, phylum Mollusca, and class Gastropoda. Within Gastropoda, it is part of the subclass Caenogastropoda and the order Neogastropoda. Mazatlania fulgurata was originally described by R. A. Philippi in 1846. This species is associated with the Eastern Pacific, but specific distribution and morphological details were not recovered from the available sources.","Mazatlania fulgurata es una especie de caracol marino de la familia Columbellidae, comúnmente conocida como los caracoles paloma. Pertenece al reino Animalia, phylum Mollusca y clase Gastropoda. Dentro de los Gastropoda, es parte de la subclase Caenogastropoda y el orden Neogastropoda. Mazatlania fulgurata fue descrita originalmente por R. A. Philippi en 1846. Esta especie está asociada con el Pacífico Oriental, pero no se recuperaron detalles específicos de distribución y morfología de las fuentes disponibles.",WoRMS: https://www.marinespecies.org/ | MolluscaBase: https://www.molluscabase.org/
Hesperaptyxis_ambustus,250.714,"Hesperaptyxis ambustus is a species of marine gastropod mollusk in the family Fasciolariidae, commonly known as spindle snails or tulip snails. It is a part of the genus Hesperaptyxis, which includes several related species. The shell morphology of Hesperaptyxis ambustus is typical of many spindle snails, suggesting a range of sizes with characteristic spiraling and elongated form. It exhibits significant morphological variation compared to the average group form, as indicated by its high Procrustes distance, making it a divergent form within the genus. This species is known in the Eastern Pacific region, although specific details on its ecological roles, feeding behavior, or reproductive strategies are not detailed in the available literature.","Hesperaptyxis ambustus es una especie de molusco gasterópodo marino de la familia Fasciolariidae, comúnmente conocida como caracoles huso o caracoles tulipán. Es parte del género Hesperaptyxis, que incluye varias especies relacionadas. La morfología de la concha de Hesperaptyxis ambustus es típica de muchos caracoles huso, sugiriendo un rango de tamaños con espirales y forma alargada característica. Muestra una variación morfológica significativa en comparación con la forma promedio del grupo, como lo indica su alta distancia de Procrustes, lo que la convierte en una forma divergente dentro del género. Esta especie se conoce en la región del Pacífico oriental, aunque los detalles específicos sobre sus roles ecológicos, comportamiento alimentario o estrategias reproductivas no están detallados en la literatura disponible.",Wikipedia: Hesperaptyxis ambustus | Wikipedia: Hesperaptyxis
Eupleura_nitida,24.497,"Eupleura nitida is a species of sea snail in the family Muricidae, commonly known as murex or rock snails. The genus Eupleura comprises marine gastropod mollusks characterized by their distinct shell morphology. Specific data on the shell morphology, ecology, and habitat preferences of Eupleura nitida are not detailed in the available sources. However, its classification within the Muricidae family suggests it has similar attributes to other rock snails, which are generally predatory and found in marine environments. The Procrustes distance to mean shape for Eupleura nitida is 24497, indicating a shell form that is morphologically divergent compared to the average shape within its group.","Eupleura nitida es una especie de caracol marino de la familia Muricidae, conocida comúnmente como caracoles murex o roca. El género Eupleura comprende moluscos gasterópodos marinos caracterizados por su morfología distintiva de concha. No se detallan datos específicos sobre la morfología de la concha, la ecología y las preferencias de hábitat de Eupleura nitida en las fuentes disponibles. Sin embargo, su clasificación dentro de la familia Muricidae sugiere que tiene atributos similares a otros caracoles de roca, que generalmente son depredadores y se encuentran en ambientes marinos. La distancia Procrustes a la forma media para Eupleura nitida es de 24497, lo que indica una forma de concha que es morfológicamente divergente en comparación con la forma promedio dentro de su grupo.",Wikipedia: Eupleura nitida | Wikipedia: Eupleura
Crassispira_tepocana,243.586,"Crassispira tepocana is a species of marine gastropod mollusk in the family Pseudomelatomidae. The shell of Crassispira tepocana attains a length of 19 mm and a diameter of 8 mm. It is described as solid with a livid purple coloration under a very dark olive periostracum. The shell consists of about six whorls, excluding the lost protoconch. The suture is strongly appressed behind a constricted anal fasciole. The spiral sculpture includes strong, flattish threads, which are equal all over the surface and are without intercalary striae. The axial sculpture consists of sharp-edged, narrow, nearly straight ribs with much wider interspaces. The shell has a narrow aperture that is dark purple, with a short anal sulcus that is rounded and shows a strong subsutural callus. The outer lip is thin, slightly arcuate, and smooth within, with a feeble varix behind it. The short siphonal canal is hardly differentiated from the aperture with a deep siphonal sulcus forming an evident fasciole. Notably, the Procrustes distance of 243586 suggests this shell is morphologically divergent from the typical group average within its genus. This species is distributed in the Pacific Ocean from Sonora, Mexico to Panama.","Crassispira tepocana es una especie de molusco gasterópodo marino de la familia Pseudomelatomidae. La concha de Crassispira tepocana alcanza una longitud de 19 mm y un diámetro de 8 mm. Se describe como sólida con una coloración púrpura lívida bajo un perióstraco de color oliva muy oscuro. La concha consta de aproximadamente seis vueltas, excluyendo el protoconcha perdido. La sutura está fuertemente aplicada detrás de un fasciole anal constreñido. La escultura espiral incluye hilos fuertes y aplanados, que son iguales en toda la superficie y sin estrías intercaladas. La escultura axial consiste en costillas estrechas de borde afilado, casi rectas, con interespacios mucho más anchos. La concha tiene una apertura estrecha de color púrpura oscuro, con un surco anal corto que es redondeado y muestra un callo subsutural fuerte. El labio externo es delgado, ligeramente arqueado y liso dentro, con un débil varix detrás de él. El canal sifonal corto apenas se diferencia de la apertura con un surco sifonal profundo formando un fasciole evidente. Notablemente, la distancia de Procrustes de 243586 sugiere que esta concha es morfológicamente divergente del promedio típico del grupo dentro de su género. Esta especie se distribuye en el Océano Pacífico desde Sonora, México hasta Panamá.",Wikipedia: Crassispira tepocana | Wikipedia: Crassispira
Caecum_quadratum,242.287,"Caecum quadratum is a species classified within the Kingdom Animalia, Phylum Mollusca, Class Gastropoda, Subclass Caenogastropoda, Order Littorinimorpha. It belongs to the family Caecidae. The genus Caecum is known for being composed of minute marine gastropod micromolluscs, often referred to as blind shells because the animals have reduced or absent eyes. Specific morphological details, geographic distribution, and ecological information for Caecum quadratum were not explicitly available in the consulted sources.","Caecum quadratum es una especie clasificada dentro del Reino Animalia, Filum Mollusca, Clase Gastropoda, Subclase Caenogastropoda, Orden Littorinimorpha. Pertenece a la familia Caecidae. El género Caecum es conocido por estar compuesto de micromoluscos gasterópodos marinos diminutos, a menudo denominados conchas ciegas porque los animales tienen ojos reducidos o ausentes. No se encontraron detalles morfológicos específicos, distribución geográfica ni información ecológica para Caecum quadratum en las fuentes consultadas.",SerpAPI: https://serpapi.com/search?q=Caecum+quadratum+gastropod+shell+morphology+taxonomy | WoRMS: SerpAPI: https://serpapi.com/search?q=Caecum+quadratum+site%3Amarinespecies.org+OR+site%3Amolluscabase.org
Calyptraea_conica,240.935,"Calyptraea conica, also known as a member of the family Calyptraeidae, is a species within the class Gastropoda. This class belongs to the phylum Mollusca and the kingdom Animalia. Commonly referred to as 'Chinese hat snails,' members of the genus Calyptraea exhibit a unique conical shell shape reminiscent of traditional East Asian headwear, which is the basis for their common name.

The morphology of Calyptraea conica features a conical shell, which may vary significantly from the average shape of its group, as indicated by a high Procrustes distance value of 24093466879119700, suggesting a more distinctive form. The classification of this species within the family Calyptraeidae highlights its relationship to the superfamily Calyptraeoidea and the order Littorinimorpha.","Calyptraea conica, también conocido como miembro de la familia Calyptraeidae, es una especie dentro de la clase Gastropoda. Esta clase pertenece al filo Mollusca y al reino Animalia. Comúnmente referido como 'caracoles sombrero chino,' los miembros del género Calyptraea exhiben una forma de concha cónica única que recuerda al atuendo tradicional asiático oriental, lo cual es la base de su nombre común.

La morfología de Calyptraea conica presenta una concha cónica, que puede variar significativamente de la forma media de su grupo, como lo indica un alto valor de distancia de Procrustes de 24093466879119700, sugiriendo una forma más distintiva. La clasificación de esta especie dentro de la familia Calyptraeidae resalta su relación con la superfamilia Calyptraeoidea y el orden Littorinimorpha.",https://www.serpapi.com/search.json?q=Calyptraea+conica+gastropod+shell+morphology+taxonomy | WoRMS: https://www.serpapi.com/search.json?q=Calyptraea+conica+site%3Amarinespecies.org+OR+site%3Amolluscabase.org
Kurtziella_antiochroa,24.058,"Kurtziella antiochroa is a species of sea snail, a marine gastropod mollusk in the family Mangeliidae. The shell length varies between 6 mm and 10 mm, and has a diameter of 3 mm. This species is found in marine environments between Panama and Ecuador. Shell morphology includes a coiled structure typical of many gastropods, but the Procrustes distance of 24058 suggests that its shell form is more divergent relative to the group average. The genus Kurtziella includes small, predatory sea snails, and was previously categorized under the family Conidae before a genetic revision in 2011.","Kurtziella antiochroa es una especie de caracol marino, un molusco gasterópodo marino de la familia Mangeliidae. La longitud de la concha varía entre 6 mm y 10 mm, y tiene un diámetro de 3 mm. Esta especie se encuentra en ambientes marinos entre Panamá y Ecuador. La morfología de la concha incluye una estructura enrollada típica de muchos gasterópodos, pero la distancia de Procrustes de 24058 sugiere que su forma es más divergente en comparación con el promedio del grupo. El género Kurtziella incluye pequeños caracoles marinos depredadores, y previamente estaba categorizado bajo la familia Conidae antes de una revisión genética en 2011.",Wikipedia: Kurtziella antiochroa | Wikipedia: Kurtziella
Murexsul_armatus,236.235,"Murexsul armatus is a species of sea snail, a marine gastropod mollusk in the family Muricidae. In terms of taxonomy, it belongs to the Kingdom Animalia, Phylum Mollusca, Class Gastropoda, Subclass Caenogastropoda, and the Order Neogastropoda. The species was first described by A. Adams in 1854. The higher Procrustes distance to the mean shape at ""23623455700002900"" suggests a more divergent shell form from the group average.","Murexsul armatus es una especie de caracol marino, un molusco gasterópodo marino de la familia Muricidae. En términos de taxonomía, pertenece al Reino Animalia, al Filo Mollusca, a la Clase Gastropoda, a la Subclase Caenogastropoda, y al Orden Neogastropoda. La especie fue descrita por primera vez por A. Adams en 1854. La mayor distancia de Procrustes al valor medio de la forma en ""23623455700002900"" sugiere una forma de concha más divergente del promedio del grupo.",WoRMS: https://www.marinespecies.org
Agaronia_testacea,234.047,"Agaronia testacea, commonly known as the Panama false olive, is a marine gastropod mollusk in the family Olividae. The shell measures between 25 mm and 66 mm in length, showcasing a conical shape with a pointed apex. It is smooth and shiny, presenting color variations from cream to light brown, with dark brown or black spots or streaks. The shell's interior is white or pale yellow. The foot of Agaronia species is long, pointed, and accompanied by side-lobes that are moderate and acute. A. testacea is found along the western coast of North America, from Alaska to Baja California, inhabiting rocky intertidal zones where it clings to hard surfaces. Its distribution extends throughout the Pacific Ocean from the Gulf of California to Peru. Fossils have identified its historical presence in Pliocene strata of Costa Rica, and Miocene strata of Colombia, Panama, and Venezuela. The snail feeds on algae and small organisms using its radula, a characteristic feeding mechanism in gastropods. The shell of A. testacea exhibits a significant Procrustes distance from the mean shape, indicating a distinct morphological divergence within its group.","Agaronia testacea, conocida comúnmente como la falsa oliva de Panamá, es un molusco gasterópodo marino de la familia Olividae. La concha mide entre 25 mm y 66 mm de largo, mostrando una forma cónica con un ápice puntiagudo. Es lisa y brillante, presentando variaciones de color desde crema hasta marrón claro, con manchas o rayas marrón oscuro o negras. El interior de la concha es blanco o amarillo pálido. El pie de las especies de Agaronia es largo, puntiagudo y está acompañado por lóbulos laterales que son moderados y agudos. A. testacea se encuentra a lo largo de la costa occidental de América del Norte, desde Alaska hasta Baja California, habitando zonas intermareales rocosas donde se aferra a superficies duras. Su distribución se extiende a lo largo del Océano Pacífico desde el Golfo de California hasta Perú. Los fósiles han identificado su presencia histórica en los estratos del Plioceno de Costa Rica y en los estratos del Mioceno de Colombia, Panamá y Venezuela. El caracol se alimenta de algas y pequeños organismos usando su rádula, un mecanismo característico de alimentación en los gasterópodos. La concha de A. testacea exhibe una distancia significativa de Procrustes respecto a la forma media, indicando una divergencia morfológica distintiva dentro de su grupo.",Wikipedia: Agaronia testacea | Wikipedia: Agaronia
Crucibulum_spinosum,228.357,"Crucibulum spinosum, known as the spiny cup-and-saucer snail, is a marine gastropod mollusk in the family Calyptraeidae. It has a shell width of 44.6 mm. This species is native to the west coast of the Americas, ranging from California to Chile, and has been introduced and established in Hawaii. The species belongs to the genus Crucibulum, which is characterized by its shaped shells commonly referred to as cup-and-saucer snails.

The high Procrustes distance to the mean shape of 228357 suggests that the shell form of Crucibulum spinosum is more divergent compared to the average form within its group.","Crucibulum spinosum, conocido como el caracol espinoso de taza y platillo, es un molusco gasterópodo marino de la familia Calyptraeidae. Tiene un ancho de concha de 44.6 mm. Esta especie es nativa de la costa oeste de las Américas, desde California hasta Chile, y se ha introducido y establecido en Hawái. La especie pertenece al género Crucibulum, que se caracteriza por sus conchas con forma comúnmente referidas como caracoles de taza y platillo.

La alta distancia Procrustes al promedio de la forma de 228357 sugiere que la forma de la concha de Crucibulum spinosum es más divergente en comparación con la forma promedio dentro de su grupo.",Wikipedia: Crucibulum spinosum | Wikipedia: Crucibulum
Lobatus_peruvianus,217.991,"Lobatus peruvianus, commonly known as the Peruvian conch or the cock's comb conch, is a large marine gastropod mollusk in the family Strombidae. It inhabits the tropical coastal waters of the Eastern Pacific Ocean, including regions such as the Gulf of California, Mexico, Pacific Panama, Nicaragua, Costa Rica, Ecuador, and Peru. L. peruvianus resides in sandy substrates at depths up to 130 feet.

The shell of Lobatus peruvianus is substantial, with a size range from 60 to 210 mm. Characteristic features include a heavy shell with a depressed spire and a prominent tip. The outer lip of the shell is highly ornamental. Its coloration includes tan and light brown on the exterior, with potential pink tones, while the inner and outer lips appear in shades of cream, pink, or white. The morphological form of L. peruvianus is considered divergent within its classification, suggested by a high Procrustes distance.

This species is an algivore, consuming primarily algae found on the sea floor, and occasionally detritus. Movement is facilitated by their muscular foot, enabling them to navigate the sand and aid in predator evasion through disruptively scented trails. L. peruvianus matures slowly, requiring up to five years to reach maturity, and individuals can live from ten to thirty years.

Peruvian conchs are often exploited as a protein source along the Pacific coast, and their shells are sometimes used as trumpets. Due to their slow growth and late reproduction, they are susceptible to overfishing.","Lobatus peruvianus, conocido comúnmente como caracol peruano o concha de peine de gallo, es un gran molusco gasterópodo marino de la familia Strombidae. Habita en las aguas costeras tropicales del Océano Pacífico Oriental, incluyendo regiones como el Golfo de California, México, Panamá Pacífica, Nicaragua, Costa Rica, Ecuador y Perú. L. peruvianus reside en sustratos arenosos a profundidades de hasta 130 pies.

La concha de Lobatus peruvianus es sustancial, con un rango de tamaño de 60 a 210 mm. Las características distintivas incluyen una concha pesada con una espira deprimida y una punta prominente. El labio exterior de la concha es altamente ornamental. Su coloración incluye tonos en la gama de marrón claro y rosado en el exterior, mientras que el interior y los labios externos aparecen en tonos crema, rosa o blanco. La forma morfológica de L. peruvianus se considera divergente dentro de su clasificación, como lo sugiere una alta distancia de Procrustes.

Esta especie es algívora, consumiendo principalmente algas encontradas en el fondo marino y, ocasionalmente, detritus. El movimiento se facilita por su pie muscular, lo que les permite navegar por la arena y ayudar en la evasión de depredadores a través de senderos aromáticos disruptivos. L. peruvianus madura lentamente, requiriendo hasta cinco años para alcanzar la madurez, y los individuos pueden vivir de diez a treinta años.

Las conchas peruanas a menudo se explotan como fuente de proteínas a lo largo de la costa del Pacífico, y sus conchas a veces se utilizan como trompetas. Debido a su lento crecimiento y reproducción tardía, son susceptibles a la sobrepesca.",Wikipedia: Lobatus peruvianus | Wikipedia: Lobatus
Antisabia_panamensis,21.717,"Antisabia panamensis is a species of small sea snails within the family Hipponicidae, known for their hoof-shaped shells, common in warm seas worldwide. Species in this genus are typically sedentary and exhibit a commensal lifestyle, living on the underside of stones or loosely attached to larger gastropods or invertebrates. This mode of life leads to features such as thin basal plates, elongated snouts, and small osphradia. Members of Antisabia live in colonies with a few larger females surrounded by many smaller males. The reproductive strategy includes storing the egg mass within the female shell, from which young emerge at the crawling stage. Given the Procrustes distance of 21717, Antisabia panamensis presents a morphologically divergent shell from the mean shape of the group, implying unusual or unique features compared to its relatives.","Antisabia panamensis es una especie de pequeños caracoles marinos dentro de la familia Hipponicidae, conocidos por sus conchas con forma de casco, comunes en mares cálidos de todo el mundo. Las especies de este género son típicamente sedentarias y exhiben un estilo de vida comensal, viviendo en la parte inferior de piedras o adheridas de manera suelta a gasterópodos o invertebrados más grandes. Este modo de vida lleva a características como placas basales delgadas, hocicos alargados y osfradios pequeños. Los miembros de Antisabia viven en colonias con unas pocas hembras más grandes rodeadas de muchos machos más pequeños. La estrategia reproductiva incluye almacenar la masa de huevos dentro de la concha de la hembra, de la cual los jóvenes emergen en la etapa de arrastramiento. Dada la distancia Procrustes de 21717, Antisabia panamensis presenta una concha morfológicamente divergente de la forma media del grupo, lo que implica características inusuales o únicas en comparación con sus parientes.",Wikipedia: Antisabia panamensis | Wikipedia: Antisabia
Calyptraea_spirata,214.182,"Calyptraea spirata is a marine gastropod mollusk belonging to the family Calyptraeidae, which is known for species such as slipper snails, cup-and-saucer snails, and Chinese hat snails. This species exhibits a shell morphology that is notably divergent from the average within its genus, as indicated by a Procrustes distance to mean shape of 214182. Morphologically, species within the genus Calyptraea generally present a coiled shell resembling the shape of a Chinese hat, with variations in terms of whorls and aperture which can be significant for species identification. The shell coloration and patterns can vary, often exhibiting subtle shades and markings typical to marine gastropods. Members of this genus usually inhabit marine environments, preferring substrates that allow for attachment, and are distributed in various oceanic regions including the Eastern Pacific. The genus Calyptraea can display varied feeding behaviors as gastropods, typically grazing on biofilm or detritus present in their habitat.","Calyptraea spirata es un molusco gasterópodo marino perteneciente a la familia Calyptraeidae, conocida por especies como los caracoles de zapatilla, los caracoles taza y platillo y los caracoles sombrero chino. Esta especie exhibe una morfología de la concha que es notablemente divergente del promedio dentro de su género, como lo indica una distancia de Procrustes a la forma media de 214182. Morfológicamente, las especies del género Calyptraea generalmente presentan una concha enrollada que se asemeja a la forma de un sombrero chino, con variaciones en términos de espirales y apertura que pueden ser significativas para la identificación de especies. La coloración y los patrones de la concha pueden variar, exhibiendo a menudo matices sutiles y marcas típicas de los gasterópodos marinos. Los miembros de este género suelen habitar entornos marinos, prefiriendo sustratos que permitan la adhesión, y se distribuyen en varias regiones oceánicas, incluido el Pacífico Oriental. El género Calyptraea puede mostrar comportamientos alimentarios variados como gasterópodos, típicamente pastando en la biopelícula o detritos presentes en su hábitat.",Wikipedia: List of marine molluscs of Angola | Wikipedia: Calyptraea
Crassispira_discors,208.347,"Crassispira discors is a species of sea snail within the family Pseudomelatomidae. This marine gastropod is found from the Sea of Cortez, Western Mexico to Ecuador. The shell reaches a length of 35 mm, indicative of a high-spired form typical of the genus Crassispira. Shells in this genus often possess a tall spire, a subsutural keel, and narrow axial ribs overridden by spirals that form beads or nodules. Crassispira shells also have a distinct deep anal sinus located on a subsutural ramp, bordered by a raised rib. A notable feature of Crassispira discors is its Procrustes distance to mean shape, which is 208347, suggesting a more divergent shell form compared to the average shapes in its group. The species appears to share morphological similarities with Crassispira flavocarinata, as the latter has a similar shell sculpture.","Crassispira discors es una especie de caracol marino dentro de la familia Pseudomelatomidae. Este molusco gasterópodo marino se encuentra desde el Mar de Cortés, México Occidental, hasta Ecuador. La concha alcanza una longitud de 35 mm, indicativa de una forma de espiral alta típica del género Crassispira. Las conchas de este género suelen poseer una espiral alta, un quilla subsutural y costillas axiales estrechas superpuestas por espirales que forman cuentas o nódulos. Las conchas de Crassispira también tienen un seno anal profundo distinto ubicado en una rampa subsutural, bordeado por una costilla elevada. Una característica notable de Crassispira discors es su distancia de Procrustes respecto a la forma media, que es de 208347, lo que sugiere una forma divergente de la concha en comparación con las formas promedio en su grupo. La especie parece compartir similitudes morfológicas con Crassispira flavocarinata, ya que esta última tiene una escultura de concha similar.",Wikipedia: Crassispira discors | Wikipedia: Crassispira
Crucibulum_concameratum,208.282,"Crucibulum concameratum, described by Reeve in 1859, is a marine gastropod mollusk belonging to the family Calyptraeidae. It is commonly known as a 'cup-and-saucer snail.' The genus Crucibulum is characterized by its distinctive shape resembling a small cup or shelter, often with a deep central cavity. The species within this genus typically exhibit this characteristic form. Crucibulum concameratum demonstrates a significant Procrustes distance to the mean shape of 208282, indicating a morphologically divergent shell form compared to other members of its taxonomic group.","Crucibulum concameratum, descrito por Reeve en 1859, es un molusco gasterópodo marino perteneciente a la familia Calyptraeidae. Es comúnmente conocido como un 'caracol de taza y platillo'. El género Crucibulum se caracteriza por su forma distintiva que recuerda a una pequeña taza o refugio, a menudo con una cavidad central profunda. Las especies dentro de este género generalmente exhiben esta forma característica. Crucibulum concameratum demuestra una distancia Procrustes a la forma promedio de 208282, lo que indica una forma de concha morfológicamente divergente en comparación con otros miembros de su grupo taxonómico.",Wikipedia: Crucibulum (gastropod) | Wikipedia: Crucibulum
Agaronia_propatula,20.673,"Agaronia propatula is a marine gastropod mollusk in the family Olividae, commonly referred to as the olives. The shell of Agaronia propatula is ovate-oblong and slightly swollen towards the base with a pale ochraceous color. It is decorated with sparse longitudinal zigzag brown lines and darker transverse hair-like lines, along with scattered spots. The rim of the shell is spread out and prominently grooved underneath. The base of the shell features a carinated midsection. This species occurs in the Pacific Ocean off Central America, as well as along the coasts of Colombia and Ecuador.

Agaronia propatula exhibits a Procrustes distance of 20673, indicating a morphologically divergent shell form compared to the group average within its genus. Members of the genus Agaronia typically possess a thin shell with an oliviform shape and a wide aperture that is effuse anteriorly. They are adapted to a variety of tropical and subtropical marine environments worldwide, generally inhabiting shallow waters and favoring sandy and muddy substrates.","Agaronia propatula es un molusco gasterópodo marino de la familia Olividae, comúnmente conocida como las aceitunas. La concha de Agaronia propatula es ovada-oblonga y ligeramente hinchada hacia la base, con un color ocre pálido. Está decorada con líneas marrones zigzagueantes longitudinales dispersas y líneas más oscuras a modo de cabello en la dirección transversal, junto con manchas dispersas. El borde de la concha se extiende y presenta un prominente surco por debajo. La base de la concha muestra una sección media carinada. Esta especie se encuentra en el Océano Pacífico frente a América Central, así como a lo largo de las costas de Colombia y Ecuador.

Agaronia propatula exhibe una distancia de Procrustes de 20673, indicando una forma de concha morfológicamente divergente en comparación con el promedio del grupo dentro de su género. Los miembros del género Agaronia generalmente poseen una concha delgada con una forma oliviforme y una amplia abertura que es efusa anteriormente. Están adaptados a una variedad de ambientes marinos tropicales y subtropicales en todo el mundo, generalmente habitando en aguas poco profundas y prefiriendo sustratos arenosos y fangosos.",Wikipedia: Agaronia propatula | Wikipedia: Agaronia
Crassispira_incrassata,206.132,"Crassispira incrassata is a species of sea snail in the family Pseudomelatomidae. They belong to the genus Crassispira, which consists of small predatory sea snails known for their narrow, high-spired shells. Members of this genus first appeared in the fossil record approximately 48.6 million years ago during the Eocene epoch and continue to exist today. The species was first described in 1834 by a British conchologist.","Crassispira incrassata es una especie de caracol marino de la familia Pseudomelatomidae. Pertenecen al género Crassispira, que está compuesto por pequeños caracoles marinos depredadores conocidos por sus conchas estrechas y de espiral alta. Los miembros de este género aparecieron por primera vez en el registro fósil hace aproximadamente 48.6 millones de años durante el Eoceno y continúan existiendo hoy en día. La especie fue descrita por primera vez en 1834 por un conchólogo británico.",https://serpapi.com/search/Crassispira incrassata gastropod shell morphology taxonomy | WoRMS: https://serpapi.com/search/Crassispira incrassata site:marinespecies.org OR site:molluscabase.org
Agaronia_griseoalba,201.482,"Agaronia griseoalba is a species of marine gastropod mollusk in the family Olividae, commonly known as the olives. The shell length of this species ranges between 36 mm and 39 mm. The shell is oliviform with a relatively short spire, occupying about one-third of the total shell length. The aperture is moderately expanded, and the outer lip is somewhat thick, adhering slightly at the top. The shell exterior is greyish-white with faint grey shadows along growth lines, and vertical rows of pale brown spots on the initial part of the body whorl that fade towards the end. There are occasional reddish-brown spots near the aperture wall's upper end. The basal band is white with a yellowish tint in the lower half, and the columellar folds are pure white. The species has a distinctive chestnut brown interior lip, sometimes interrupted by grey patches, while the inner edge of the aperture is unmarked white. Agaronia griseoalba inhabits the Mexican part of the North Pacific Ocean, as well as waters off Costa Rica, Panama, Nicaragua, and El Salvador. Generally found in shallow waters and sandy substrates, members of the genus Agaronia display adaptability to various marine environments. The shell's Procrustes distance of 201482 suggests it is morphologically divergent compared to the average Agaronia shell.","Agaronia griseoalba es una especie de molusco gasterópodo marino de la familia Olividae, comúnmente conocidos como olivas. La longitud de la concha de esta especie varía entre 36 mm y 39 mm. La concha es oliviforme con una espira relativamente corta, ocupando aproximadamente un tercio de la longitud total de la concha. La abertura está moderadamente expandida, y el labio exterior es algo grueso, adheriéndose ligeramente en la parte superior. El exterior de la concha es de color blanco grisáceo con sombras grises tenues a lo largo de las líneas de crecimiento, y hileras verticales de manchas marrón pálido en la parte inicial de la vuelta corporal que se desvanecen hacia el final. Hay manchas ocasionales de color marrón rojizo cerca del extremo superior de la pared de la abertura. La banda basal es blanca con un tono amarillo en la mitad inferior, y los pliegues columelares son completamente blancos. La especie tiene un distintivo labio interior de color marrón castaño, algunas veces interrumpido por parches grises, mientras que el borde interior de la abertura es blanco sin marcas. Agaronia griseoalba habita la parte mexicana del Océano Pacífico Norte, así como las aguas de Costa Rica, Panamá, Nicaragua y El Salvador. Generalmente se encuentra en aguas poco profundas y sustratos arenosos, los miembros del género Agaronia muestran adaptabilidad a diversos entornos marinos. La distancia de Procrustes de la concha de 201482 sugiere que es morfológicamente divergente en comparación con la concha promedio de Agaronia.",Wikipedia: Agaronia griseoalba | Wikipedia: Agaronia
Aspella_pyramidalis,1.997.248,"Aspella pyramidalis is a marine gastropod within the Kingdom Animalia, Phylum Mollusca, and Class Gastropoda. It belongs to the Subclass Caenogastropoda, Order Neogastropoda, and Superfamily Muricoidea. The detailed morphological characteristics, geographic distribution, and ecological information of Aspella pyramidalis are not explicitly available in the consulted sources. The Procrustes distance value of 19972478241368900 suggests a highly divergent shell form from the group average, although specific morphological comparisons","Aspella pyramidalis es un gasterópodo marino dentro del Reino Animalia, Filo Mollusca y Clase Gastropoda. Pertenece a la Subclase Caenogastropoda, Orden Neogastropoda y Superfamilia Muricoidea. Las características morfológicas detalladas, la distribución geográfica e información ecológica de Aspella pyramidalis no están explícitamente disponibles en las fuentes consultadas. El valor de distancia de Procrustes de 19972478241368900 sugiere una forma de concha altamente divergente respecto al promedio del grupo, aunque no se encontraron comparaciones morfológicas específicas.",https://serpapi.com/search.json?Aspella_pyramidalis+gastropod+shell+morphology+taxonomy | WoRMS: https://serpapi.com/search.json?Aspella_pyramidalis+site%3Amarinespecies.org+OR+site%3Amolluscabase.org
Caesia_fossata,195.587,"Caesia fossata is a species in the genus Caesia, which belongs to the family Nassariidae and the subfamily Nassariinae. The shell of Caesia is bucciniform with the spire elevated and whorls that are rugose. The inner lip exhibits a spreading, corrugated callus, while the outer lip is denticulate and lirate internally, though not variced externally. The species is classified under the Kingdom Animalia, Phylum Mollusca, Class Gastropoda, Subclass Caenogastropoda. Evolutionary and phylogenetic analyses have provided insights into the Nassariidae family's systematics. The Procrustes distance value of 19558698541332100 indicates a highly divergent shell morphology from the group average, which suggests a unique shell form within the genus.","Caesia fossata es una especie del género Caesia, que pertenece a la familia Nassariidae y a la subfamilia Nassariinae. La concha de Caesia es bucciniforme, con una espira elevada y vueltas rugosas. El labio interno muestra un callo extendido y corrugado, mientras que el labio externo es denticulado y liratado internamente, aunque no presenta varices externamente. La especie está clasificada bajo el Reino Animalia, Filo Mollusca, Clase Gastropoda, Subclase Caenogastropoda. Los análisis evolutivos y filogenéticos han proporcionado información sobre la sistemática de la familia Nassariidae. El valor de distancia de Procrustes de 19558698541332100 indica una morfología de concha altamente divergente del promedio del grupo, lo que sugiere una forma de concha única dentro del género.",Wikipedia: Caesia (gastropod) | WoRMS: https://www.marinespecies.org/aphia.php?p=taxdetails&id=572965
Crucibulum_scutellatum,1.953.803,"Crucibulum scutellatum is a species of sea snail in the family Calyptraeidae, commonly known as cup-and-saucer snails. Taxonomically, it belongs to the Kingdom Animalia, Phylum Mollusca, Class Gastropoda, Clade Caenogastropoda, and Order Littorinimorpha. This species was first described by W. Wood in 1828. The Procrustes distance, indicating shell morphological divergence, is notably large for Crucibulum scutellatum, suggesting a distinct shell form compared to the group average. However, specific details about its shell morphology, geographic distribution, and ecology","Crucibulum scutellatum es una especie de caracol marino de la familia Calyptraeidae, comúnmente conocida como caracoles cuenco y platillo. Taxonómicamente, pertenece al Reino Animalia, Filo Mollusca, Clase Gastropoda, Clado Caenogastropoda y Orden Littorinimorpha. Esta especie fue descrita por primera vez por W. Wood en 1828. La distancia de Procrustes, que indica la divergencia morfológica de la concha, es notablemente grande para Crucibulum scutellatum, lo que sugiere una forma de concha distinta en comparación con el promedio del grupo. Sin embargo, los detalles específicos sobre su morfología de concha, distribución geográfica y ecología no se encontraron en las fuentes consultadas.",https://www.google.com/search?q=Crucibulum+scutellatum+gastropod+shell+morphology+taxonomy | WoRMS: https://www.google.com/search?q=Crucibulum+scutellatum+site:marinespecies.org+OR+site:molluscabase.org
Hexaplex_princeps,1.950.304,"Hexaplex princeps is a species of sea snail, a marine gastropod mollusk in the family Muricidae, known as murex snails or rock snails. This species belongs to the genus Hexaplex, which is characterized by medium-sized to large shells with a solid and globose appearance. The shells typically exhibit five to eight varices which are foliaceous. Hexaplex princeps is associated with the Eastern Pacific region.","Hexaplex princeps es una especie de caracol marino, un molusco gasterópodo marino de la familia Muricidae, conocidos como caracoles murex o caracoles de roca. Esta especie pertenece al género Hexaplex, que se caracteriza por conchas de tamaño medio a grande con una apariencia sólida y globosa. Las conchas típicamente exhiben de cinco a ocho varices que son foliáceas. Hexaplex princeps se asocia con la región del Pacífico Oriental.",Wikipedia: Hexaplex princeps | Wikipedia: Hexaplex
Bostrycapulus_aculeatus,1.920.057,"Bostrycapulus aculeatus is a species of sea snail within the family Calyptraeidae, commonly known as slipper snails, slipper limpets, cup-and-saucer snails, and hat snails. This species is distributed in Florida and the Bahamas. The shell of Bostrycapulus aculeatus can grow up to a maximum length of 30 mm. It inhabits marine environments at depths ranging from 0 to 80 meters. The genus Bostrycapulus, also known as spiny slipper snails, was distinguished from the genus Crepidula based on morphological and DNA sequence data, establishing it as a monophyletic group more closely related to Crepipatella than Crepidula. Historically, members of the genus Bostrycapulus were considered a single species under the name Crepidula aculeata until further taxonomic revision. Bostrycapulus aculeatus exhibits a Procrustes distance to mean shape of 1920057, indicating a morphologically divergent shell form compared to the group average.","Bostrycapulus aculeatus es una especie de caracol marino dentro de la familia Calyptraeidae, comúnmente conocida como caracoles zapatilla, limpetas zapatilla, caracoles taza y platillo, y caracoles sombrero chino. Esta especie se distribuye en Florida y las Bahamas. La concha de Bostrycapulus aculeatus puede crecer hasta una longitud máxima de 30 mm. Habita en ambientes marinos a profundidades que van desde 0 hasta 80 metros. El género Bostrycapulus, también conocido como caracoles zapatilla espinosos, se distinguió del género Crepidula basado en datos morfológicos y de secuencia de ADN, estableciéndose como un grupo monofilético más relacionado con Crepipatella que con Crepidula. Históricamente, los miembros del género Bostrycapulus se consideraban una sola especie bajo el nombre de Crepidula aculeata hasta una revisión taxonómica ulterior. Bostrycapulus aculeatus exhibe una distancia de Procrustes a la forma media de 1920057, lo que indica una forma de concha morfológicamente divergente en comparación con el promedio del grupo.",Wikipedia: Bostrycapulus aculeatus | Wikipedia: Bostrycapulus
Knefastia_olivacea,1.916.057,"Knefastia olivacea, commonly known as the olivaceous turris, is a species of sea snail belonging to the family Pseudomelatomidae. The shell length of this marine gastropod varies between 45 mm and 60 mm, indicating significant size variability within the species. Knefastia olivacea has been reported in the marine environments ranging from the Sea of Cortez in Western Mexico to Ecuador. Additionally, its fossil record includes findings in Quaternary strata on the coast of Oaxaca, Mexico, with an age range from 0.126 to 0.012 million years ago, as well as in Pleistocene strata in Costa Rica.

The shell form of Knefastia olivacea is notably divergent, reflected by its Procrustes distance of 1916057, suggesting a greater morphological variation compared to the average shell form within its genus or related taxa. As a member of the Knefastia genus, Knefastia olivacea shares taxonomic history with turrids and allies, previously classified under the subfamily Cochlespirinae of the family Turridae.","Knefastia olivacea, comúnmente conocida como turris olivácea, es una especie de caracol marino perteneciente a la familia Pseudomelatomidae. La longitud de la concha de este molusco gasterópodo marino varía entre 45 mm y 60 mm, indicando una variabilidad de tamaño significativa dentro de la especie. Se ha reportado la presencia de Knefastia olivacea en ambientes marinos desde el Mar de Cortés en el oeste de México hasta Ecuador. Además, su registro fósil incluye hallazgos en estratos cuaternarios en la costa de Oaxaca, México, con un rango de edad de 0.126 a 0.012 millones de años, así como en estratos del Pleistoceno en Costa Rica.

La forma de la concha de Knefastia olivacea es notablemente divergente, reflejada en su distancia de Procrustes de 1916057, lo que sugiere una mayor variación morfológica en comparación con la forma promedio de conchas dentro de su género o taxa relacionados. Como miembro del género Knefastia, Knefastia olivacea comparte historia taxonómica con los turrids y aliados, anteriormente clasificada bajo la subfamilia Cochlespirinae de la familia Turridae.",Wikipedia: Knefastia olivacea | Wikipedia: Knefastia
Crucibulum_pectinatum,1.907.673,"Crucibulum pectinatum is a marine gastropod mollusk belonging to the family Calyptraeidae, commonly referred to as cup-and-saucer snails. Species within this genus exhibit a shell morphology characterized by a protoconch and spiral sculpture unique to their systematic group. This species shows a high Procrustes distance to the mean shell shape (1907673), indicating a morphologically divergent form compared to other species within the genus.

Found in marine habitats, these snails typically inhabit intertidal regions where they attach to hard substrates. The shells are known for their distinctive cup-and-saucer shape, and like other members of the Calyptraeidae, they likely exhibit sessile feeding behaviors, filtering microorganisms from the water.

The ecological role of Crucibulum species includes interactions with other marine organisms, possibly competing for space on substrates. The genus has been documented to include several species, each differentiated by subtle variations in shell architecture.","Crucibulum pectinatum es un molusco gasterópodo marino perteneciente a la familia Calyptraeidae, comúnmente conocido como caracoles de taza y platillo. Las especies dentro de este género presentan una morfología de concha caracterizada por un proto-concha y escultura espiral únicas de su grupo sistemático. Esta especie muestra una distancia de Procrustes alta respecto a la forma media de la concha (1907673), lo que indica una forma morfológicamente divergente en comparación con otras especies dentro del género.

Encontrados en hábitats marinos, estos caracoles típicamente habitan regiones intermareales donde se adhieren a sustratos duros. Las conchas son conocidas por su forma distintiva de taza y platillo, y como otros miembros de la Calyptraeidae, probablemente exhiben comportamientos alimentarios sésiles, filtrando microorganismos del agua.

El papel ecológico de las especies Crucibulum incluye interacciones con otros organismos marinos, posiblemente compitiendo por espacio en sustratos. El género ha sido documentado para incluir varias especies, cada una diferenciada por variaciones sutiles en la arquitectura de la concha.",Wikipedia: Crucibulum (gastropod) | Wikipedia: Crucibulum
Megasurcula_carpenteriana,1.904.669,"Megasurcula carpenteriana, also known as Carpenter's turrid, is a medium-sized predatory sea snail in the family Pseudomelatomidae. This species is found in the Eastern Pacific Ocean, from California, United States to Central Baja California, Mexico. The shell of M. carpenteriana is large and ponderous, likely the largest Pleurotomid known. Its adult shell length ranges from 90 to 110 mm, and it is known for its heavy build. The shell has a broadly obtuse base and is without an apparent siphonal canal. The columella features an oblique ridge, with a simple suture and a large, broadly rounded sinus near the suture. The shell surface is rough due to close-set, irregular spiral lines without longitudinal sculpturing aside from growth lines. The species Megasurcula, to which M. carpenteriana belongs, is endemic to the Pacific coast of North America and derived from the extinct genus Bathytoma.","Megasurcula carpenteriana, también conocida como turrido de Carpenter, es un caracol marino depredador de tamaño mediano de la familia Pseudomelatomidae. Esta especie se encuentra en el Océano Pacífico Oriental, desde California, Estados Unidos, hasta el Centro de Baja California, México. La concha de M. carpenteriana es grande y pesada, probablemente la más grande conocida entre los Pleurotomid. La longitud de su concha adulta varía de 90 a 110 mm y es conocida por su estructura robusta. La base de su concha es ampliamente obtusa y no tiene un canal sifonal visible. La columela presenta una cresta oblicua, con una sutura simple y un seno grande y ampliamente redondeado cerca de la sutura. La superficie de la concha es rugosa debido a líneas espirales irregulares y cercanas, sin escultura longitudinal aparte de las líneas de crecimiento. El género Megasurcula, al que pertenece M. carpenteriana, es endémico de la costa del Pacífico de América del Norte y se deriva del género extinto Bathytoma.",Wikipedia: Megasurcula carpenteriana | Wikipedia: Megasurcula
Knefastia_dalli,1.889.965,"Knefastia dalli, commonly known as Dall's turrid, is a marine gastropod mollusk belonging to the family Pseudomelatomidae. The species is found in the Sea of Cortez, Western Mexico. The shell length of Knefastia dalli ranges between 40 mm and 70 mm. It is a moderately large fusiform shell with elongated conical shape, indicative of the Knefastia genus.

In comparison to its relatives, Knefastia dalli's shell shows a relatively small Procrustes distance to the mean shape, which suggests it is somewhat typical yet slightly divergent from other shapes within its group. The genus Knefastia was previously classified under the subfamily Cochlespirinae of the family Turridae.","Knefastia dalli, comúnmente conocido como el turrid de Dall, es un molusco gasterópodo marino perteneciente a la familia Pseudomelatomidae. La especie se encuentra en el Mar de Cortés, en el oeste de México. La longitud de la concha de Knefastia dalli varía entre 40 mm y 70 mm. Es una concha fusiforme moderadamente grande con forma cónica alargada, característica del género Knefastia.

En comparación con sus parientes, la concha de Knefastia dalli muestra una distancia de Procrustes relativamente pequeña al tamaño medio, lo que sugiere que es algo típica pero ligeramente divergente de otras formas dentro de su grupo. El género Knefastia fue previamente clasificado bajo la subfamilia Cochlespirinae de la familia Turridae.",Wikipedia: Knefastia dalli | Wikipedia: Knefastia
Bailya_anomala,1.867.608,"The genus Bailya consists of sea snails within the family Pisaniidae. Bailya anomala is recognized as a species in this genus. Specific descriptions for Bailya anomala are not detailed on Wikipedia, but the genus is known for its marine gastropod mollusks, potentially exhibiting characteristics typical of the family Pisaniidae. Based on genus data, Bailya shells may exhibit elongated forms with axial ribs crossed by spiral lines. The dichotomy indicated by the Procrustes distance suggests Bailya anomala may have a shell form that significantly diverges from typical genus characteristics, indicating morphological variation.","El género Bailya consiste en caracoles marinos dentro de la familia Pisaniidae. Bailya anomala es reconocida como una especie en este género. Las descripciones específicas para Bailya anomala no están detalladas en Wikipedia, pero el género es conocido por sus moluscos gasterópodos marinos, potencialmente exhibiendo características típicas de la familia Pisaniidae. Basado en datos del género, las conchas de Bailya pueden presentar formas alargadas con costillas axiales cruzadas por líneas espirales. La dicotomía indicada por la distancia de Procrustes sugiere que Bailya anomala puede tener una forma de concha que diverge significativamente de las características típicas del género, indicando variación morfológica.",Wikipedia: Bailya | WoRMS: https://worms.org
Hexaplex_brassica,1.827.954,"Hexaplex brassica is a species of marine gastropod mollusk in the family Muricidae, known as murex snails or rock snails. The species is distributed offshore in depths of up to 55 meters from Guaymas in Mexico, extending south to Peru, and is more commonly found in Costa Rica. This genus, Hexaplex, includes shells that are solid and globose, displaying five to eight varices that are more or less foliaceous. Hexaplex brassica is characterized by its divergent shell form, as indicated by a high Procrustes distance to the mean shape, suggesting it is morphologically atypical compared to related species.","Hexaplex brassica es una especie de molusco gasterópodo marino de la familia Muricidae, conocida como caracoles Murex o caracoles de roca. La especie se distribuye en alta mar a profundidades de hasta 55 metros desde Guaymas en México, extendiéndose hacia el sur hasta Perú, y es más comúnmente encontrada en Costa Rica. Este género, Hexaplex, incluye conchas que son sólidas y globosas, mostrando de cinco a ocho vórtices que son más o menos foliáceos. Hexaplex brassica se caracteriza por su forma de concha divergente, como lo indica una alta distancia de Procrustes a la forma promedio, lo que sugiere que es morfológicamente atípica en comparación con especies relacionadas.",Wikipedia: Hexaplex brassica | Wikipedia: Hexaplex
Crepidula_norrisiarum,1.810.166,"Crepidula norrisiarum is a species belonging to the Kingdom Animalia, Phylum Mollusca, and Class Gastropoda, under the Order Littorinimorpha and Family Calyptraeidae. Members of the genus Crepidula, commonly known as slipper snails, are characterized by simple shells and a challenging taxonomy due to their plastic morphology. This particular species was described by M. B. Williamson in 1905. Specific","Crepidula norrisiarum es una especie que pertenece al Reino Animalia, Phylum Mollusca, y Clase Gastropoda, bajo el Orden Littorinimorpha y la Familia Calyptraeidae. Los miembros del género Crepidula, conocidos comúnmente como caracoles zapatilla, se caracterizan por conchas simples y una taxonomía desafiante debido a su morfología plástica. Esta especie en particular fue descrita por M. B. Williamson en 1905. Los detalles específicos sobre sus características morfológicas y de distribución no estuvieron disponibles en las fuentes consultadas.",Wikipedia: Crepidula
Crepidula_striolata,1.809.741,"Crepidula striolata belongs to the genus Crepidula, known as slipper snails or slipper limpets, which are marine gastropod mollusks within the family Calyptraeidae. The genus is known for its simple shell morphology and plasticity. These characteristics lead to challenges in taxonomy, as different species sometimes have similar shell appearances. While detailed descriptions for Crepidula striolata specifically were not found, slipper snails in this genus typically have coiled shells with an internal septum and can exhibit significant morphological diversity.

The high Procrustes distance of 1809741 indicates that the shell form of Crepidula striolata is significantly divergent from group averages within its genus, suggesting a unique shell shape compared to more typical forms. This genus is well-studied in terms of ecology and behavior, including research into protandrous sex change, which is typical to Crepidula species as it changes sex from male to female depending on environmental conditions and social interactions.","Crepidula striolata pertenece al género Crepidula, conocido como caracoles de pantufla o limpetas de pantufla, que son moluscos gasterópodos marinos de la familia Calyptraeidae. El género es conocido por su morfología de concha simple y plasticidad. Estas características conducen a desafíos en la taxonomía, ya que diferentes especies a veces tienen apariencias de concha similares. Aunque no se encontraron descripciones detalladas específicamente para Crepidula striolata, los caracoles de pantufla de este género típicamente tienen conchas enrolladas con un septo interno y pueden exhibir una diversidad morfológica significativa.

La alta distancia de Procrustes de 1809741 indica que la forma de la concha de Crepidula striolata es significativamente divergente de los promedios del grupo dentro de su género, lo que sugiere una forma de concha única en comparación con las formas más típicas. Este género está bien estudiado en términos de ecología y comportamiento, incluida la investigación sobre el cambio de sexo protándrico, que es típico de las especies de Crepidula a medida que cambian de sexo de macho a hembra dependiendo de las condiciones ambientales y las interacciones sociales.",Wikipedia: Crepidula
Littorina_sitkana,1.798.242,"Littorina sitkana is a species of small sea snail, a marine gastropod mollusc in the family Littorinidae, commonly known as winkles. It is present in the intertidal zones of the Eastern Pacific. The morphology of Littorina sitkana includes a small, coiled shell, characteristic of the genus Littorina. The shell tends to be robust to withstand the strong waves of its habitat. Specific shell morphology, such as the shape, coiling direction, and color patterns, The shell's Procrustes distance to the mean shape for Littorina sitkana is exceptionally high, indicating a significant divergence in shell form from the average shape for its group. This high Procrustes distance reflects a distinct morphological adaptation or variance within its environment.","Littorina sitkana es una especie de caracol marino pequeño, un molusco gasterópodo marino en la familia Littorinidae, comúnmente conocidos como bígaros. Está presente en las zonas intermareales del Pacífico Oriental. La morfología de Littorina sitkana incluye una concha pequeña y enrollada, característica del género Littorina. La concha tiende a ser robusta para resistir las fuertes olas de su hábitat. No se detallaron en las fuentes la morfología específica de la concha, como la forma, dirección de enrollamiento y patrones de color. La distancia Procrustes de la concha al promedio para Littorina sitkana es excepcionalmente alta, indicando una divergencia significativa en la forma de la concha con respecto a la forma promedio de su grupo. Esta alta distancia Procrustes refleja una adaptación morfológica distinta o variación dentro de su entorno.",https://serpapi.com/search/Littorina sitkana gastropod shell morphology taxonomy | WoRMS: https://serpapi.com/search/Littorina sitkana site:marinespecies.org OR site:molluscabase.org
Hesperaptyxis_cinereus,1.794.397,"Hesperaptyxis cinereus is a species of sea snail, a marine gastropod mollusc in the family Fasciolariidae, also known as spindle snails and tulip snails. The species was originally designated as Turbinella cinerea by Reeve in 1847 and is now accepted under the name Hesperaptyxis cinereus. This genus belongs to a group characterized by their elongated and fusiform shells. The higher Procrustes distance to the mean shape of 17943968612234900 suggests that Hesperaptyxis cinereus has a significantly divergent shell form compared to the average within its group.","Hesperaptyxis cinereus es una especie de caracol marino, un molusco gasterópodo marino de la familia Fasciolariidae, también conocidos como caracoles huso y caracoles tulipán. La especie fue designada originalmente como Turbinella cinerea por Reeve en 1847 y ahora se acepta bajo el nombre de Hesperaptyxis cinereus. Este género pertenece a un grupo caracterizado por sus conchas alargadas y fusiformes. La mayor distancia Procrustes al promedio de forma de 17943968612234900 sugiere que Hesperaptyxis cinereus tiene una forma de concha significativamente divergente en comparación con el promedio de su grupo.",WoRMS: https://www.marinespecies.org/aphia.php?p=taxdetails&id=883971
Anachis_vexillum,1.791.324,"Anachis vexillum, commonly known as the flag columbella, is a species of sea snail in the family Columbellidae, also known as dove snails. The shell of Anachis vexillum is acuminately oblong and somewhat turreted, yellowish in appearance and conspicuously striped longitudinally with dark-brown. It has eight whorls that are somewhat swollen at the upper part and are longitudinally ribbed. The body whorl is concavely contracted, and the aperture is small with a bluish interior. This species is found in the Gulf of California, Mexico.","Anachis vexillum, conocido comúnmente como la columbella bandera, es una especie de caracol marino de la familia Columbellidae, también conocida como caracoles paloma. La concha de Anachis vexillum es oblonga acuminada y algo turretada, de apariencia amarillenta y conspicuamente rayada longitudinalmente con marrón oscuro. Tiene ocho vueltas que están algo hinchadas en la parte superior y son acanaladas longitudinalmente. La vuelta corporal está contraída de manera cóncava, y la abertura es pequeña con un interior azulado. Esta especie se encuentra en el Golfo de California, México.",Wikipedia: Anachis vexillum | Wikipedia: Anachis
Bifurcium_bicanaliferum,1.778.963,"Bifurcium bicanaliferum is the sole species in the genus Bifurcium, belonging to the family Columbellidae, commonly known as dove snails. This species was found off the Galapagos Islands. Bifurcium bicanaliferum typically features elongated, spiral shells characteristic of the Columbellidae family. Members of this family are known for their carnivorous feeding habits and are often located in shallow tropical waters. The genus Bifurcium is noted for a relatively high Procrustes distance, suggesting that the shell morphology of Bifurcium bicanaliferum is more divergent from the average form when compared with related species. The lack of specific morphological details about Bifurcium bicanaliferum's shell precludes a detailed comparison within its family.","Bifurcium bicanaliferum es la única especie del género Bifurcium, perteneciente a la familia Columbellidae, conocidas comúnmente como caracoles paloma. Esta especie fue encontrada cerca de las Islas Galápagos. Bifurcium bicanaliferum generalmente presenta conchas espirales y alargadas, características de la familia Columbellidae. Los miembros de esta familia son conocidos por sus hábitos alimenticios carnívoros y suelen encontrarse en aguas tropicales poco profundas. El género Bifurcium destaca por una distancia de Procrustes relativamente alta, lo que sugiere que la morfología de la concha de Bifurcium bicanaliferum es más divergente de la forma promedio en comparación con especies relacionadas. La falta de detalles morfológicos específicos sobre la concha de Bifurcium bicanaliferum impide una comparación detallada dentro de su familia.",Wikipedia: Bifurcium | Wikipedia: Columbellidae
Microdaphne_trichodes,177.858,"Microdaphne trichodes is a gastropod mollusk belonging to the kingdom Animalia, phylum Mollusca, class Gastropoda, and is classified under the subclass Caenogastropoda. This species, described by Dall in 1919, is part of the complex marine biodiversity. The Procrustes distance to mean shell shape is 17785796969387800, indicating a significant divergence from the average shell form within its group, hinting at unique morphological aspects.","Microdaphne trichodes es un molusco gasterópodo perteneciente al reino Animalia, filo Mollusca, clase Gastropoda, y clasificado bajo la subclase Caenogastropoda. Esta especie, descrita por Dall en 1919, forma parte de la compleja biodiversidad marina. Desafortunadamente, la morfología detallada, el tamaño, las preferencias de hábitat y la distribución geográfica de Microdaphne trichodes no se proporcionan en la literatura disponible. La distancia Procrustes a la forma media de la concha es de 17785796969387800, lo que indica una desviación significativa de la forma promedio de la concha dentro de su grupo, lo que sugiere aspectos morfológicos únicos.",MolluscaBase: https://www.molluscabase.org/details/species/851196
Aspella_hastula,1.776.279,"Aspella hastula is a species of sea snail, a marine gastropod mollusc in the family Muricidae, known as the murex snails or rock snails. The shell of Aspella hastula exhibits an ovate-conical shape with a moderately high, pointed spire and a relatively broad body whorl, measuring typically 10–17 mm in size. The shell surface features distinct axial ribs and fine spiral ornamentation. Geographically, Aspella hastula is found in marine environments. Taxonomically, it falls under the Kingdom Animalia, Phylum Mollusca, Class Gastropoda, Subclass Caenogastropoda, and Order Neogastropoda. The Procrustes distance to mean shell shape is 1776278971017860, indicating a significantly divergent shell form from the group average.","Aspella hastula es una especie de caracol marino, un molusco gasterópodo marino de la familia Muricidae, conocido como las caracolas murex o caracolas de roca. La concha de Aspella hastula presenta una forma ovada-cónica con una espira moderadamente alta y puntiaguda, y una vuelta corporal relativamente ancha, midiendo típicamente 10-17 mm de tamaño. La superficie de la concha cuenta con costillas axiales distintas y una ornamentación espiral fina. Geográficamente, Aspella hastula se encuentra en ambientes marinos. Taxonómicamente, se ubica bajo el Reino Animalia, Filo Mollusca, Clase Gastropoda, Subclase Caenogastropoda y Orden Neogastropoda. La distancia Procrustes al promedio de forma de concha es 1776278971017860, indicando una forma de concha significativamente divergente del promedio del grupo.",Wikipedia: Aspella hastula | Wikipedia: Aspella | https://url-from-serp
Coralliophila_orcuttiana,175.301,"Coralliophila orcuttiana is a species of marine gastropod mollusk in the family Muricidae, which includes the murex and rock snails. Species within the genus Coralliophila inhabit marine environments and are often associated with corals. This particular species, like others in its genus, displays outer and inner lips of the shell that are irregular, and its aperture is not closed by extended processes. In general, the shells in the genus Coralliophila can vary significantly, indicating possible polyphyly within the group. The species has a Procrustes distance of 175301, which suggests a significant morphological divergence from the average shape within its group. These snails typically inhabit coral-rich environments, feeding in and around these structures, although specific feeding behavior for C. orcuttiana is not detailed.","Coralliophila orcuttiana es una especie de molusco gasterópodo marino de la familia Muricidae, que incluye los caracoles murex y de roca. Las especies del género Coralliophila habitan en ambientes marinos y a menudo están asociadas con corales. Esta especie en particular, al igual que otras de su género, presenta labios exteriores e interiores de la concha que son irregulares, y su apertura no está cerrada por procesos extendidos. En general, las conchas del género Coralliophila pueden variar significativamente, lo que sugiere una posible polifilia dentro del grupo. La especie tiene una distancia de Procrustes de 175301, lo que indica una divergencia morfológica significativa de la forma promedio dentro de su grupo. Estos caracoles generalmente habitan en entornos ricos en corales, alimentándose en y alrededor de estas estructuras, aunque no se detalla el comportamiento alimenticio específico para C. orcuttiana.",Wikipedia: Coralliophila orcuttiana | Wikipedia: Coralliophila
Crepidula_lessonii,1.731.318,"Crepidula lessonii, described by Broderip in 1834, belongs to the Kingdom Animalia, Phylum Mollusca, Class Gastropoda, Subclass Caenogastropoda, and Order Littorinimorpha. It is a member of the genus Crepidula within the family Calyptraeidae. Commonly referred to as slipper snails or slipper limpets, members of this genus typically possess a distinct morphology with flat, oval shells and an internal septum or shelf.

The shell of Crepidula species is generally smooth but can display some variation in ornamentation. These gastropods are primarily found in marine environments, exhibiting a preference for hard substrates. Geographically, Crepidula species, including Crepidula lessonii, are distributed in various marine habitats but specific distribution information for this species is limited.

The Procrustes distance to mean shape for Crepidula lessonii is 17313182211682100, indicating a highly divergent shell form from the average within its group. More specific morphological comparison details are unavailable from the consulted sources.","Crepidula lessonii, descrita por Broderip en 1834, pertenece al reino Animalia, filo Mollusca, clase Gastropoda, subclase Caenogastropoda y orden Littorinimorpha. Es miembro del género Crepidula dentro de la familia Calyptraeidae. Comúnmente conocidas como caracoles babosas o lapas, los miembros de este género generalmente poseen una morfología distintiva con conchas planas y ovaladas y un tabique interno.

La concha de las especies de Crepidula generalmente es lisa pero puede mostrar alguna variación en la ornamentación. Estos gasterópodos se encuentran principalmente en ambientes marinos y muestran preferencia por sustratos duros. Geográficamente, las especies de Crepidula, incluidas Crepidula lessonii, se distribuyen en varios hábitats marinos, pero la información específica de distribución para esta especie es limitada.

La distancia Procrustes a la forma media para Crepidula lessonii es 17313182211682100, lo que indica una forma de concha altamente divergente del promedio dentro de su grupo. No hay más detalles específicos de comparación morfológica disponibles de las fuentes consultadas.",WoRMS: https://marinespecies.org/aphia.php?p=taxdetails&id=574226
Agathotoma_alcippe,171.624,"Agathotoma alcippe is a species of sea snail, a marine gastropod mollusk in the family Mangeliidae. The shell length varies between 5 mm and 11 mm. It is characterized by a minute, subcylindrical, and turreted shell shape, which is either whitish or pale brownish. The protoconch has a projecting, minute subglobular apex with about 1½ smooth whorls, followed by approximately 4½ sculptured whorls in the teleoconch. The shell's spiral sculpture consists of minute, close-set threads uniformly covering the surface. The suture is distinct and appressed, with the whorls being shouldered just in front of it. The shell's axial sculpture features prominent, slightly protractively oblique ribs, with seven or eight ribs on the body whorl and wider interspaces. These ribs are prominent at the shoulder but are not continuous over the spire. The aperture is narrow, with a varicose, thick, and striated outer lip, smooth inside. The anal sulcus is conspicuous but not deep, and the siphonal canal is barely differentiated. This species occurs in the marine regions off the Sea of Cortez in Western Mexico, and off Panama and the Galápagos Islands in Ecuador. The Procrustes distance to mean shape for this species is 17162396223990200, indicating its shell form is divergent from the group average.","Agathotoma alcippe es una especie de caracol marino, un molusco gasterópodo de la familia Mangeliidae. La longitud de la concha varía entre 5 mm y 11 mm. Se caracteriza por una forma de concha minúscula, subcilíndrica y torreta, que es blanquecina o marrón pálido. El protoconcha presenta un ápice subglobular proyectado y minúsculo, con aproximadamente 1½ vueltas lisas, seguidas de aproximadamente 4½ vueltas esculpidas en el teleoconcha. La escultura espiral de la concha se compone de hilos minúsculos y densamente dispuestos que cubren uniformemente la superficie. La sutura es distinta y ajustada, con las vueltas apuntaladas justo al frente. La escultura axial de la concha presenta costillas prominentes, ligeramente oblicuas protractamente, con siete u ocho costillas en la vuelta del cuerpo y espacios mayores entre ellas. Estas costillas son prominentes en el hombro, pero no continuas sobre el espiral. La abertura es estrecha, con un labio externo varicoso, grueso y estriado, liso por dentro. El surco anal es conspicuo pero no profundo, y el canal sifonal está apenas diferenciado. Esta especie se encuentra en las regiones marinas del Mar de Cortés en el oeste de México, y frente a Panamá y las Islas Galápagos en Ecuador. La distancia Procrustes a la forma media para esta especie es 17162396223990200, lo que indica que su forma de concha es divergente del promedio del grupo.",Wikipedia: Agathotoma alcippe | Wikipedia: Agathotoma
Crepipatella_lingulata,1.708.578,"Crepipatella lingulata is a species of sea snail within the family Calyptraeidae, commonly known as slipper snails and cup-and-saucer snails. This species is native to the Pacific coast of North America, ranging from Southern California to Washington and Alaska. One distinctive feature of C. lingulata is its planktotrophic development, differing from some related species within its genus that exhibit adelphophagic development. Historically, Crepipatella lingulata was sometimes confused with C. dorsata but is now recognized as a distinct species. The shell morphology of this species diverges more significantly from the average within its group, as indicated by a high Procrustes distance of 1,708,578. Within its genus, Crepipatella was formerly grouped under Crepidula; however, genetic and anatomical research has delineated it as a separate entity.","Crepipatella lingulata es una especie de caracol marino dentro de la familia Calyptraeidae, comúnmente conocidos como caracoles babosa y caracoles taza-y-platillo. Esta especie es nativa de la costa del Pacífico de América del Norte, abarcando desde el sur de California hasta Washington y Alaska. Una característica distintiva de C. lingulata es su desarrollo planctotrófico, diferenciándose de algunas especies relacionadas dentro de su género que presentan desarrollo adelófago. Históricamente, Crepipatella lingulata fue a veces confundida con C. dorsata, pero ahora se reconoce como una especie distinta. La morfología de la concha de esta especie se desvía más significativamente del promedio dentro de su grupo, como lo indica una alta distancia Procrustes de 1,708,578. Dentro de su género, Crepipatella fue anteriormente agrupada bajo Crepidula; sin embargo, las investigaciones genéticas y anatómicas la han delimitado como una entidad separada.",Wikipedia: Crepipatella lingulata | Wikipedia: Crepipatella
Crepidula_adunca,1.694.061,"Crepidula adunca, commonly known as the ""hooked slippersnail,"" is a marine gastropod mollusk in the family Calyptraeidae. This species occurs in the Eastern Pacific Ocean, from Canada to Baja California, Mexico. It typically lives in epizootic associations, where adults attach to long-term hosts, adapting their shell shape to the host's. Crepidula adunca is more often found in packs of individuals, usually females, forming semi-permanent stacks.

Morphologically, C. adunca exhibits a shell shape that diverges from the group average, indicated by a high Procrustes distance, suggesting a unique shell form compared to its related species. As sequential hermaphrodites, they change sex from male to female during their life, with females usually larger than males. They reproduce by brooding, with young kept in capsules until hatching as crawling juveniles.

Crepidula adunca relies on suspension feeding and has adaptations such as dense cilia patches for efficient feeding. They prefer warmer climates, and recent climate changes have led to an increase in their population. Notably, they cannot voluntarily detach from their host once they reach a certain size.","Crepidula adunca, comúnmente conocida como ""caracol babosa enganchada"", es un molusco gasterópodo marino de la familia Calyptraeidae. Esta especie se encuentra en el Océano Pacífico oriental, desde Canadá hasta Baja California, México. Normalmente vive en asociaciones epizoóticas, donde los adultos se adhieren a hospedadores a largo plazo, adaptando la forma de su concha a la del hospedador. Crepidula adunca se encuentra más a menudo en grupos de individuos, generalmente hembras, formando pilas semipermanentes.

Morfologicamente, C. adunca exhibe una forma de concha que se desvía del promedio del grupo, indicado por una alta distancia de Procrustes, lo que sugiere una forma de concha única en comparación con sus especies relacionadas. Como hermafroditas secuenciales, cambian de sexo de macho a hembra durante su vida, siendo las hembras generalmente más grandes que los machos. Se reproducen incubando sus jóvenes en cápsulas hasta que eclosionan como juveniles caminantes.

Crepidula adunca depende de la alimentación por suspensión y tiene adaptaciones como parches densos de cilios para una alimentación eficiente. Prefieren climas más cálidos, y recientes cambios climáticos han provocado un aumento en su población. Notablemente, no pueden desprenderse voluntariamente de su hospedador una vez que alcanzan cierto tamaño.",Wikipedia: Crepidula adunca | Wikipedia: Crepidula
Malea_ringens,1.667.447,"Malea ringens, also known as the grinning tun, is a large sea snail in the family Tonnidae. It belongs to the kingdom Animalia, phylum Mollusca, class Gastropoda, subclass Caenogastropoda. The species was described by Swainson in 1822. Additional contextual information on its morphology and distribution is currently absent, but the Procrustes distance to the mean shape highlights its divergent shell form from the group average.","Malea ringens, también conocida como la tun sonriente, es un gran caracol marino de la familia Tonnidae. Pertenece al reino Animalia, filo Mollusca, clase Gastropoda, subclase Caenogastropoda. La especie fue descrita por Swainson en 1822. Información contextual adicional sobre su morfología y distribución está actualmente ausente, pero la distancia de Procrustes a la forma promedio resalta su forma de concha divergente del promedio del grupo.",https://www.google.com/search?q=Malea+ringens+gastropod+shell+morphology+taxonomy | WoRMS: https://www.google.com/search?q=Malea+ringens+site%3Amarinespecies.org+OR+site%3Amolluscabase.org
Glyptaesopus_phylira,1.641.253,"Glyptaesopus phylira is a species of sea snail within the family Borsoniidae. It belongs to the phylum Mollusca and class Gastropoda, subclass Caenogastropoda, and order Neogastropoda. The shell morphology of Glyptaesopus phylira is indicative of its classification within this family. The Procrustes distance of 16412532083261300 suggests a significant divergence in shell form from the group average, indicating that this species has a highly distinct shell morphology.","Glyptaesopus phylira es una especie de caracol marino de la familia Borsoniidae. Pertenece al filo Mollusca y a la clase Gastropoda, subclase Caenogastropoda y orden Neogastropoda. La morfología de la concha de Glyptaesopus phylira indica su clasificación dentro de esta familia. La distancia de Procrustes de 16412532083261300 sugiere una divergencia significativa en la forma de la concha respecto al promedio del grupo, indicando que esta especie tiene una morfología de concha altamente distintiva.",WoRMS: https://www.marinespecies.org/aphia.php?p=taxdetails&id=434206
Microcithara_harpiformis,1.640.776,"Microcithara harpiformis is a species of marine gastropod mollusk belonging to the family Columbellidae. These snails are characterized by their elongated, spiral shells. The species exhibits a Procrustes distance of 1640776, indicating significant morphological divergence from the typical group average. Members of the Columbellidae family are carnivorous, feeding primarily on small organisms and carcasses. Their distribution is widespread, with many species inhabiting shallow tropical waters. Due to the high Procrustes distance, Microcithara harpiformis likely exhibits unique shell characteristics compared to relatives in its range.","Microcithara harpiformis es una especie de molusco gasterópodo marino de la familia Columbellidae. Estos caracoles se caracterizan por sus conchas espirales y alargadas. La especie presenta una distancia de Procrustes de 1640776, lo que indica una divergencia morfológica significativa respecto al promedio típico del grupo. Los miembros de la familia Columbellidae son carnívoros, alimentándose principalmente de pequeños organismos y cadáveres. Su distribución es amplia, con muchas especies habitando aguas tropicales poco profundas. Debido a la alta distancia de Procrustes, Microcithara harpiformis probablemente exhibe características únicas en su concha en comparación con parientes en su rango.",Wikipedia: Columbella | Wikipedia: Columbellidae
Ficus_ventricosa,1.584.742,"Ficus ventricosa, commonly known as the swollen fig shell, is a species of marine gastropod mollusk in the family Ficidae. The adult shell size ranges from 70 mm to 150 mm in height. It displays a pyriform, ventricose shape with ribbed and cancellated texture. The spire is short, and the aperture is large with a smooth columella. It features an elongated straight canal and an entire thin outer lip. The shell lacks an umbilicus. This species is found in the Gulf of California off the coast of Mexico and in the Pacific Ocean off Peru. With a Procrustes distance to mean shape of 1584742, Ficus ventricosa exhibits a shell form that is morphologically divergent from the average form in its group.","Ficus ventricosa, comúnmente conocida como la concha de higo hinchada, es una especie de molusco gasterópodo marino de la familia Ficidae. El tamaño de la concha adulta varía entre 70 mm y 150 mm de altura. Presenta una forma piriforme y ventesca con textura estriada y cancelada. La espira es corta y la abertura es grande con una columela lisa. Cuenta con un canal recto alargado y un labio externo delgado y completo. La concha carece de ombligo. Esta especie se encuentra en el Golfo de California frente a la costa de México y en el Océano Pacífico frente a Perú. Con una distancia de Procrustes al promedio de forma de 1584742, Ficus ventricosa exhibe una forma de concha que es morfológicamente divergente de la forma promedio en su grupo.",Wikipedia: Ficus ventricosa | Wikipedia: Ficus
Monoplex_vestitus,158.435,"Monoplex vestitus is a species of predatory sea snail, a marine gastropod mollusk in the family Cymatiidae. Members of the genus Monoplex, including Monoplex vestitus, are known for their predatory behavior, typically preying on other mollusks. The species is considered morphologically divergent within its group, with a higher Procrustes distance of 158435 indicating a more unique shell form compared to group averages.","Monoplex vestitus es una especie de caracol de mar depredador, un molusco gasterópodo marino de la familia Cymatiidae. Los miembros del género Monoplex, incluido Monoplex vestitus, se conocen por su comportamiento depredador, habitualmente atacando otros moluscos. La especie se considera morfológicamente divergente dentro de su grupo, con una distancia de Procrustes más alta de 158435, lo que indica una forma de concha más singular en comparación con los promedios del grupo.",Wikipedia: Monoplex vestitus | Wikipedia: Monoplex
Distorsio_decussata,1.568.511,"Distorsio decussata, commonly named the decussate distorsio, is a species of medium-sized sea snail in the family Personidae, known as distorsio snails. The shell size varies between 30 mm and 85 mm. The species occurs from the Gulf of California, Western Mexico to Peru. The shell is subturreted with distorted whorls, an irregular, contracted and ringent aperture, and a recurved siphonal canal. The inner lip is dilated lamellar and rugosely indented, the columella is excavated and verrucosely plicate, and the outer lip is sinuous and internally plicato-dentate. Taxonomically, it belongs to the Kingdom Animalia, Phylum Mollusca, Class Gastropoda, Subclass Caenogastropoda, Order Littorinimorpha, and Superfamily Tonnoidea.","Distorsio decussata, comúnmente llamado distorsio decussata, es una especie de caracol de mar de tamaño mediano de la familia Personidae, conocidos como caracoles distorsio. El tamaño de la concha varía entre 30 mm y 85 mm. La especie se encuentra desde el Golfo de California, en el oeste de México, hasta Perú. La concha es subturretada con verticilos distorsionados, una abertura irregular, contraída y ringuente, y un canal sifonal recurvado. El labio interno es laminar dilatado y rugosamente dentado, la columela está excavada y presentada en pliegues verrugosos, y el labio externo es sinuoso y plicato-dentado internamente. Taxonómicamente, pertenece al Reino Animalia, Filo Mollusca, Clase Gastropoda, Subclase Caenogastropoda, Orden Littorinimorpha y Superfamilia Tonnoidea.",Wikipedia: Distorsio decussata | Wikipedia: Distorsio | WoRMS: https://marinespecies.org
Conasprella_tornata,1.529.196,"Conasprella tornata, commonly known as the grooved cone, is a species of sea snail, a marine gastropod mollusk in the family Conidae. Taxonomically, it is classified under the Kingdom Animalia, Phylum Mollusca, Class Gastropoda, Subclass Caenogastropoda, and Order Neogastropoda. Conasprella tornata was first described by G. B. Sowerby I in 1833. The species is known for its shell morphology characterized by grooved patterns, which contribute to its common name. In terms of its shell morphology, the species tends to have spiral grooves marking its surface, contributing to its distinct appearance within the cone snails. The Procrustes distance of 1529196263216970 indicates a significant divergence in shell form from the group average. This species is distributed in the marine regions where cone snails are typically found, although specific distribution data","Conasprella tornata, comúnmente conocida como el cono acanalado, es una especie de caracol de mar, un molusco gasterópodo marino de la familia Conidae. Taxonómicamente, se clasifica bajo el Reino Animalia, Filo Mollusca, Clase Gastropoda, Subclase Caenogastropoda, y Orden Neogastropoda. Conasprella tornata fue descrita por primera vez por G. B. Sowerby I en 1833. La especie es conocida por la morfología de su concha caracterizada por patrones acanalados, lo que contribuye a su nombre común. En cuanto a su morfología, la especie tiende a tener surcos espirales que marcan su superficie, contribuyendo a su apariencia distintiva entre los caracoles cono. La distancia de Procrustes de 1529196263216970 indica una desviación significativa en la forma de la concha respecto al promedio del grupo. Esta especie está distribuida en las regiones marinas donde se encuentran típicamente los caracoles cono, aunque los datos específicos sobre su distribución no están detallados en las fuentes.",WoRMS: https://www.marinespecies.org/aphia.php?p=taxdetails&id=429016
Conasprella_mahogani,1.516.209,"Conasprella mahogani is a species of sea snail within the family Conidae, commonly known as the cone snails. This marine gastropod is located in the Eastern Pacific Ocean, with a range extending from the Gulf of California in northwestern Mexico to northern Peru, including various island groups such as the Galápagos Islands. The species lives in shallow coastal waters, coral and rocky reefs, and is typically found from the intertidal zone to depths of around 30 meters.

Morphologically, the shell of Conasprella mahogani varies in size from 27 mm to 48 mm. Its shell shape is typical of the genus, being conical with a deep anal notch, smooth periostracum, and a small operculum. While there are no specific details on its coloration, the genus is noted for its varying patterns, often with ornamentation such as spirals or cords.

As with other species in the Conidae family, these snails are predatory and venomous, capable of delivering a sting to humans. This species is important within reef ecosystems and plays a role in the balance of these habitats.

The shell of Conasprella mahogani has shown a Procrustes distance measure of 1516209, indicating it has a morphologically divergent shell form when compared to the average shapes within its group, making it less typical in its morphology relative to related species.","Conasprella mahogani es una especie de caracol marino de la familia Conidae, comúnmente conocida como caracoles cono. Este gasterópodo marino se encuentra en el Océano Pacífico Oriental, extendiéndose desde el Golfo de California en el noroeste de México hasta el norte de Perú, incluyendo varios grupos de islas como las Islas Galápagos. La especie habita en aguas costeras poco profundas, arrecifes de coral y rocosos, y se encuentra típicamente desde la zona intermareal hasta profundidades de alrededor de 30 metros.

Desde un punto de vista morfológico, la concha de Conasprella mahogani varía en tamaño de 27 mm a 48 mm. Su forma de concha es típica del género, siendo cónica con una muesca anal profunda, periostraco liso y un opérculo pequeño. Aunque no hay detalles específicos sobre su coloración, el género es conocido por sus variados patrones, a menudo con ornamentación como espirales o cordones.

Al igual que otras especies de la familia Conidae, estos caracoles son depredadores y venenosos, capaces de infligir una picadura a los humanos. Esta especie es importante en los ecosistemas de arrecifes y desempeña un papel en el equilibrio de estos hábitats.

La concha de Conasprella mahogani tiene una medida de distancia de Procrustes de 1516209, lo que indica que tiene una forma de concha morfológicamente divergente en comparación con las formas promedio dentro de su grupo, lo que la hace menos típica en su morfología en relación con especies relacionadas.",Wikipedia: Conasprella mahogani | Wikipedia: Conasprella
Melongena_patula,1.502.321,"Melongena patula, commonly known as the Pacific crown conch, is a large sea snail belonging to the family Melongenidae. The shell of Melongena patula can reach a length of 75 to 250 mm and exhibits a deep chestnut brown color with several white or yellow spiral bands. The interior of the shell is white. The shell is fairly slender and can be spiny on the shoulders with a wide aperture. This gastropod is found from the Gulf of California in Mexico to Peru, inhabiting shallow waters, typically within muddy or sandy substrates and often residing under mangrove trees.","Melongena patula, conocida comúnmente como la concha corona del Pacífico, es un gran caracol marino perteneciente a la familia Melongenidae. La concha de Melongena patula puede alcanzar una longitud de 75 a 250 mm y presenta un color marrón castaño intenso con varias bandas espirales blancas o amarillas. El interior de la concha es blanco. La concha es bastante esbelta y puede ser espinosa en los hombros, con una apertura amplia. Este gasterópodo se encuentra desde el Golfo de California en México hasta Perú, habitando en aguas poco profundas, generalmente dentro de sustratos fangosos o arenosos y a menudo viviendo bajo los manglares.",Wikipedia: Melongena patula | Wikipedia: Melongena
Mitrella_delicata,1.501.876,"Mitrella delicata is a species within the genus Mitrella, family Columbellidae, known for small sea snails, also referred to as dove shells. Though detailed information on the species is not available from the consulted sources, the unique shell characteristics can be inferred by comparing it with other species within the Mitrella genus. Known for their small, slender shells, Mitrella species typically feature simple, smooth surfaces with subtle spiral or axial ornamentation. The genus Mitrella is characterized by diverse color patterns ranging from uniform to spotted or variegated, often adapting to their specific marine habitats. The Procrustes distance to the mean shape calculated for Mitrella delicata suggests it as a morphologically divergent species within its genus, indicating unique shell adaptations possibly linked to environmental factors or evolutionary trajectory.

Shell morphology within the genus generally showcases right coiling with narrow apertures, and the shells often exhibit a well-defined columellar fold. These snails inhabit diverse marine environments, though specific ecological preferences for Mitrella delicata have not been documented.

The genus Mitrella includes species distributed across various marine regions, including the Eastern Pacific and the Atlantic, often inhabiting shallow to moderately deep waters, where they primarily feed on other small invertebrates, fitting within the common trophic behavior of columbellids.","Mitrella delicata es una especie dentro del género Mitrella, familia Columbellidae, conocido por pequeños caracoles marinos, también llamados conchas de paloma. Aunque no se dispone de información detallada sobre la especie a partir de las fuentes consultadas, se pueden inferir las características únicas de la concha mediante la comparación con otras especies dentro del género Mitrella. Conocidos por sus conchas pequeñas y delgadas, las especies de Mitrella suelen presentar superficies simples y lisas con ornamentación espiral o axial sutil. El género Mitrella se caracteriza por diversos patrones de color que varían desde uniformes hasta manchados o variegados, adaptándose a sus hábitats marinos específicos. La distancia de Procrustes calculada por la forma media para Mitrella delicata sugiere que se trata de una especie morfológicamente divergente dentro de su género, indicando adaptaciones únicas de la concha posiblemente vinculadas a factores ambientales o trayectoria evolutiva.

La morfología de la concha dentro del género generalmente muestra una torsión hacia la derecha con aberturas estrechas, y las conchas a menudo exhiben un pliegue columelar bien definido. Estos caracoles habitan diversos entornos marinos, aunque no se han documentado preferencias ecológicas específicas para Mitrella delicata.

El género Mitrella incluye especies distribuidas en varias regiones marinas, incluyendo el Pacífico oriental y el Atlántico, habitualmente en aguas poco profundas a moderadamente profundas, donde se alimentan principalmente de otros pequeños invertebrados, ajustándose al comportamiento trófico común de los columbélidos.",Wikipedia: Mitrella (gastropod) | Wikipedia: List of the Cenozoic life of Florida
Enaeta_cumingii,1.496.777,"Enaeta cumingii is a species of sea snail in the family Volutidae, also known as volutes. It is a marine gastropod mollusk. The species was described by Broderip in 1832. Enaeta cumingii is distributed along the Eastern Pacific, specifically found in regions like Bahia San Carlos in Sonora, Mexico. The procrustes distance to the mean shape for this species is notably high, indicating a divergent shell form compared to the group average. This might suggest unique morphological characteristics among its species group.","Enaeta cumingii es una especie de caracol marino en la familia Volutidae, también conocida como volutas. Es un molusco gasterópodo marino. La especie fue descrita por Broderip en 1832. Enaeta cumingii se distribuye a lo largo del Pacífico Oriental, encontrándose específicamente en regiones como Bahía San Carlos en Sonora, México. La distancia de Procrustes a la forma media para esta especie es notablemente alta, lo que indica una forma de concha divergente en comparación con el promedio del grupo. Esto podría sugerir características morfológicas únicas entre su grupo de especies.",WoRMS: https://www.marinespecies.org
Monoplex_wiegmanni,1.480.941,"Monoplex wiegmanni is a species of predatory sea snail within the family Cymatiidae, described in 1838 by Hermann Eduard Anton. As a member of the genus Monoplex, it shares several characteristics with other predatory gastropods. Although specific morphological details for Monoplex wiegmanni are not provided, species within the genus typically possess elongated shells with spiral ornamentation and distinct varices. These snails are often found in various marine environments predating upon smaller invertebrates.

The shells of Monoplex wiegmanni are notably divergent from the group average as indicated by a high Procrustes distance of 1480941, suggesting unique morphological traits compared to typical specimens in the genus. This divergence indicates that Monoplex wiegmanni might exhibit significant morphological differences such as size, shape, or ornamentation.

From the genus overview, Monoplex snails have a diverse distribution range and can be found in various marine habitats, potentially extending over wide geographic areas due to their planktonic larval stages.","Monoplex wiegmanni es una especie de caracol marino depredador dentro de la familia Cymatiidae, descrita en 1838 por Hermann Eduard Anton. Como miembro del género Monoplex, comparte varias características con otros gasterópodos depredadores. Aunque no se proporciona información morfológica específica para Monoplex wiegmanni, las especies dentro del género generalmente poseen conchas alargadas con ornamentación en espiral y varices distintivas. Estos caracoles suelen encontrarse en diversos ambientes marinos donde depredan a invertebrados más pequeños.

Las conchas de Monoplex wiegmanni son notablemente divergentes del promedio del grupo, según indica una alta distancia de Procrustes de 1480941, lo que sugiere características morfológicas únicas en comparación con los especímenes típicos del género. Esta divergencia indica que Monoplex wiegmanni podría exhibir diferencias significativas en tamaño, forma u ornamentación.

Desde la perspectiva del género, los caracoles Monoplex tienen una amplia gama de distribución y pueden encontrarse en diversos hábitats marinos, potencialmente extendiéndose sobre áreas geográficas amplias debido a sus etapas larvales planctónicas.",Wikipedia: Monoplex wiegmanni | Wikipedia: Monoplex
Littoraria_zebra,1.477.675,"Littoraria zebra is a species of sea snail belonging to the family Littorinidae, commonly known as winkles or periwinkles. It falls within the genus Littoraria, which includes a variety of species prevalent in the Indo-West Pacific and Tropical Eastern Pacific. The genus is known for its inhabitation of mangrove forests, with snails feeding on algae, epiphytes, fungi, and diatoms.

Morphologically, Littoraria zebra is characterized by a shell that exhibits considerable variation in coloration, typical of the genus. The shell of this species, however, is more divergent in shape compared to the group average, with a Procrustes distance indicating substantial morphological variation. The shell of Littoraria zebra is coiled and may have a more intricate apex compared to other species within the same genus.

Ecologically, like other Littoraria species, L. zebra likely inhabits the mangrove ecosystem, feeding on surface films of organic material. This species participates in niche-specific feeding behaviors, consuming detritus and contributing to the ecological balance within its habitat.

Synonymically, Littoraria zebra was previously known as Littoraria pulchra, a name now considered a junior synonym.

The species demonstrates adaptation to its environment through varied shell thickness and color, influenced by its specific habitat preferences in relation to tidal levels and predator pressures, similar to other Littoraria species.","Littoraria zebra es una especie de caracol marino perteneciente a la familia Littorinidae, comúnmente conocidos como bígaros o caracoles de mar. Forma parte del género Littoraria, que incluye una variedad de especies prevalentes en el Indo-Oeste del Pacífico y el Pacífico Oriental Tropical. El género es conocido por su hábitat en bosques de manglares, donde los caracoles se alimentan de algas, epífitos, hongos y diatomeas.

Morfológicamente, Littoraria zebra se caracteriza por una concha que exhibe una considerable variación en la coloración, típica del género. Sin embargo, la concha de esta especie es más divergente en forma en comparación con el promedio del grupo, con una distancia de Procustes que indica una variación morfológica significativa. La concha de Littoraria zebra es enrollada y puede tener un ápice más intrincado en comparación con otras especies del mismo género.

Ecológicamente, al igual que otras especies de Littoraria, L. zebra probablemente habita el ecosistema de manglares, alimentándose de películas superficiales de material orgánico. Esta especie participa en comportamientos específicos de alimentación de nicho, consumiendo detritos y contribuyendo al equilibrio ecológico dentro de su hábitat.

Sinónimicamente, Littoraria zebra se conocía previamente como Littoraria pulchra, un nombre ahora considerado un sinónimo menor.

La especie demuestra adaptación a su entorno a través de un grosor y color de concha variado, influenciado por sus preferencias de hábitat específicas en relación con los niveles de marea y presiones de depredadores, similar a otras especies de Littoraria.",Wikipedia: Littoraria zebra | Wikipedia: Littoraria
Mexacanthina_lugubris,1.441.963,"Mexacanthina lugubris, also known as the dark unicorn, is a species of small predatory sea snail within the family Muricidae, commonly referred to as murex snails or rock snails. The taxonomic classification of this species includes the Kingdom Animalia, Phylum Mollusca, Class Gastropoda, and Subfamilies Caenogastropoda. Originally described by G. B. Sowerby I in 1822, this species is part of the genus Mexacanthina, known for its small predatory marine gastropods. Shells from this genus typically display a unique morphology reflecting their adaptation to predatory lifestyles.","Mexacanthina lugubris, también conocido como el unicornio oscuro, es una especie de caracol de mar depredador pequeño perteneciente a la familia Muricidae, comúnmente conocida como caracoles murex o caracoles de roca. La clasificación taxonómica de esta especie incluye el Reino Animalia, el Phylum Mollusca, la Clase Gastropoda y las Subfamilias Caenogastropoda. Descrita originalmente por G. B. Sowerby I en 1822, esta especie es parte del género Mexacanthina, conocido por sus pequeños gasterópodos marinos depredadores. Las conchas de este género suelen mostrar una morfología única que refleja su adaptación a estilos de vida depredadores.",Wikipedia: Mexacanthina lugubris | Wikipedia: Mexacanthina | Wikipedia: Acanthina | WoRMS: https://www.marinespecies.org
Leucozonia_cerata,1.436.341,"Leucozonia cerata is a species of sea snail, a marine gastropod mollusk in the family Fasciolariidae, commonly known as the spindle snails, the tulip snails, and their allies. It was first described by W. Wood in 1828. Taxonomically, Leucozonia cerata falls under the Kingdom Animalia, Phylum Mollusca, Class Gastropoda, Subclass Caenogastropoda, and Order Neogastropoda. The high Procrustes distance to mean shape of 14363407741071000 indicates a significant morphological divergence from the group average in shell form.","Leucozonia cerata es una especie de caracol marino, un molusco gasterópodo marino de la familia Fasciolariidae, comúnmente conocida como los caracoles huso, los caracoles tulipán y sus aliados. Fue descrita por primera vez por W. Wood en 1828. Taxonómicamente, Leucozonia cerata pertenece al reino Animalia, filo Mollusca, clase Gastropoda, subclase Caenogastropoda, y orden Neogastropoda. La alta distancia de Procrustes al promedio de forma de 14363407741071000 indica una divergencia morfológica significativa de la forma del caparazón en comparación con el promedio del grupo.",https://www.google.com/search?q=Leucozonia+cerata+gastropod+shell+morphology+taxonomy | WoRMS: https://www.google.com/search?q=Leucozonia+cerata+site:marinespecies.org+OR+site:molluscabase.org
Conasprella_ximenes,1.432.791,"Conasprella ximenes is a species of marine gastropod mollusk in the genus Conasprella. This species is part of a group known for diverse shell forms, and it exhibits a morphological divergence from the average shape of its genus, indicated by a high Procrustes distance to mean shape. Such a distance suggests that Conasprella ximenes has a shell form that is atypical compared to other members of Conasprella.","Conasprella ximenes es una especie de gasterópodo marino del género Conasprella. Esta especie es parte de un grupo conocido por sus diversas formas de concha, y exhibe una divergencia morfológica respecto a la forma promedio de su género, como lo indica una alta distancia Procrustes respecto a la forma media. Dicha distancia sugiere que Conasprella ximenes tiene una forma de concha atípica en comparación con otros miembros de Conasprella.",WoRMS: https://worms-url
Kelletia_kelletii,1.425.689,"Kelletia kelletii, commonly known as Kellet's whelk, is a large marine gastropod in the whelk family Austrosiphonidae. The species was described by Edward Forbes in 1850 and is named in honor of Captain Henry Kellett. Kellet's whelks reside along the coast from Isla Asunción in Baja California, Mexico, to Monterey, California, USA, with an extension to Monterey Bay since the 1970s or early 1980s, possibly due to an El Niño event. These gastropods inhabit depths ranging from 2 to 70 meters in subtidal kelp forests, rocky reefs, and cobble-sand interfaces. Their robust, spindle-shaped shells, reaching a length of approximately 17.5 cm, are white to tan and often covered with bryozoans, sponges, and algae. Kelletia kelletii displays sexual dimorphism, with females being larger. Females reach sexual maturity at sizes of 6.5 to 7.0 cm, while males mature slightly smaller. The species is a slow-growing predator and scavenger, feeding on dead or live polychaetes, bivalves, sea snails, crustaceans, ascidians, fish, echinoderms, and cephalopods using an extensible proboscis. The species is ecologically significant, as it is both a consumer in its habitat and prey for the giant sea star, Pisaster giganteus. It is targeted by fisheries due to its economic value.","Kelletia kelletii, comúnmente conocido como el buccino de Kellet, es un gran gasterópodo marino de la familia Austrosiphonidae. La especie fue descrita por Edward Forbes en 1850 y lleva el nombre en honor al capitán Henry Kellett. El buccino de Kellet habita en la costa desde Isla Asunción en Baja California, México, hasta Monterrey en California, EE. UU., con una extensión a la Bahía de Monterrey desde la década de 1970 o principios de 1980, posiblemente debido a un evento de El Niño. Estos gasterópodos habitan a profundidades que van de 2 a 70 metros en bosques de algas submarinas, arrecifes rocosos e interfaces de guijarros y arena. Sus conchas robustas en forma de huso, que alcanzan una longitud de aproximadamente 17.5 cm, son de color blanco a tostado y a menudo están cubiertas de briozoos, esponjas y algas. Kelletia kelletii presenta dimorfismo sexual, siendo las hembras más grandes. Las hembras alcanzan la madurez sexual a tamaños de 6.5 a 7.0 cm, mientras que los machos maduran a un tamaño ligeramente menor. La especie es un depredador y carroñero de lento crecimiento, alimentándose de poliquetos, bivalvos, caracoles marinos, crustáceos, ascidias, peces, equinodermos y cefalópodos muertos o vivos utilizando un probóscide extensible. La especie es ecológicamente significativa, ya que es tanto consumidora en su hábitat como presa de la estrella de mar gigante, Pisaster giganteus. Es objeto de pesca debido a su valor económico.",Wikipedia: Kelletia kelletii
Macron_aethiops,1.419.197,"Macron aethiops is a species within the genus Macron, noted for its distinct shell characteristics. This marine gastropod mollusk belongs to the superfamily Buccinoidea and is found along the Pacific coast of Mexico. The shell of Macron is characterized by an elevated spire and a channelled suture. The callus of the inner lip is well-defined, and the columella shows oblique wrinkles. Macron aethiops exhibits a morphologically divergent shell form compared to group averages, as indicated by a high Procrustes distance to mean shape. This suggests that its shell features are more atypical relative to other species within the genus.

The habitat for species in the genus Macron generally includes areas along rocky shores and tide pools. Feeding behavior in the genus involves carnivorous and scavenging habits, preying on dead or damaged marine animals. The reproductive strategy of snails in the genus includes separate sexes, where eggs may be transported by waves, allowing for distribution across varying locales.","Macron aethiops es una especie dentro del género Macron, conocida por sus características distintivas de la concha. Este molusco gasterópodo marino pertenece a la superfamilia Buccinoidea y se encuentra a lo largo de la costa del Pacífico de México. La concha del Macron se caracteriza por la espira elevada y la sutura canalizada. El callo del labio interno está bien definido, y la columela muestra arrugas oblicuas. Macron aethiops exhibe una forma de concha morfológicamente divergente en comparación con los promedios del grupo, tal como se indica por una alta distancia de Procrustes a la forma promedio. Esto sugiere que sus características de concha son más atípicas en relación con otras especies dentro del género.

El hábitat para las especies del género Macron generalmente incluye áreas a lo largo de costas rocosas y charcas de marea. El comportamiento alimenticio en el género involucra hábitos carnívoros y carroñeros, depredando animales marinos muertos o dañados. La estrategia reproductiva de los caracoles en el género incluye sexos separados, donde los huevos pueden ser transportados por las olas, permitiendo la distribución en diversos lugares.",Wikipedia: Macron (gastropod) | Wikipedia: Buccinum
Conus_edaphus,1.409.387,"Conus edaphus is a species of sea snail, a marine gastropod mollusk in the family Conidae, commonly known as cone snails or cone shells. It was originally described by W.H. Dall in 1910 as part of his summary of the genus Conus from the Pacific coast of America in the United States National Museum. Conus snails are known for their conical shells, but specific morphological details or distribution patterns for Conus edaphus However, the higher Procrustes distance value of 1409387285042860 suggests a more divergent shell form compared to the group average within its genus.","Conus edaphus es una especie de caracol marino, un molusco gasterópodo marino de la familia Conidae, comúnmente conocida como caracoles conos o conchas de cono. Fue descrito originalmente por W.H. Dall en 1910 como parte de su resumen del género Conus de la costa del Pacífico de América en el Museo Nacional de los Estados Unidos. Los caracoles Conus son conocidos por sus conchas en forma de cono, pero los detalles morfológicos específicos o los patrones de distribución para Conus edaphus no estaban disponibles en las fuentes. Sin embargo, el valor más alto de distancia de Procrustes de 1409387285042860 sugiere una forma de concha más divergente en comparación con el promedio del grupo dentro de su género.",https://serpapi.com/search?q=Conus+edaphus+gastropod+shell+morphology+taxonomy | WoRMS: https://serpapi.com/search?q=Conus+edaphus+site%3Amarinespecies.org+OR+site%3Amolluscabase.org
Mitra_inca,1.407.955,"Mitra inca, represented as Mitra (Nebularia) inca, is a species of marine gastropod mollusk in the Mitridae family. It belongs to the genus Mitra, which comprises medium to large predatory sea snails known as miter shells or mitre snails. The species was originally described by d'Orbigny in 1841 and is found in marine environments. It belongs to the predatory group indicating a carnivorous feeding behavior.","Mitra inca, representada como Mitra (Nebularia) inca, es una especie de molusco gasterópodo marino de la familia Mitridae. Pertenece al género Mitra, que incluye caracoles de mar depredadores medianos a grandes conocidos como conchas con forma de mitra o mitras. La especie fue descrita originalmente por d'Orbigny en 1841 y se encuentra en ambientes marinos. Pertenece al grupo depredador, lo que indica un comportamiento alimenticio carnívoro.",WoRMS: https://marinespecies.org
Littoraria_variegata,140.459,"Littoraria variegata is a species of sea snail, belonging to the marine gastropod mollusk family Littorinidae, commonly known as winkles or periwinkles. It is classified under the phylum Mollusca, class Gastropoda, subclass Caenogastropoda, and order Littorinimorpha. The species has taxonomic synonyms, including Littoraria (Littoraria) variegata as per the representation by Souleyet in 1852. This family includes more than fifty species within the genus Littoraria, many occurring in the Indo-West Pacific and Tropical Eastern Pacific regions. They are often found in large numbers on trunks, trees, and prop roots of mangrove forests slightly above the high tide level, feeding on algae, epiphytes, fungi, diatoms, and leaf epidermis.","Littoraria variegata es una especie de caracol marino, perteneciente a la familia de moluscos gasterópodos marinos Littorinidae, comúnmente conocidos como bígaros o caracoles de mar. Se clasifica bajo el filo Mollusca, clase Gastropoda, subclase Caenogastropoda, y orden Littorinimorpha. La especie tiene sinónimos taxonómicos, incluyendo Littoraria (Littoraria) variegata según la representación de Souleyet en 1852. Esta familia incluye más de cincuenta especies dentro del género Littoraria, muchas de las cuales se encuentran en las regiones del Indo-Pacífico Occidental y Tropical del Pacífico Oriental. A menudo se encuentran en grandes cantidades en troncos, árboles y raíces de los manglares, ligeramente por encima del nivel de marea alta, alimentándose de algas, epífitos, hongos, diatomeas y epidermis de hojas.",Wikipedia: Littoraria variegata | Wikipedia: Littoraria | WoRMS: https://www.marinespecies.org/aphia.php?p=taxdetails&id=446967
Conus_fergusoni,139.612,"Conus fergusoni, commonly known as Ferguson's cone, is a species of sea snail in the family Conidae. These snails are predatory and venomous, capable of stinging humans, and should be handled with care. The shell of Conus fergusoni is heavy with a slightly channeled spire, varying in size from 60 mm to 150 mm. It typically presents a white coloration with light transverse strioles and is covered by a brown epidermis. This species is found in the Pacific Ocean, particularly around the Galapagos Islands and from the Gulf of California to Peru. The Procrustes distance suggests that Conus fergusoni has a more divergent shell morphology compared to the average of its group.","Conus fergusoni, conocido comúnmente como cono de Ferguson, es una especie de caracol marino de la familia Conidae. Estos caracoles son depredadores y venenosos, capaces de picar a los humanos, y deben ser manejados con precaución. La concha de Conus fergusoni es pesada con una espira ligeramente canaliculada, variando en tamaño de 60 mm a 150 mm. Típicamente presenta una coloración blanca con lígulas transversales ligeras y está cubierta por una epidermis marrón. Esta especie se encuentra en el Océano Pacífico, particularmente alrededor de las Islas Galápagos y desde el Golfo de California hasta Perú. La distancia de Procrustes sugiere que Conus fergusoni tiene una morfología de concha más divergente en comparación con el promedio de su grupo.",Wikipedia: Conus fergusoni | Wikipedia: Conus
Conus_virgatus,1.380.106,"Conus virgatus, commonly known as the virgate Panama cone, is a species of sea snail in the family Conidae. This marine gastropod exhibits a shell size that ranges from 35 mm to 70 mm in length. The shell is characterized by its narrow and elongated form, displaying a pinkish white coloration with continuous but irregular chestnut longitudinal strigations.

The species is predatory and venomous, capable of delivering stings to humans; therefore, handling live specimens should be done with caution or avoided.

Conus virgatus is found in the Pacific Ocean, with its distribution extending from Baja California, Mexico to Northern Peru.

The morphological divergence of Conus virgatus is notable, with a Procrustes distance measurement of 1380106, indicating a significant deviation from the average shell shape within its group.","Conus virgatus, conocido comúnmente como cono de Panamá veteado, es una especie de caracol marino de la familia Conidae. Este gasterópodo marino presenta un tamaño de concha que varía entre 35 mm y 70 mm de longitud. La concha se caracteriza por su forma estrecha y alargada, mostrando una coloración blanco rosado con vetas longitudinales color castaño continuas pero irregulares.

La especie es depredadora y venenosa, capaz de propinar picaduras a los seres humanos; por ello, se recomienda manipular cuidadosamente los especímenes vivos o no hacerlo en absoluto.

El Conus virgatus se encuentra en el océano Pacífico, con una distribución que se extiende desde Baja California, México, hasta el norte de Perú.

La divergencia morfológica de Conus virgatus es notable, con una medición de distancia Procrustes de 1380106, lo que indica una desviación significativa de la forma promedio de la concha dentro de su grupo.",Wikipedia: Conus virgatus | Wikipedia: List of Conus species | Wikipedia: Conus (Dauciconus)
Anachis_coronata,1.377.648,"Anachis coronata is a marine gastropod species belonging to the family Columbellidae, also known as dove snails. The shell size can reach a length of 5.5 mm. In terms of morphology, the shell displays variability, with some specimens being slender and acuminate. The shell ornamentation includes fine ribs and the upper whorls are smooth. The outer lip of the shell is finely toothed, with the denticles extending into grooves and often richly stained. The shell's coloration features brownish-purple pencilings on a light background. Geographically, Anachis coronata occurs in the Gulf of California and along the Pacific coasts of Mexico and Panama. The genus Anachis, to which A. coronata belongs, is polyphyletic and is characterized by small to moderately sized shells that are oval-fusiform with strong longitudinal ribs. The spire is elevated, and the body whorl does not narrow in front. The aperture is narrow with a straight columella and a crenulated outer lip.","Anachis coronata es una especie de gasterópodo marino perteneciente a la familia Columbellidae, también conocida como caracoles paloma. El tamaño de la concha puede alcanzar una longitud de 5,5 mm. En cuanto a morfología, la concha muestra variabilidad, con algunos especímenes siendo esbeltos y acuminados. La ornamentación de la concha incluye costillas finas y las vueltas superiores son lisas. El labio exterior de la concha está finamente dentado, con los dentículos extendiéndose en surcos y a menudo ricamente teñido. La coloración de la concha presenta dibujos de color púrpura-marrón sobre un fondo claro. Geográficamente, Anachis coronata se encuentra en el Golfo de California y a lo largo de las costas del Pacífico de México y Panamá. El género Anachis, al cual pertenece A. coronata, es polifilético y se caracteriza por conchas de tamaño pequeño a moderado que son fusiformes ovaladas con costillas longitudinales fuertes. La espira es elevada y la vuelta del cuerpo no se estrecha en la parte frontal. La abertura es estrecha con una columela recta y un labio exterior crenulado.",Wikipedia: Anachis coronata | Wikipedia: Anachis
Crossata_californica,1.357.883,"Crossata californica, commonly known as the California frog shell, is a species of marine mollusk within the family Bursidae. The species is primarily found on offshore rocks along the Pacific coast of North America. The shell of Crossata californica typically measures about 10 centimeters in length. It has been noted that this species is synonymized with Crossata ventricosa, the latter being distributed in the Pacific Ocean off Chile, Peru, and Ecuador.

With a Procrustes distance of 1,357,883, the shell of Crossata californica exhibits a significant morphological divergence from the average shape within its group, indicating an atypical shell form. Within the genus Crossata, it represents a distinct morphotype among its congeners. The species' inclusion in synonymy with Crossata ventricosa suggests shared morphological or geographical traits with this relatively broader-distributed species.","Crossata californica, conocida comúnmente como la concha de rana de California, es una especie de molusco marino de la familia Bursidae. La especie se encuentra principalmente en rocas costeras en la costa del Pacífico de América del Norte. La concha de Crossata californica generalmente mide alrededor de 10 centímetros de longitud. Se ha observado que esta especie se sinonimiza con Crossata ventricosa, distribuyéndose esta última en el Océano Pacífico frente a las costas de Chile, Perú y Ecuador.

Con una distancia de Procrustes de 1,357,883, la concha de Crossata californica exhibe una divergencia morfológica significativa de la forma promedio dentro de su grupo, lo que indica una forma de concha atípica. Dentro del género Crossata, representa un morfotipo distinto entre sus congéneres. La inclusión de la especie en sinonimia con Crossata ventricosa sugiere características morfológicas o geográficas compartidas con esta especie de distribución relativamente más amplia.",Wikipedia: Crossata californica | Wikipedia: Crossata
Mitrella_guttata,1.346.515,"Mitrella guttata belongs to the genus Mitrella, which is part of the family Columbellidae, known as the dove snails. The shell of Mitrella guttata is small and belongs to a group of marine gastropod mollusks. The genus Mitrella is defined by its generally small and elongated shells, often with distinct shadings or color patterns. Based on the Procrustes distance to mean shape provided, the shell of Mitrella guttata shows significant divergence from the average shell morphology within its genus, indicating distinct morphological characteristics. This species could exhibit unique features in terms of its size, ornamentation, and structural complexity compared to average representatives of the genus Mitrella.","Mitrella guttata pertenece al género Mitrella, que forma parte de la familia Columbellidae, conocida como los caracoles de paloma. La concha de Mitrella guttata es pequeña y pertenece a un grupo de moluscos gasterópodos marinos. El género Mitrella se define por sus conchas generalmente pequeñas y alargadas, a menudo con sombreados o patrones de color distintos. Según la distancia de Procrustes al promedio de forma proporcionado, la concha de Mitrella guttata muestra una divergencia significativa respecto a la morfología promedio de las conchas dentro de su género, lo que indica características morfológicas distintivas. Esta especie podría presentar características únicas en términos de tamaño, ornamentación y complejidad estructural en comparación con representantes promedio del género Mitrella.",Wikipedia: Mitrella (gastropod) | Wikipedia: Mitrella
Monoplex_lignarius,134.025,"Monoplex lignarius is a species of marine gastropod mollusk in the family Ranellidae, known from its taxonomic classification as belonging to the Kingdom Animalia, Phylum Mollusca, Class Gastropoda, Subclass Caenogastropoda, and Order Littorinimorpha. This species was first described by Broderip in 1833. While specific morphological details and geographic distribution data The high Procrustes distance value of 1340250071808640 suggests that the shell form of Monoplex lignarius is notably divergent from the group average, indicating unique morphological traits.","Monoplex lignarius es una especie de molusco gasterópodo marino en la familia Ranellidae, conocida por su clasificación taxonómica perteneciente al Reino Animalia, Phyllum Mollusca, Clase Gastropoda, Subclase Caenogastropoda y Orden Littorinimorpha. Esta especie fue descrita por primera vez por Broderip en 1833. Aunque los detalles morfológicos específicos y los datos de distribución geográfica no están disponibles en las fuentes, las especies de Monoplex son comúnmente conocidas por sus conchas fuertes y ornamentadas, típicamente mostrando una variedad de texturas superficiales. El alto valor de distancia de Procrustes de 1340250071808640 sugiere que la forma de la concha de Monoplex lignarius es notablemente divergente de la media del grupo, indicando rasgos morfológicos únicos.",https://www.google.com/search?q=Monoplex+lignarius+gastropod+shell+morphology+taxonomy | WoRMS: https://www.google.com/search?q=Monoplex+lignarius+site%3Amarinespecies.org+OR+site%3Amolluscabase.org
Conus_princeps,1.327.272,"Conus princeps, commonly known as the prince cone, is a species of sea snail within the family Conidae, the cone snails. These gastropods are predatory and venomous, capable of harming humans, therefore they must be handled with care. The shell size ranges from 31 mm to 130 mm. The shell is low with a distantly but distinctly tuberculated spire and direct sides that are slightly striate at the base. Its coloration includes yellowish brown, orange, or pink, often marked with irregular longitudinal chestnut or chocolate striations, though sometimes these markings are absent, providing a plain look. The interior of the shell is yellow or pink, covered with a dark brown fibrous epidermis with distant revolving series of tufted spots. Geographically, Conus princeps is found in the Pacific Ocean along the Central American coast, from the Gulf of California in Mexico to Northern Peru. The species falls within the subgenus Ductoconus, characterized by shells that are obconic with a multispiral protoconch, deep anal notches, and nodules persisting on all whorls.","Conus princeps, comúnmente conocido como cono príncipe, es una especie de caracol marino de la familia Conidae, los caracoles conos. Estos gasterópodos son depredadores y venenosos, capaces de dañar a los humanos, por lo que deben ser manejados con cuidado. El tamaño de la concha varía de 31 mm a 130 mm. La concha es baja con una espira distintivamente tuberculada y lados rectos que son ligeramente estriados en la base. Su coloración incluye marrón amarillento, naranja o rosa, a menudo marcada con estrías longitudinales irregulares de castaño o chocolate, aunque a veces estas marcas están ausentes, proporcionando un aspecto liso. El interior de la concha es amarillo o rosa, cubierto con una epidermis fibrosa de color marrón oscuro con series de manchas con mechones. Geográficamente, Conus princeps se encuentra en el Océano Pacífico a lo largo de la costa centroamericana, desde el Golfo de California en México hasta el norte de Perú. La especie se clasifica dentro del subgénero Ductoconus, caracterizado por conchas obcónicas con un protoconcha multiespiral, muescas anales profundas y nódulos que persisten en todas las vueltas.",Wikipedia: Conus princeps | Wikipedia: C. princeps | Wikipedia: Conus (Ductoconus)
Conus_gladiator,1.325.091,"Conus gladiator, commonly known as the gladiator cone, is a species of sea snail in the family Conidae. It is classified within the Kingdom Animalia, Phylum Mollusca, Class Gastropoda, and Subclass Caenogastropoda. The species was first described by Broderip in 1833. Conus gladiator is part of the cone snails, known for their conical shells and predatory nature. The species shows a significant Procrustes distance to mean shape, indicating a notable divergence in shell form compared to the group average within its genus.","Conus gladiator, comúnmente conocido como el cono gladiador, es una especie de caracol marino en la familia Conidae. Está clasificado dentro del Reino Animalia, el Phylum Mollusca, la Clase Gastropoda y la Subclase Caenogastropoda. La especie fue descrita por primera vez por Broderip en 1833. Conus gladiator es parte de los caracoles cónicos, conocidos por sus conchas cónicas y su naturaleza depredadora. La especie muestra una distancia de Procrustes significativa respecto a la forma promedio, lo que indica una notable divergencia en la forma de la concha en comparación con el promedio del grupo dentro de su género.",WoRMS: https://www.marinespecies.org/aphia.php?p=taxdetails&id=429492 | MolluscaBase: https://www.molluscabase.org/aphia.php?p=taxdetails&id=429492
Conasprella_emarginata,1.294.596,"Conasprella emarginata is a marine gastropod mollusk in the family Conidae, known commonly as the cone snails and their allies. The shell of Conasprella emarginata varies in size from 34 mm to 70 mm. The shell shape of species in the Conasprella genus is conical, and the spire is elevated, with the early whorls exhibiting nodules at the periphery. The body whorl features evenly spaced cords or sulci extending from midbody to the shoulder, maintained by cords on the upper whorls as well. The shell's protoconch has a multispiral form and comprises 2.5 whorls. The cone snail's operculum is small and the periostracum smooth. Notable for its ecology and behavior, Conasprella emarginata is venomous and predatory, capable of stinging humans, which necessitate handling with caution. Geographically, it is distributed from Bahía Magdalena, Baja California Sur, through most of the Gulf of California, Mexico, extending southwards to Peru, and also reported from the Galapagos Islands. As predators, these cone snails are vermivorous, primarily preying upon marine worms. The Procrustes distance value indicates that this species exhibits a shell form that is markedly divergent from the group average within Conasprella.","Conasprella emarginata es un molusco gasterópodo marino de la familia Conidae, conocida comúnmente como los caracoles cónicos y sus aliados. La concha de Conasprella emarginata varía en tamaño de 34 mm a 70 mm. La forma de la concha de las especies del género Conasprella es cónica, y la espira está elevada, con las primeras vueltas presentando nódulos en la periferia. La vuelta del cuerpo presenta cordones o surcos espaciados uniformemente que se extienden desde el medio del cuerpo hasta el hombro, mantenidos por cordones en las vueltas superiores también. El protoconcha tiene una forma multiespiral y consta de 2,5 vueltas. El operculo del caracol cónico es pequeño y el periostraco suave. Notable por su ecología y comportamiento, Conasprella emarginata es venenosa y depredadora, capaz de picar a los humanos, lo que requiere manejo con precaución. Geográficamente, se distribuye desde Bahía Magdalena, Baja California Sur, a través de la mayor parte del Golfo de California en México, extendiéndose al sur hasta Perú, y también se reporta en las Islas Galápagos. Como depredadores, estos caracoles cónicos son vermívoros, principalmente cazando gusanos marinos. El valor de la distancia de Procrustes indica que esta especie presenta una forma de concha marcadamente divergente del promedio del grupo dentro de Conasprella.",Wikipedia: Conasprella emarginata | Wikipedia: Conasprella
Cypraecassis_coarctata,1.287.386,"Cypraecassis coarctata, found in the family Cassidae, belongs to the Kingdom Animalia, Phylum Mollusca, Class Gastropoda, and Subclass Caenogastropoda. This species was named by G. B. Sowerby I in 1825. They are part of the genus Cypraecassis which is known to exist from the Miocene to the present. In terms of morphology, Cypraecassis coarctata belongs to a genus known for medium-sized to large sea snails. The Procrustes distance for this species is substantially higher than the group average, indicating a divergent shell form. Detailed","Cypraecassis coarctata, que se encuentra en la familia Cassidae, pertenece al Reino Animalia, Filo Mollusca, Clase Gastropoda y Subclase Caenogastropoda. Esta especie fue nombrada por G. B. Sowerby I en 1825. Forman parte del género Cypraecassis que se conoce desde el Mioceno hasta el presente. En cuanto a la morfología, Cypraecassis coarctata pertenece a un género conocido por caracoles marinos de tamaño mediano a grande. La distancia de Procrustes para esta especie es sustancialmente mayor que el promedio del grupo, lo que indica una forma de concha divergente. No se recuperó información detallada sobre morfología de la concha, hábitat o distribución.",WoRMS: https://www.marinespecies.org
Conus_gradatus,1.287.116,"Conus gradatus, commonly known as the graduated cone, is a species of sea snail in the family Conidae. This marine gastropod mollusk is part of the Eastern Pacific Ocean's fauna. Its distribution ranges from the Gulf of California, Mexico to Peru, indicating a preference for warm marine environments.

The shell of Conus gradatus varies in size from 25 mm to 60 mm. These snails have a conical shell characteristic of the genus Conus. They are known to be predatory and venomous, capable of stinging humans, which is typical behavior for cone snails. The Procrustes distance value of 1287116 signifies a significant morphological divergence from the group's average shell form, implying that its shell exhibits distinct features compared to related species. Additionally, the subspecies Conus gradatus thaanumi is now recognized as a synonym of Conus recurvus.","Conus gradatus, comúnmente conocido como el cono graduado, es una especie de caracol marino de la familia Conidae. Este molusco gasterópodo marino forma parte de la fauna del Océano Pacífico Oriental. Su distribución se extiende desde el Golfo de California en México hasta Perú, lo que indica una preferencia por ambientes marinos cálidos.

La concha de Conus gradatus varía en tamaño de 25 mm a 60 mm. Estos caracoles tienen una concha cónica característica del género Conus. Se sabe que son depredadores y venenosos, capaces de picar a los humanos, lo cual es un comportamiento típico de los caracoles cono. El valor de la distancia de Procrustes de 1287116 indica una divergencia morfológica significativa de la forma promedio del grupo, lo que implica que su concha presenta características distintivas en comparación con especies relacionadas. Además, la subespecie Conus gradatus thaanumi ahora se reconoce como un sinónimo de Conus recurvus.",Wikipedia: Conus gradatus | Wikipedia: List of Conus species
Macrocypraea_cervinetta,1.282.124,"Macrocypraea cervinetta, known as the little deer cowry, is a marine gastropod mollusk in the family Cypraeidae. The shell of M. cervinetta is elongated and ranges from 40 to 110 millimeters in length and 15 to 50 millimeters in width. The shell exhibits a light brown color with small whitish ocellated spots on the dorsum. Distinctively, it features dark brown apertural teeth, a few transversal clearer bands, and a longitudinal line. The species is distributed in the Eastern Pacific Ocean, particularly from the Gulf of California to Peru, including the Galapagos Islands, where it can be found mainly at low tide under corals and rocks. The morphological form of its shell, as indicated by a Procrustes distance to mean shape of 1282124, suggests a significant divergence from the average shell form within its genus, highlighting it as a morphologically unique specimen among similar species.","Macrocypraea cervinetta, conocida como la pequeña caracola de ciervo, es un molusco gasterópodo marino de la familia Cypraeidae. La concha de M. cervinetta es alargada y varía de 40 a 110 milímetros de longitud y de 15 a 50 milímetros de ancho. La concha presenta un color marrón claro con pequeñas manchas oceladas blanquecinas en el dorso. Distintivamente, cuenta con dientes aperturales de color marrón oscuro, algunas bandas transversales más claras y una línea longitudinal. La especie se distribuye en el Océano Pacífico Oriental, particularmente desde el Golfo de California hasta Perú, incluyendo las Islas Galápagos, donde se puede encontrar principalmente en marea baja bajo corales y rocas. La forma morfológica de su concha, indicada por una distancia de Procrustes a la forma media de 1282124, sugiere una divergencia significativa de la forma promedio de la concha dentro de su género, destacándola como un espécimen morfológicamente único entre especies similares.",Wikipedia: Macrocypraea cervinetta | Wikipedia: Macrocypraea
Conus_patricius,1.259.392,"Conus patricius, commonly known as the patrician cone, is a species of predatory and venomous sea snail from the family Conidae, found in the Pacific Ocean ranging from the Gulf of California, Western Mexico, to Ecuador and around the Galápagos Islands. The shell of Conus patricius varies in size, ranging from 30 mm to 120 mm in height with a light flesh-color. The shell's spire is gently acuminate, and earlier whorls exhibit tubercules. Its body whorl is pyriform, with a concave outline and revolving striae near the base.

Conus patricius belongs to the subgenus Pyruconus within the genus Conus, which is known for its predatory behavior and ability to sting humans. The shell shape of C. patricius is morphologically divergent from the mean shape of cone snails, as indicated by its high Procrustes distance of 1259392. This suggests that C. patricius possesses a particularly distinct shell form compared to other cone snails in its taxonomic group.","Conus patricius, conocido comúnmente como el cono patricio, es una especie de caracol marino predadora y venenosa de la familia Conidae, que se encuentra en el Océano Pacífico desde el Golfo de California, México Occidental, hasta Ecuador y alrededor de las Islas Galápagos. La concha de Conus patricius varía en tamaño, oscilando entre 30 mm y 120 mm de altura con un color carne claro. La espira de la concha es suavemente acuminada, y las primeras vueltas exhiben tubérculos. Su vuelta corporal es piriforme, con un contorno cóncavo y estrías giratorias cerca de la base.

Conus patricius pertenece al subgénero Pyruconus dentro del género Conus, que se caracteriza por su comportamiento depredador y su capacidad para picar a los humanos. La forma de la concha de C. patricius es morfológicamente divergente de la forma promedio de los caracoles cono, según lo indicado por su alta distancia Procrustes de 1259392. Esto sugiere que C. patricius posee una forma de concha particularmente distinta en comparación con otros caracoles cono en su grupo taxonómico.",Wikipedia: Conus patricius | Wikipedia: Conus
Littorina_keenae,1.257.006,"Littorina keenae, commonly known as the eroded periwinkle, is a species of sea snail in the family Littorinidae, known as winkles or periwinkles. The shell of Littorina keenae is small and distinctive. The Procrustes distance indicates a shell form that is morphologically divergent from the average. Members of the genus Littorina are typically found in the tidal zones of rocky shores. Littorina keenae inhabits similar coastal habitats. The shell is thick, pointed, and turbinated with few whorls and a rounded aperture. The outer lip is acute, and the columella is flattened and imperforate. In general, Littorina species have paucispiral opercula and hooked, trilobed lingual teeth used for feeding.","Littorina keenae, comúnmente conocida como el bígaro erosionado, es una especie de caracol de mar de la familia Littorinidae, conocidos como bígaros o caracoles de mar. La concha de Littorina keenae es pequeña y distintiva. La distancia de Procrustes indica una forma de concha que es morfológicamente divergente del promedio. Los miembros del género Littorina se encuentran típicamente en las zonas intermareales de costas rocosas. Littorina keenae habita en hábitats costeros similares. La concha es gruesa, puntiaguda y turbinada con pocas vueltas y una abertura redondeada. El labio exterior es agudo y la columela es achatada e imperforada. En general, las especies de Littorina tienen opérculos paucispirales y dientes linguales enganchados y trilobulados utilizados para la alimentación.",Wikipedia: Littorina keenae | Wikipedia: Littorina
Columbella_haemastoma,1.252.307,"Columbella haemastoma is a species of marine gastropod mollusk belonging to the family Columbellidae. The full taxonomic classification is as follows: Kingdom Animalia, Phylum Mollusca, Class Gastropoda, Subclass Caenogastropoda, Order Neogastropoda, Superfamily Buccinoidea, Family Columbellidae, Genus Columbella, Species haemastoma. The Procrustes distance to mean shape for this species is 1252307393273930, indicating a notably divergent shell form compared to the group average.","Columbella haemastoma es una especie de molusco gasterópodo marino que pertenece a la familia Columbellidae. La clasificación taxonómica completa es la siguiente: Reino Animalia, Filo Mollusca, Clase Gastropoda, Subclase Caenogastropoda, Orden Neogastropoda, Superfamilia Buccinoidea, Familia Columbellidae, Género Columbella, Especie haemastoma. La distancia de Procrustes a la forma media para esta especie es 1252307393273930, lo que indica una forma de concha notablemente divergente en comparación con el promedio del grupo.",Wikipedia: Columbella | https://serpapi.com/search
Conus_tiaratus,1.248.738,"Conus tiaratus, commonly known as the tiara cone, is a species of marine gastropod mollusk in the family Conidae. This species occurs in the Pacific Ocean from Southern Mexico to Peru, and off the Galapagos Islands. Conus tiaratus is characterized by a conical shell, which varies in size from 15 mm to 39 mm in height. The shell coloration can be either white with orange spots or orange with white spots, and it has a white interior. The species is venomous and predatory like other members of the genus Conus and is capable of stinging humans, which necessitates careful handling. The Procrustes distance to mean shape for Conus tiaratus is quite high, indicating a more morphologically divergent shell form compared to the group average. According to the IUCN, this species is listed as of 'Least Concern'.","Conus tiaratus, comúnmente conocido como el cono tiara, es una especie de molusco gasterópodo marino de la familia Conidae. Esta especie se encuentra en el Océano Pacífico desde el sur de México hasta Perú, y alrededor de las Islas Galápagos. Conus tiaratus se caracteriza por una concha cónica, cuyo tamaño varía de 15 mm a 39 mm de altura. La coloración de la concha puede ser blanca con manchas naranjas o naranja con manchas blancas, y tiene un interior blanco. La especie es venenosa y depredadora como otros miembros del género Conus y es capaz de picar a los humanos, lo que requiere un manejo cuidadoso. La distancia de Procrustes a la forma media para Conus tiaratus es bastante alta, lo que indica una forma de concha morfológicamente más divergente en comparación con el promedio del grupo. Según la UICN, esta especie está clasificada como de 'Preocupación Menor'.",Wikipedia: Conus tiaratus | Wikipedia: Conus
Mexacanthina_angelica,1.247.213,"Mexacanthina angelica is a species of sea snail, classified within the family Muricidae, commonly known as the murex or rock snails. Originally described by Oldroyd in 1918, this species is a marine gastropod mollusc. A notable characteristic of Mexacanthina angelica is its significant morphological divergence from other related species, as evidenced by a high Procrustes distance value of 1247213. This indicates that its shell form is atypical within its group, suggesting unique shell characteristics that distinguish it from other species of Mexacanthina such as Mexacanthina lugubris. Further morphological details specific to Mexacanthina angelica are not explicitly provided in the consulted sources.","Mexacanthina angelica es una especie de caracol marino, clasificada dentro de la familia Muricidae, comúnmente conocida como los caracoles murex o de roca. Descrita originalmente por Oldroyd en 1918, esta especie es un molusco gasterópodo marino. Una característica notable de Mexacanthina angelica es su significativa divergencia morfológica con respecto a otras especies relacionadas, como lo evidencia un alto valor de distancia Procrustes de 1247213. Esto indica que su forma de concha es atípica dentro de su grupo, lo que sugiere características únicas de la concha que la distinguen de otras especies de Mexacanthina, como Mexacanthina lugubris. No se proporcionan detalles morfológicos adicionales específicos de Mexacanthina angelica en las fuentes consultadas.",Wikipedia: Mexacanthina angelica | Wikipedia: Mexacanthina
Acanthinucella_punctulata,1.245.071,"Acanthinucella punctulata, commonly known as the spotted thorn drupe, is a species of predatory sea snail belonging to the family Muricidae, known as murex or rock snails. These snails are typically small, reaching about 2.5 cm in length. The shell is characterized by dark spiral markings resembling wide dots or dashes. A. punctulata is distributed along the West Coast of North America, extending from Monterey, California, to northern Baja California, Mexico. They inhabit the upper intertidal zones on rocky shores. The Procrustes distance indicates that the shell form is more divergent compared to others in the group.","Acanthinucella punctulata, comúnmente conocida como el caracol espinoso manchado, es una especie de caracol de mar depredador perteneciente a la familia Muricidae, conocidos como caracoles murex o de roca. Estos caracoles son típicamente pequeños, alcanzando aproximadamente 2.5 cm de longitud. La concha se caracteriza por tener marcas espirales oscuras que se asemejan a puntos o guiones anchos. A. punctulata se distribuye a lo largo de la costa oeste de América del Norte, desde Monterey, California, hasta el norte de Baja California, México. Habitan en las zonas intermareales superiores de costas rocosas. La distancia de Procrustes indica que la forma de la concha es más divergente en comparación con otras en el grupo.",Wikipedia: Acanthinucella punctulata | Wikipedia: Acanthinucella
Conus_nux,1.244.433,"Conus nux, commonly known as the nut cone, is a species of sea snail in the family Conidae. These snails are predatory and venomous and can sting humans, thus live specimens should be handled carefully. The shell size varies between 10 mm and 26 mm. It is coronated with a rather depressed spire and is granular striate towards the base. The shell color is white, marbled with chestnut, and it may have obscure white bands near the upper part and below the middle of the body whorl. The base of the shell is tinged with violet. This species is found in the Pacific Ocean from Southwestern Baja California, Mexico, to Ecuador, including the Galápagos Islands.","Conus nux, conocido comúnmente como el cono de nuez, es una especie de caracol marino de la familia Conidae. Estos caracoles son depredadores y venenosos, y pueden picar a los humanos, por lo que los especímenes vivos deben manejarse con cuidado. El tamaño de la concha varía entre 10 mm y 26 mm. Está coronada con una espira bastante deprimida y es estriada granular hacia la base. El color de la concha es blanco, jaspeado con castaño, y puede tener bandas blancas en la parte superior y debajo de la mitad de la vuelta del cuerpo. La base de la concha está teñida de violeta. Esta especie se encuentra en el Océano Pacífico desde el suroeste de Baja California, México, hasta Ecuador, incluyendo las Islas Galápagos.",Wikipedia: Conus nux
Conus_purpurascens,1.238.839,"Conus purpurascens, commonly known as the purple cone, is a species of predatory and venomous sea snail belonging to the family Conidae. The shell varies in size from 33 mm to 80 mm, and exhibits a broad-shouldered shape with a striate spire. The shell texture is striate below the shoulder, sometimes slightly granular, and features clouded coloration of white or violaceous and brown or olive, with close chestnut and white minute articulations. Occasionally, it displays irregular white bands in the middle. The coloration is diverse yet the overall shell habit remains relatively consistent. Conus purpurascens is found in the Central Pacific, specifically around the Galapagos Islands and the Gulf of California in Mexico. With a Procrustes distance of 1238839, the species is morphologically divergent from the average shape typical of the genus Conus. Conantokin-P, a toxin useful in research, is derived from its venom, providing a unique ecological relationship with its environment and potential medical applications.","Conus purpurascens, conocido comúnmente como cono púrpura, es una especie de caracol marino depredador y venenoso perteneciente a la familia Conidae. El tamaño de la concha varía entre 33 mm y 80 mm, y presenta una forma de hombro amplio con una espira estriada. La textura de la concha es estriada debajo del hombro, a veces ligeramente granular, y muestra una coloración nublada de blanco o violáceo y marrón u oliva, con líneas articuladas finas de castaño y blanco. Ocasionalmente, se presentan bandas blancas irregulares en el medio. La coloración es diversa aunque el hábito general de la concha permanece bastante constante. Conus purpurascens se encuentra en el Pacífico Central, particularmente alrededor de las Islas Galápagos y el Golfo de California en México. Con una distancia de Procrustes de 1238839, la especie es morfológicamente divergente de la forma promedio típica del género Conus. El conantokin-P, una toxina útil en investigación, se deriva de su veneno, proporcionando una relación ecológica única con su entorno y posibles aplicaciones médicas.",Wikipedia: Conus purpurascens | Wikipedia: List of Conus species
Monoplex_macrodon,1.238.578,"Monoplex macrodon is a species of predatory sea snail belonging to the family Cymatiidae. The species is distributed in the Eastern Pacific, particularly in regions from Baja California, Mexico to Colombia, including the Galápagos Islands, Clipperton Island, and Cocos Island.

The shell size of Monoplex macrodon ranges from 35 to 90 millimeters. This size variation, along with a notable Procrustes distance, indicates that its shell form is more divergent compared to the average within its genus, suggesting a unique morphological adaptation.

The genus Monoplex includes other species of predatory marine gastropods, known for their robust and ornate shells which often reflect their ecological roles as predators within marine environments.","Monoplex macrodon es una especie de caracol marino depredador perteneciente a la familia Cymatiidae. La especie se distribuye en el Pacífico Oriental, particularmente en regiones desde Baja California, México hasta Colombia, incluyendo las Islas Galápagos, Isla Clipperton e Isla del Coco.

El tamaño del caparazón de Monoplex macrodon varía de 35 a 90 milímetros. Esta variación de tamaño, junto con una distancia de Procrustes notable, indica que su forma de caparazón es más divergente en comparación con el promedio dentro de su género, lo que sugiere una adaptación morfológica única.

El género Monoplex incluye otras especies de gasterópodos marinos depredadores, conocidos por sus conchas robustas y ornamentadas que a menudo reflejan sus roles ecológicos como depredadores dentro de los ambientes marinos.",Wikipedia: Monoplex macrodon | Wikipedia: Monoplex
Crepidula_onyx,1.231.428,"Crepidula onyx is a species within the genus Crepidula, commonly referred to as slipper snails. The shells of these gastropods are characterized by their simple structure and plastic morphology, which can lead to challenges in taxonomy. Crepidula onyx has been noted to be morphologically divergent from its group average, with a Procrustes distance to the mean shape indicating a more atypical shell form. This species is well-studied for its role as an exotic invasive species in marine habitats. It falls within a group actively researched due to distinctive life history traits such as protandrous sex change, a process known to be environmentally mediated and influenced by interactions with other snails. Crepidula onyx shares its ecological and developmental research context with the related species, Crepidula fornicata, another well-studied invasive organism.","Crepidula onyx es una especie dentro del género Crepidula, comúnmente conocida como caracoles zapatilla. Las conchas de estos gasterópodos se caracterizan por su estructura simple y morfología plástica, lo que puede conllevar desafíos en la taxonomía. Se ha observado que Crepidula onyx es morfológicamente divergente del promedio de su grupo, con una distancia de Procrustes al promedio de la forma que indica una forma de concha más atípica. Esta especie es bien estudiada por su papel como especie invasora exótica en hábitats marinos. Pertenece a un grupo investigado activamente debido a sus características distintivas del ciclo de vida, como el cambio de sexo protándrico, un proceso que se conoce por estar mediado ambientalmente e influenciado por las interacciones con otros caracoles. Crepidula onyx comparte su contexto de investigación ecológica y de desarrollo con la especie relacionada, Crepidula fornicata, otro organismo invasor bien estudiado.",Wikipedia: Crepidula onyx | Wikipedia: Crepidula
Acanthinucella_spirata,1.230.877,"Acanthinucella spirata is a species of predatory sea snail, a marine gastropod mollusk in the family Muricidae, commonly known as murex snails or rock snails. This species is distributed along the Pacific Ocean coast of North America, living predominantly in rocky intertidal zones.

The shell morphology of Acanthinucella spirata includes distinct forms, with some individuals exhibiting a morphological divergence from the average shape within the group, as indicated by a Procrustes distance to the mean shape. The species is predatory, feeding primarily on the genus Littorina, and employs paralytic venom to capture prey. Its reproductive strategy involves laying egg capsules that range in length from 4 to 9 mm, each containing 17 to 49 embryos.

Acanthinucella spirata was historically utilized by Native American groups such as the Chumash in Central California, around 1000 to 1200 AD. The species has been recorded to extend its range north of previously known distributions.","Acanthinucella spirata es una especie de caracol de mar depredador, un molusco gastrópodo marino en la familia Muricidae, comúnmente conocidos como caracoles de múrice o caracoles de roca. Esta especie se distribuye a lo largo de la costa del Océano Pacífico de América del Norte, viviendo predominantemente en zonas intermareales rocosas.

La morfología de la concha de Acanthinucella spirata incluye formas distintas, con algunos individuos exhibiendo una divergencia morfológica respecto a la forma promedio dentro del grupo, como lo indica una distancia de Procrustes respecto a la forma media. La especie es depredadora, alimentándose principalmente del género Littorina, y emplea veneno paralizante para capturar a su presa. Su estrategia reproductiva implica la puesta de cápsulas de huevos que miden de 4 a 9 mm de largo, cada una conteniendo de 17 a 49 embriones.

Históricamente, Acanthinucella spirata fue utilizada por grupos nativos americanos como los chumash en el centro de California, alrededor del año 1000 al 1200 d.C. Se ha registrado que la especie ha extendido su rango al norte de las distribuciones previamente conocidas.",Wikipedia: Acanthinucella spirata | Wikipedia: Acanthinucella
Alanbeuella_corrugata,1.228.403,"Alanbeuella corrugata, known as the 'gaudy frog shell', is a species of sea snail belonging to the family Bursidae, the frog shells. The maximum recorded shell length is 75 mm. The shell is ovate, somewhat depressed, and ponderous, with a chestnut color. The whorls are encircled by two or three rows of large, livid chestnut-colored pimples. The varices are granulously ridged. The columella is granulously wrinkled, characterized by white wrinkles, while the outer lip is flatly fimbriated, sinuated at the upper part, brown in color and radiated with whitish grooves. Alanbeuella corrugata is found at depths ranging from 2 m to 137 m in marine environments. Its geographic distribution extends across the Atlantic Ocean off West Africa, the Canary Islands, Cape Verdes, and Brazil; as well as the Caribbean Sea, the Gulf of Mexico, and the Lesser Antilles. The Procrustes distance for this species is 1228403, suggesting a highly divergent shell form from the group average, indicating atypical morphological characteristics within its genus.","Alanbeuella corrugata, conocida como 'concha de rana llamativa', es una especie de caracol marino perteneciente a la familia Bursidae, las conchas de rana. La longitud máxima registrada del caparazón es de 75 mm. El caparazón es ovado, algo deprimido y pesado, con un color castaño. Las espiras están rodeadas por dos o tres filas de grandes granos de color castaño liviano. Las várices tienen crestas granuladas. La columela está arrugada de manera granular, caracterizada por arrugas blancas, mientras que el borde exterior es franjado de forma plana, sinuado en la parte superior, de color marrón y con estrías blanquecinas radiadas. Alanbeuella corrugata se encuentra en profundidades que van desde los 2 m hasta los 137 m en ambientes marinos. Su distribución geográfica se extiende a través del Océano Atlántico frente a África Occidental, las Islas Canarias, Cabo Verde y Brasil; así como el Mar Caribe, el Golfo de México y las Antillas Menores. La distancia Procrustes para esta especie es 1228403, lo que sugiere una forma del caparazón altamente divergente del promedio del grupo, indicando características morfológicas atípicas dentro de su género.",Wikipedia: Alanbeuella corrugata | Wikipedia: Alanbeuella
Crepidula_rostrata,1.228.224,,,Wikipedia: Crepidula rostrata | Wikipedia: Crepidula
Echinolittorina_aspera,1.221.758,"Echinolittorina aspera is a species in the kingdom Animalia, phylum Mollusca, class Gastropoda, subclass Caenogastropoda, order Littorinimorpha, and belongs to the family Littorinidae. This species is characterized by a notable divergence in shell form as indicated by a high Procrustes distance to mean shape value. Despite its distinct shell morphology, specific The species was first described by R. A. Philippi in 1846.","Echinolittorina aspera es una especie del reino Animalia, filo Mollusca, clase Gastropoda, subclase Caenogastropoda, orden Littorinimorpha, y pertenece a la familia Littorinidae. Esta especie se caracteriza por una notable divergencia en la forma de la concha, como lo indica un alto valor de distancia de Procrustes al promedio de forma. A pesar de su distintiva morfología de concha, los detalles específicos sobre la forma de la concha, el color y otras características morfológicas no se detallan en las fuentes disponibles. La especie fue descrita por primera vez por R. A. Philippi en 1846.",WoRMS: https://www.marinespecies.org/aphia.php?p=taxdetails&id=446852
Galeropsis_monotonta,1.216.972,"Galeropsis monotonta is a species within the genus Galeropsis, often related to fungi. The taxonomic classification based on the WoRMS data is absent for marine gastropod mollusks, and therefore no marine classifications or distributions could be retrieved. Due to its high Procrustes distance score of 1216972, the shell of Galeropsis monotonta would be considered highly divergent from typical forms in its group, suggesting unusual morphological features or deviations from average shapes. Associated with Muricidae, the mollusks of this family generally have variably shaped shells with strong spiral ridges and axial varices, often bearing spine-like structures. These mollusks are predominantly carnivorous, feeding on other mollusks, and they possess protective, capsule-like egg structures from which juveniles or rarely planktonic larvae hatch. Muricidae are historically significant for the extraction of Tyrian purple dye in ancient times.","Galeropsis monotonta es una especie dentro del género Galeropsis, a menudo relacionada con hongos. La clasificación taxonómica basada en los datos de WoRMS está ausente para los moluscos gasterópodos marinos, por lo que no se pudo recuperar clasificaciones o distribuciones marinas. Debido a su alto puntaje de distancia de Procrustes de 1216972, la concha de Galeropsis monotonta se consideraría altamente divergente de formas típicas en su grupo, sugiriendo características morfológicas inusuales o desviaciones de las formas promedio. Asociados con Muricidae, los moluscos de esta familia generalmente tienen conchas de formas diversas con fuertes crestas espirales y varices axiales, frecuentemente con estructuras similares a espinas. Estos moluscos son predominantemente carnívoros, alimentándose de otros moluscos, y poseen estructuras de huevos tipo cápsula protectora de la que eclosionan juveniles o, raramente, larvas planctónicas. Los Muricidae son históricamente importantes por la extracción de tinte púrpura tirio en tiempos antiguos.",Wikipedia: Galeropsis | Wikipedia: Muricidae
Echinolittorina_modesta,1.216.437,,,WoRMS: https://worms-url
Galeropsis_monodonta,1.214.544,"The species Galeropsis monodonta, with synonyms giving its name as Coralliophila monodonta, is a marine gastropod mollusk belonging to the family Muricidae, also known as murex or rock snails. The shell size of this species ranges from 16 mm to 35 mm in height. The external color of the shell is off-white, while the interior displays a deep purple hue. It is naturally distributed in regions including Mozambique, New Zealand, Natal, and the Marquesas Islands, and has been introduced as an alien species in parts of the Adriatic Sea and Eastern Basin of the Mediterranean. The species typically inhabits coral-rich environments and possesses a shell morphology typical of the family Muricidae, which often features raised spirals and strong axial sculpture. Galeropsis monodonta shows a significant variance in shell form with a Procrustes distance of 1214544, indicating morphological divergence from the average shape within its group. Muricids are generally carnivorous, feeding on other marine organisms like gastropods, bivalves, and barnacles through predatory actions involving boring into prey shells. Reproduction involves laying eggs in protective capsules. The muricids have historical significance due to their role in producing Tyrian purple dye extracted from their shells.","La especie Galeropsis monodonta, con sinónimos que dan su nombre como Coralliophila monodonta, es un molusco gasterópodo marino perteneciente a la familia Muricidae, también conocida como caracoles murex o caracoles rocosos. El tamaño del caparazón de esta especie varía entre 16 mm y 35 mm de altura. El color exterior del caparazón es blanco sucio, mientras que el interior muestra un tono púrpura profundo. Se distribuye naturalmente en regiones como Mozambique, Nueva Zelanda, Natal y las Islas Marquesas, y ha sido introducido como especie exótica en partes del mar Adriático y la cuenca oriental del Mediterráneo. La especie habita típicamente en entornos ricos en corales y posee una morfología de concha típica de la familia Muricidae, que a menudo presenta espirales elevadas y fuerte escultura axial. Galeropsis monodonta muestra una variación significativa en la forma del caparazón con una distancia de Procrustes de 1214544, indicando divergencia morfológica de la forma promedio dentro de su grupo. Los murícidos son generalmente carnívoros, alimentándose de otros organismos marinos como gasterópodos, bivalvos y percebes mediante acciones depredadoras que implican perforar las conchas de sus presas. La reproducción incluye la puesta de huevos en cápsulas protectoras. Los murícidos tienen importancia histórica debido a su papel en la producción del tinte púrpura de Tiro extraído de sus conchas.",Wikipedia: Coralliophila monodonta | Wikipedia: Galeropsis
Gemophos_sanguinolentus,1.213.426,"The species Gemophos sanguinolentus belongs to the Kingdom Animalia, Phylum Mollusca, and Class Gastropoda, indicating that it is a type of marine gastropod mollusk. It falls under the Subclass Caenogastropoda and is a member of the Neogastropoda order. Gemophos sanguinolentus was first described by Duclos in 1833. Although specific morphological details for this species Information regarding the distribution, habitat, and other ecological aspects of Gemophos sanguinolentus were not retrieved.","La especie Gemophos sanguinolentus pertenece al Reino Animalia, el Filo Mollusca y la Clase Gastropoda, lo que indica que es un tipo de molusco gasterópodo marino. Se clasifica bajo la Subclase Caenogastropoda y es miembro del orden Neogastropoda. Gemophos sanguinolentus fue descrito por primera vez por Duclos en 1833. Aunque no se proporcionaron detalles morfológicos específicos para esta especie, se sabe que el género Gemophos tiene formas diversas, lo que podría relacionarse con un alto valor de distancia de Procrustes que indica una forma de concha divergente dentro del grupo. No se recuperó información sobre la distribución, el hábitat y otros aspectos ecológicos de Gemophos sanguinolentus.",WoRMS: https://www.marinespecies.org/aphia.php?p=taxdetails&id=448082
Littoraria_varia,1.213.339,"Littoraria varia is a species of sea snail within the family Littorinidae, commonly known as winkles or periwinkles. It is distributed from Panama to Peru. The genus Littoraria includes more than fifty species of marine gastropod mollusks, with many inhabiting the Tropical Eastern Pacific and thriving in mangrove forests above the high tide level. These snails typically feed on algae, epiphytes, fungi, diatoms, and the leaf epidermis of mangroves. The shell morphology of Littoraria species is often influenced by ecological factors, such as the height at which they live in mangroves, resulting in more variable shell color and thinner shells in higher elevations. Littoraria varia has notable morphological divergence from the mean shape within its group, given its high Procrustes distance. As a member of the Caenogastropoda subclass, it is classified under the order Littorinimorpha.","Littoraria varia es una especie de caracol marino dentro de la familia Littorinidae, comúnmente conocida como bígaros o caracoles de mar. Se distribuye desde Panamá hasta Perú. El género Littoraria incluye más de cincuenta especies de moluscos gasterópodos marinos, con muchas habitando el Pacífico Oriental Tropical y prosperando en los bosques de manglares por encima del nivel de marea alta. Estos caracoles generalmente se alimentan de algas, epífitas, hongos, diatomeas y la epidermis foliar de los manglares. La morfología de la concha de las especies Littoraria a menudo se ve influenciada por factores ecológicos, como la altura a la que viven en los manglares, resultando en un color de concha más variable y conchas más delgadas en elevaciones más altas. Littoraria varia presenta una notable divergencia morfológica de la forma media dentro de su grupo, dada su alta distancia de Procrustes. Como miembro de la subclase Caenogastropoda, está clasificado bajo el orden Littorinimorpha.",Wikipedia: Littoraria varia | Wikipedia: Littoraria | WoRMS: https://marinespecies.org/aphia.php?p=taxdetails&id=233497
Conus_regularis,1.208.934,"Conus regularis, also known as the regular cone, is a marine gastropod mollusk in the family Conidae, the cone snails and their allies. The species classification is as follows: Kingdom Animalia, Phylum Mollusca, Class Gastropoda, Subclass Caenogastropoda. The genus Conus includes this species. Known for its conical shell, this species is part of a diverse and widespread group of predatory sea snails. Further details are available on official taxonomic repositories.","Conus regularis, también conocido como el cono regular, es un molusco gasterópodo marino de la familia Conidae, los caracoles cónicos y sus aliados. La clasificación de la especie es la siguiente: Reino Animalia, Phylum Mollusca, Clase Gastropoda, Subclase Caenogastropoda. El género Conus incluye esta especie. Conocida por su concha cónica, esta especie es parte de un grupo diverso y extendido de caracoles marinos depredadores. Más detalles están disponibles en repositorios taxonómicos oficiales.",WoRMS: https://www.marinespecies.org/aphia.php?p=taxdetails&id=428171
Favartia_erosa,1.197.698,"Favartia erosa is a species of marine gastropod mollusk belonging to the family Muricidae, commonly known as murex snails or rock snails. This species is characterized by a crystalline shell, a feature common among members of the genus Favartia. The Procrustes distance of 1197698 suggests that Favartia erosa has a more morphologically divergent shell form compared to the group average, indicating a significant variation in shell shape or ornamentation from the typical species within its genus.","Favartia erosa es una especie de molusco gasterópodo marino perteneciente a la familia Muricidae, comúnmente conocidos como caracoles murex o caracoles de roca. Esta especie se caracteriza por una concha cristalina, una característica común entre los miembros del género Favartia. La distancia de Procrustes de 1197698 sugiere que Favartia erosa tiene una forma de concha morfológicamente más divergente en comparación con el promedio del grupo, lo que indica una variación significativa en la forma o ornamentación de su concha respecto a la especie típica dentro de su género.",Wikipedia: Favartia erosa | Wikipedia: Favartia
Glossaulax_reclusiana,1.166.716,"Glossaulax reclusiana, commonly known as Recluz's moon snail, is a species within the family Naticidae. The shell is ovate-conical and swollen, featuring a smooth or slightly striated surface. It is characterized by grayish-lead coloration, with the base being whitish and a distinctive dark band around the suture. The shell can reach up to 84 millimeters in height.
The umbilicus is large and mostly covered by a callus, which is unevenly divided by a groove. The columella is heavily calloused at the top, possessing a white upper part marked by a dark spot in the lower region. The ovate-semilunar aperture has a small channel at the top and is white to brownish inside.
G. reclusiana inhabits shallow bays and lagoons ranging from the intertidal zone to depths of approximately 49.5 meters along the coasts of California and Mexico. As a predatory species, it feeds primarily on other mollusks like Callianax biplicata and Chione fluctifraga.
This species exhibits a high Procrustes distance to the mean shape of its group, indicating it has a more divergent shell form compared to average morphological characteristics of related taxa.","Glossaulax reclusiana, comúnmente conocida como el caracol lunar de Récluz, es una especie de la familia Naticidae. La concha es de forma ovado-cónica y abultada, con una superficie lisa o ligeramente estriada. Se caracteriza por un color grisáceo-plomo, con una base blanquecina y una distintiva banda oscura alrededor de la sutura. La concha puede alcanzar hasta 84 milímetros de altura.
El ombligo es grande y está mayormente cubierto por un callo, el cual está dividido de manera desigual por un surco. La columela está fuertemente callosa en la parte superior, presentando una parte superior blanca marcada por una mancha oscura en la región inferior. La abertura ovada-semilunar tiene un canal pequeño en la parte superior y es blanca a marrón por dentro.
G. reclusiana habita en bahías y lagunas poco profundas que abarcan desde la zona intermareal hasta profundidades de aproximadamente 49.5 metros a lo largo de las costas de California y México. Como especie depredadora, se alimenta principalmente de otros moluscos como Callianax biplicata y Chione fluctifraga.
Esta especie exhibe una alta distancia de Procrustes al promedio de su grupo, indicando que presenta una forma de concha más divergente en comparación con las características morfológicas promedio de taxones relacionados.",Wikipedia: Glossaulax reclusiana | Wikipedia: Glossaulax
Amphithalamus_inclusus,1.160.221,"Amphithalamus inclusus is a species of minute sea snails, marine gastropod mollusks or micromollusks belonging to the family Anabathridae. The shell of this species measures up to 1.1 mm in length and 0.9 mm in diameter. Its morphology resembles that of a small Stenothyra. The shell has a bluntly ribbed base and a cancellated nucleus, with the outer lip uncontracted and the columellar lip meeting forward in adults, leaving a chamber behind. The shell is pale brown, with an ashy tinge and a flesh-colored columellar region. The nuclear whorls count 1.5 with poorly developed spiral lirations. Post-nuclear whorls are strongly rounded, narrowly shouldered, with a weak peripheral keel and a sharply marked suture. The aperture is oval and greatly contracted by a shelf, characteristic of the genus. The operculum is thin and paucispiral. This species is found off the western coast of North America.","Amphithalamus inclusus es una especie de caracoles marinos minúsculos, moluscos gastrópodos marinos o micromoluscos pertenecientes a la familia Anabathridae. La concha de esta especie mide hasta 1.1 mm de longitud y 0.9 mm de diámetro. Su morfología se asemeja a la de un pequeño Stenothyra. La concha tiene una base con costillas romas y un núcleo cancelado, con el labio exterior no contraído y el labio columelar encontrándose hacia el frente en adultos, dejando una cámara detrás. La concha es de color marrón pálido, con un matiz ceniciento y una región columelar de color carne. Las vueltas nucleares cuentan 1.5 con liraciones espirales poco desarrolladas. Las vueltas postnucleares son fuertemente redondeadas, estrechamente hombreadas, con una quilla periférica débil y una sutura bien marcada. La abertura es ovalada y muy contraída por un estante, característico del género. El opérculo es delgado y paucispiral. Esta especie se encuentra frente a la costa occidental de América del Norte.",Wikipedia: Amphithalamus inclusus | Wikipedia: Amphithalamus
Conus_archon,1.157.378,"Conus archon, commonly known as the magistrate cone, is a species of sea snail within the family Conidae, the cone snails and their allies. It is categorized under the Kingdom Animalia, Phylum Mollusca, Class Gastropoda, Subclass Caenogastropoda, and Order Neogastropoda. The species authority is Broderip, 1833. The Procrustes distance to mean shape for this species is 11573781944143800, indicating a highly divergent shell form from the group average, although detailed shell morphology and geographic distribution","Conus archon, conocido comúnmente como el cono magistrado, es una especie de caracol marino dentro de la familia Conidae, que incluye los caracoles cono y sus aliados. Está categorizado bajo el Reino Animalia, Phylum Mollusca, Clase Gastropoda, Subclase Caenogastropoda y Orden Neogastropoda. La autoridad de la especie es Broderip, 1833. La distancia de Procrustes al promedio forma para esta especie es 11573781944143800, indicando una forma de caparazón altamente divergente del promedio del grupo, aunque no se proporcionan detalles de morfología del caparazón y distribución geográfica en las fuentes.",https://www.google.com/search?q=Conus+archon+gastropod+shell+morphology+taxonomy | WoRMS: https://www.google.com/search?q=Conus+archon+site%3Amarinespecies.org+OR+site%3Amolluscabase.org
Conus_orion,1.153.585,"Conus orion, commonly known as the Orion cone, is a species of predatory, venomous marine gastropod mollusk in the family Conidae. Like all Conus species, it is capable of stinging humans and should be handled cautiously. The shell's size ranges from 17 mm to 32 mm and is noted for its angular shoulder. Its coloration features dark brown with maculated white bands and darker brown revolving lines. The spire of the shell is convex and chestnut-maculated. This species occurs in the Pacific Ocean between Mexico and Colombia. With a Procrustes distance to mean shape of 1153585, its shell form is morphologically divergent from the group average, indicating an atypical shell structure within its genus.","Conus orion, conocido comúnmente como el cono de Orión, es una especie de molusco gasterópodo marino depredador y venenoso perteneciente a la familia Conidae. Como todas las especies de Conus, es capaz de picar a humanos y debe ser manejado con cuidado. El tamaño de su concha varía entre 17 mm y 32 mm, destacándose por su hombro angular. Su coloración presenta marrón oscuro con bandas blancas maculadas y líneas continuas de marrón más oscuro. La espira de la concha es convexa y maculada con castaño. Esta especie se encuentra en el océano Pacífico entre México y Colombia. Con una distancia Procrustes al promedio de forma de 1153585, su forma de concha es morfológicamente divergente del promedio del grupo, lo que indica una estructura de concha atípica dentro de su género.",Wikipedia: Conus orion | Wikipedia: List of Conus species
Marsupina_nana,1.142.957,"Marsupina nana, commonly known as the dwarf frog shell, is a species of marine gastropod mollusc in the family Bursidae, also known as the frog shells. The shell size varies between 30 mm and 60 mm. This species is distributed in the Gulf of California, along Western Mexico, and in the Pacific Ocean along Peru. Its fossils have been found in the Charco Azul Formation, a geologic formation in western Panama and southeastern Costa Rica, indicating its presence during the Pliocene period. The Procrustes distance to the mean shell shape for Marsupina nana is noted to be 1142956834730850, suggesting a highly divergent shell form compared to the group average.","Marsupina nana, comúnmente conocida como la concha de rana enana, es una especie de molusco gasterópodo marino de la familia Bursidae, también conocida como las conchas de rana. El tamaño de la concha varía entre 30 mm y 60 mm. Esta especie se distribuye en el Golfo de California, a lo largo del oeste de México, y en el Océano Pacífico a lo largo de Perú. Sus fósiles se han encontrado en la Formación de Charco Azul, una formación geológica en el oeste de Panamá y el sureste de Costa Rica, indicando su presencia durante el período Plioceno. La distancia de Procrustes a la forma media de la concha para Marsupina nana se señala como 1142956834730850, lo que sugiere una forma de concha altamente divergente en comparación con el promedio del grupo.",Wikipedia: Marsupina nana | Wikipedia: Marsupina
Conus_vittatus,1.131.602,"Conus vittatus, known commonly as the ribboned cone, is a species of sea snail in the family Conidae, the cone snails. It is classified under the genus Conus. The accepted name is Conus vittatus Hwass, 1792. Morphological details such as shell shape and size, surface texture, color patterns, and other physical characteristics were not retrieved. Additionally, distribution, habitat preferences, and other ecological relationships were not explicitly provided. The Procrustes distance of this species' shell form is recorded as 11316018180292600, indicating a highly divergent shell morphology from the group average within its classification.","Conus vittatus, conocido comúnmente como el cono listón, es una especie de caracol marino de la familia Conidae, los caracoles cono. Está clasificado bajo el género Conus. El nombre aceptado es Conus vittatus Hwass, 1792. No se recuperaron detalles morfológicos como la forma y tamaño de la concha, textura superficial, patrones de color y otras características físicas. Además, no se proporcionaron explícitamente distribución, preferencias de hábitat u otras relaciones ecológicas. La distancia de Procrustes de la forma de la concha de esta especie se registra como 11316018180292600, lo que indica una morfología de concha altamente divergente del promedio del grupo dentro de su clasificación.",https://serpapi.com/search?query=Conus%20vittatus%20gastropod%20shell%20morphology%20taxonomy | WoRMS: https://serpapi.com/search?query=Conus%20vittatus%20site%3Amarinespecies.org%20OR%20site%3Amolluscabase.org
Anachis_varia,1.128.084,"Anachis varia is a species of sea snail in the family Columbellidae, commonly known as dove snails. The shell is oblong and displays a pointed apex. It features 8 to 9 whorls that are brownish with whitish variegation, with longitudinal ribs and grooves between the ribs. The aperture of the shell is suboval and the outer lip has a thickened margin that is emarginated on its upper part. These morphological features contribute to a Procrustes distance of 1128084, indicating a highly morphologically divergent shell form compared to the group average. This species is distributed in the Gulf of California and the Pacific Ocean off Costa Rica, Panama, and Ecuador.","Anachis varia es una especie de caracol marino de la familia Columbellidae, comúnmente conocida como caracoles paloma. La concha es oblonga y presenta un ápice puntiagudo. Tiene de 8 a 9 vueltas que son de color parduzco con variedades blanquecinas, con costillas longitudinales y surcos entre las costillas. La abertura de la concha es suboval y el borde exterior tiene un margen engrosado que está emarginado en su parte superior. Estas características morfológicas contribuyen a una distancia Procrustes de 1128084, lo que indica una forma de concha altamente divergente morfológicamente en comparación con el promedio del grupo. Esta especie se distribuye en el Golfo de California y el Océano Pacífico cerca de Costa Rica, Panamá y Ecuador.",Wikipedia: Anachis varia | Wikipedia: Anachis
Conus_brunneus,1.126.925,"Conus brunneus, commonly known as Wood's brown cone, is a species of marine gastropod mollusk in the family Conidae. As with all species within the genus Conus, these snails are predatory and venomous, capable of stinging humans.

The shell of Conus brunneus varies in size from 16 mm to 65 mm. It features a short, conical, and tuberculate spire. The shell coloration is chestnut-brown, with chocolate lineations and occasional longitudinal white maculations. These white markings sometimes form a broad central interrupted band, with other maculations distributed across the shell surface. The shell base displays a subgranularly striate pattern.

Conus brunneus inhabits the Pacific Ocean, ranging from Southwest Baja California, Mexico to Ecuador, including the Galápagos Islands. The species exhibits a high Procrustes distance to mean shape of its group, indicating a morphologically divergent shell form compared to the typical shell shapes within its genus.","Conus brunneus, comúnmente conocido como el cono marrón de Wood, es una especie de molusco gasterópodo marino de la familia Conidae. Al igual que todas las especies del género Conus, estos caracoles son depredadores y venenosos, capaces de picar a los humanos.

La concha de Conus brunneus varía en tamaño desde 16 mm hasta 65 mm. Presenta una espira corta, cónica y tubercular. La coloración de la concha es marrón castaño, con líneas de chocolate y ocasionales maculaciones blancas longitudinales. Estas marcas blancas a veces forman una banda interrumpida central amplia, con otras maculaciones distribuidas por la superficie de la concha. La base de la concha muestra un patrón estriado subgranular.

Conus brunneus habita en el Océano Pacífico, desde el suroeste de Baja California, México, hasta Ecuador, incluyendo las Islas Galápagos. La especie muestra una alta distancia Procrustes al promedio de forma de su grupo, lo que indica una forma de concha morfológicamente divergente en comparación con las formas de concha típicas dentro de su género.",Wikipedia: Conus brunneus | Wikipedia: Conus
Granulina_margaritula,112.574,"Granulina margaritula, commonly known as the 'Little Pearl', is a prosobranch gastropod belonging to the family Marginellidae. It is classified under the Kingdom Animalia, Phylum Mollusca, Class Gastropoda, and Subclass Caenogastropoda. This species is distributed from Southern Alaska to the Baja California Peninsula. The Procrustes distance to the mean shape for Granulina margaritula is 11257402499317600, indicating a divergent shell form from the group average.","Granulina margaritula, comúnmente conocida como el 'Pequeña Perla', es un gasterópodo prosobranquio perteneciente a la familia Marginellidae. Se clasifica bajo el Reino Animalia, el Phylum Mollusca, la Clase Gastropoda y la Subclase Caenogastropoda. Esta especie se distribuye desde el sur de Alaska hasta la península de Baja California. La distancia de Procrustes a la forma media para Granulina margaritula es 11257402499317600, lo que indica una forma de concha divergente del promedio del grupo.",Wikipedia: Granulina
Anachis_scalarina,1.122.059,"Anachis scalarina is a species of sea snail in the family Columbellidae, known for its characteristic shell morphology and occurrence in marine environments. The shell length of Anachis scalarina reaches up to 21 mm. It is distinguished by a thin epidermis with very few fine ridges of growth. The shell displays sharp, continued ribs cancellated over the entire surface, accompanied by strong teeth on the upper portion of the outer lip. The coloration is primarily brown, with a white band below the suture. Notably, the young shells feature a distinct, somewhat bent siphonal canal. This species can be found in the Gulf of California and the Pacific Ocean off Mexico and Panama. Anachis scalarina is placed within a divergent morphotype compared to other species in its genus, which is supported as highly polyphyletic. The shell of Anachis scalarina possesses an inflated growth pattern and differs from Anachis costellata in having larger size and distinctive features despite superficial similarities. Its ecological preferences include residing in tropical marine regions. The shell's divergence, as indicated by a high Procrustes distance to mean shape, suggests a unique morphological adaptation in comparison to typical forms within its group.","Anachis scalarina es una especie de caracol marino de la familia Columbellidae, conocido por su morfología característica del caparazón y su presencia en ambientes marinos. La longitud del caparazón de Anachis scalarina alcanza hasta 21 mm. Se distingue por una epidermis fina con muy pocos bordes finos de crecimiento. El caparazón muestra costillas continuas y afiladas, canceladas en toda la superficie, acompañadas de dientes fuertes en la parte superior del labio externo. La coloración es principalmente marrón, con una banda blanca debajo de la sutura. Específicamente, los caparazones jóvenes presentan un canal sifonal algo doblado. Esta especie se encuentra en el Golfo de California y en el Océano Pacífico frente a México y Panamá. Anachis scalarina se ubica dentro de un morfotipo divergente en comparación con otras especies de su género, el cual se apoya como altamente polifilético. El caparazón de Anachis scalarina posee un patrón de crecimiento inflado y se diferencia de Anachis costellata por tener mayor tamaño y características distintivas a pesar de las similitudes superficiales. Sus preferencias ecológicas incluyen la residencia en regiones marinas tropicales. La divergencia del caparazón, dada la alta distancia de Procrustes al promedio de formas, sugiere una adaptación morfológica única en comparación con las formas típicas dentro de su grupo.",Wikipedia: Anachis scalarina | Wikipedia: Anachis
Conasprella_perplexa,111.069,"Conasprella perplexa is a species of sea snail within the family Conidae, commonly referred to as cone snails. These snails are predatory and venomous, capable of stinging humans. Conasprella perplexa is known by the common name 'cono perplejo' in Mexico. The shell size of Conasprella perplexa ranges from 15 mm to 30 mm in length, displaying a yellowish-white color with variable spiral rows of dots and dashes, and a purple aperture. The shell is covered with a thin periostracum, and the overall morphology is notably divergent from the average shape of related species, as indicated by a high Procrustes distance to the mean shape of 111069. These sea snails are distributed from Baja California, Mexico to Peru, including the Galápagos Islands. The genus Conasprella exhibits shell characteristics with a smooth periostracum, small operculum, elevated spire, and nodules on early whorls along with evenly spaced cords on the body whorl. Feeding habits are presumed to be vermivorous, preying on marine worms based on radular morphology.","Conasprella perplexa es una especie de caracol marino dentro de la familia Conidae, comúnmente conocida como caracoles cono. Estos caracoles son depredadores y venenosos, capaces de picar a los humanos. Conasprella perplexa es conocida por el nombre común 'cono perplejo' en México. El tamaño de la concha de Conasprella perplexa varía de 15 mm a 30 mm de longitud, mostrando un color blanco amarillento con filas espirales variables de puntos y guiones, y una apertura de color púrpura. La concha está cubierta con un delgado periostraco, y la morfología general es notablemente divergente de la forma promedio de especies relacionadas, lo que se indica por una alta distancia de Procrustes a la forma media de 111069. Estos caracoles marinos se distribuyen desde Baja California, México hasta Perú, incluidas las Islas Galápagos. El género Conasprella exhibe características de concha con un periostraco liso, opérculo pequeño, espira elevada y nódulos en los primeros vuelcos, junto con cordones uniformemente espaciados en el cuerpo del vórtice. Se presume que los hábitos alimenticios son vermívoros, y se alimentan de gusanos marinos según la morfología del rádula.",Wikipedia: Conasprella perplexa | Wikipedia: Conasprella
Enaeta_barnesii,1.093.643,"Enaeta barnesii belongs to the family Volutidae within the genus Enaeta. The genus is characterized by small, ovate to fusiform shells with a smooth protoconch and teleoconch covered by axial ribs. A conspicuous tooth-like blunt nodule can be found on the midpoint of the outer lip. The species beholds a radula that is uniserial with an interlocking central cusp. The geographic distribution of the genus includes the Caribbean Sea and extends to the Atlantic Ocean southward to Brazil and the Fernando de Noronha Islands. Enaeta barnesii's shell is morphologically divergent within its group, as indicated by a high Procrustes distance from the mean shape, suggesting atypical shell morphology within its phylogenetic context.","Enaeta barnesii pertenece a la familia Volutidae dentro del género Enaeta. El género se caracteriza por conchas pequeñas, de forma ovada a fusiforme con un protoconch liso y teleoconch cubierto por costillas axiales. Se puede encontrar una nódulo con aspecto de diente en el punto medio del borde externo. La especie posee una rádula uniseriada con un cúspide central de interbloqueo. La distribución geográfica del género incluye el Mar Caribe y se extiende hacia el sur del Océano Atlántico hasta Brasil y las Islas Fernando de Noronha. La concha de Enaeta barnesii es morfológicamente divergente dentro de su grupo, según lo indica una alta distancia Procrustes respecto a la forma media, lo que sugiere una morfología de concha atípica dentro de su contexto filogenético.",Wikipedia: Enaeta barnesii | Wikipedia: Enaeta
Californiconus_californicus,1.071.119,"Californiconus californicus, commonly known as the Californian cone, is a species of small, predatory sea snail within the family Conidae, the cone snails. The species inhabits the cooler, temperate waters of the Eastern Pacific Ocean, ranging from the Farallon Islands near San Francisco to Bahía Magdalena in Baja California Sur, Mexico. It resides in both rocky and sandy areas from the intertidal zone down to 30 meters depth.

The shell of Californiconus californicus is distinguished by its grayish-brown color and thick periostracum. It has a round-shouldered profile with a spire that is flat-sided, and a broader aperture at the base. The shell height ranges from 25–40 mm. In terms of feeding, the Californian cone is a generalist predator, hunting and consuming marine worms, fish, and other mollusks. It also exhibits scavenging behavior. Unique among its family, this species has diverging molecular (including toxicological) and morphological characteristics compared to other cone snails, which generally have more specialized diets.

Fossils of this species have been found in the Late Pleistocene strata of Isla Vista, California.

Californiconus was historically placed within the genus Conus but was reclassified based on its unique shell morphology and radular features, such as a lack of basal spur on its radular tooth. It holds significant morphological divergence within the cone snails, as indicated by its Procrustes distance value of 10711187359199000, highlighting a substantial deviation from the group average shape.","Californiconus californicus, comúnmente conocido como el cono californiano, es una especie de pequeño caracol marino depredador de la familia Conidae, los conos. La especie habita en las aguas más frías y templadas del Océano Pacífico oriental, desde las Islas Farallon cerca de San Francisco hasta Bahía Magdalena en Baja California Sur, México. Reside tanto en áreas rocosas como arenosas, desde la zona intermareal hasta los 30 metros de profundidad.

La concha de Californiconus californicus se distingue por su color marrón grisáceo y su espeso periostraco. Tiene un perfil de hombros redondeados con una espira de lado plano, y una apertura más ancha en la base. La altura de la concha varía de 25 a 40 mm. En términos de alimentación, el cono californiano es un depredador generalista, cazando y consumiendo gusanos marinos, peces y otros moluscos. También exhibe comportamiento de carroñeo. Esta especie es única en su familia debido a sus características moleculares (incluyendo toxicidad) y morfológicas divergentes en comparación con otros caracoles cono, que generalmente tienen dietas más especializadas.

Se han encontrado fósiles de esta especie en los estratos del Pleistoceno tardío de Isla Vista, California.

Californiconus fue históricamente clasificado dentro del género Conus, pero fue reclasificado basándose en su morfología única de concha y características radulares, como la falta de espolón basal en su diente radular. Tiene una divergencia morfológica significativa dentro de los caracoles cono, como indica su valor de distancia Procrustes de 10711187359199000, lo que subraya una desviación sustancial de la forma promedio del grupo.",Wikipedia: Californiconus californicus | Wikipedia: Californiconus
Engina_tabogaensis,106.229,"Engina tabogaensis is a species within the genus Engina, part of the family Pisaniidae. The genus Engina includes marine gastropod mollusks known for their distinctive shell shapes and patterns. Within this family, Engina tabogaensis exhibits morphological characteristics distinct from other members, as evidenced by its notably high Procrustes distance value of 106229, indicating it has a more divergent shell form compared to the average of the group. Unfortunately, detailed descriptions specific to Engina tabogaensis, such as its shell morphology, size, coloration, ecological preferences, and behavior, are not readily accessible from the sources reviewed. Given the genus it belongs to, it may share some general characteristics like marine habitat preferences and carnivorous diet observed in other Engina species.","Engina tabogaensis es una especie dentro del género Engina, parte de la familia Pisaniidae. El género Engina incluye moluscos gasterópodos marinos conocidos por sus distintivas formas y patrones de conchas. Dentro de esta familia, Engina tabogaensis exhibe características morfológicas distintas de otros miembros, como lo demuestra su notablemente alto valor de distancia Procrustes de 106229, lo que indica que tiene una forma de concha más divergente en comparación con el promedio del grupo. Lamentablemente, descripciones detalladas específicas para Engina tabogaensis, como su morfología de la concha, tamaño, coloración, preferencias ecológicas y comportamiento, no están fácilmente accesibles en las fuentes revisadas. Dado el género al que pertenece, podría compartir algunas características generales, como sus preferencias de hábitat marino y dieta carnívora observadas en otras especies de Engina.",Wikipedia: Engina | WoRMS: https://worms-url
Conus_bartschi,1.030.374,"Conus bartschi, commonly known as Bartsch's cone, is a species of sea snail belonging to the family Conidae, also known as the cone snails. This species is predatory and venomous, and it is capable of stinging humans, necessitating careful handling. The shell of Conus bartschi varies in size from 22 mm to 50 mm in height. It inhabits marine environments distributed from the Gulf of California in Western Mexico to Costa Rica. The Procrustes distance of 1030374 indicates that the shell morphology of Conus bartschi is highly divergent from the average form of its group.","Conus bartschi, conocido comúnmente como el cono de Bartsch, es una especie de caracol marino perteneciente a la familia Conidae, también conocida como los caracoles cono. Esta especie es depredadora y venenosa, y es capaz de picar a los humanos, lo que requiere un manejo cuidadoso. La concha de Conus bartschi varía en tamaño de 22 mm a 50 mm de altura. Habita en ambientes marinos distribuidos desde el Golfo de California en el oeste de México hasta Costa Rica. La distancia de Procrustes de 1030374 indica que la morfología de la concha de Conus bartschi es altamente divergente de la forma promedio de su grupo.",Wikipedia: Conus bartschi | Wikipedia: Conus
Mitrella_pulchrior,1.029.345,"Mitrella pulchrior is a species of small sea snail in the family Columbellidae, commonly known as dove snails. The genus Mitrella is comprised of small marine gastropods characterized by their elongated and often smooth shells. While specific details on the morphology of Mitrella pulchrior were not found, the genus is generally known for having fusiform, elongated shells with variable sculpture patterns, which can include ribs or smooth surfaces. The Procrustes distance score of 1029345 suggests that the shell form of this species is morphologically divergent compared to the average shape of congeneric species, indicating unique evolutionary adaptations or ecological interactions.

In terms of ecology, members of the family Columbellidae are typically found in marine environments, though specific habitat preferences such as depth, substrate, or temperature for Mitrella pulchrior are not detailed. Similarly, feeding behavior and reproductive strategies specific to this species were not provided, though gastropods in this group often display varied trophic levels and can be detritivores or feed on microalgae.

The genus Mitrella historically includes a variety of species many of which have been synonymized or reclassified, indicative of a complex taxonomic history.","Mitrella pulchrior es una especie de pequeño caracol marino de la familia Columbellidae, comúnmente conocida como caracoles paloma. El género Mitrella está compuesto por pequeños gasterópodos marinos que se caracterizan por sus conchas alargadas y a menudo lisas. Aunque no se encontraron detalles específicos sobre la morfología de Mitrella pulchrior, el género generalmente se conoce por tener conchas fusiformes y alargadas con patrones de escultura variables, que pueden incluir costillas o superficies lisas. El puntaje de distancia Procrustes de 1029345 sugiere que la forma de la concha de esta especie es morfológicamente divergente en comparación con la forma promedio de especies congéneres, lo que indica adaptaciones evolutivas únicas o interacciones ecológicas.

En términos ecológicos, los miembros de la familia Columbellidae suelen encontrarse en entornos marinos, aunque no se detalla las preferencias específicas de hábitat como la profundidad, el sustrato o la temperatura de Mitrella pulchrior. Del mismo modo, el comportamiento alimentario y las estrategias reproductivas específicas de esta especie no fueron proporcionados, aunque los gasterópodos en este grupo a menudo exhiben niveles tróficos variados y pueden ser detritívoros o alimentarse de microalgas.

El género Mitrella históricamente incluye una variedad de especies, muchas de las cuales han sido sinonimizadas o reclasificadas, lo que indica una historia taxonómica compleja.",Wikipedia: Mitrella pulchrior | Wikipedia: Mitrella
Littorina_scutulata,101.491,"Littorina scutulata is a species of sea snail in the family Littorinidae, commonly known as periwinkles or winkles. This gastropod is found lower on rocky surfaces compared to related species such as Littorina planaxis and exhibits vertical migrations with the tides, moving up and down the rocks and exiting tide pools at night. It often hides in cracks or barnacle shells during low tide. The shell is typical of the genus Littorina, which features thick, pointed turbinated shells with a rounded aperture, flattened columella, and scarcity of whorls. The shell measures within the size range typical for Littorina species, but the Procrustes distance of 101491 indicates that Littorina scutulata's shell form is morphologically divergent from the average in its group. The snail is distributed from Kodiak Island, Alaska, to Bahia de Tortuga, Baja California, indicating a preference for colder northern and temperate waters. In feeding, Littorina scutulata primarily consumes diatom films, microscopic algae, lichens, and sometimes larger algae such as Pelvetia and Ulva. The species reproduces year-round except during summer, with eggs laid underwater in gelatinous spiral masses housing over 2000 eggs. It also harbors parasitic flukes in over 10% of individuals in regions like Oregon, while sea stars such as Leptasterias hexactis are known predators. Interestingly, its eye anatomy is comparable to land snails such as Helix aspera.","Littorina scutulata es una especie de caracol marino de la familia Littorinidae, comúnmente conocidos como bígaros o caracoles de mar. Este gasterópodo se encuentra más abajo en las superficies rocosas en comparación con especies relacionadas como Littorina planaxis y exhibe migraciones verticales con las mareas, moviéndose hacia arriba y abajo de las rocas y saliendo de las charcas de marea por la noche. A menudo se oculta en grietas o conchas de percebes durante la marea baja. La concha es típica del género Littorina, que presenta conchas turbina gruesas y puntiagudas con una apertura redondeada, columela plana y escasez de vueltas. La concha mide dentro del rango de tamaño típico para especies de Littorina, pero la distancia de Procrustes de 101491 indica que la forma de la concha de Littorina scutulata es morfológicamente divergente del promedio en su grupo. El caracol se distribuye desde la Isla Kodiak, Alaska, hasta Bahía de Tortuga, Baja California, indicando una preferencia por aguas frías del norte y templadas. En su alimentación, Littorina scutulata consume principalmente películas de diatomeas, microalgas, líquenes y, a veces, algas más grandes como Pelvetia y Ulva. La especie se reproduce durante todo el año, excepto en verano, con huevos que se depositan bajo el agua en masas gelatinosas en espiral que albergan más de 2000 huevos. También alberga trematodos parásitos en más del 10% de los individuos en zonas como Oregón, mientras que estrellas de mar como Leptasterias hexactis son depredadores conocidos. Curiosamente, su anatomía ocular es comparable a la de caracoles terrestres como Helix aspera.",Wikipedia: Littorina scutulata | Wikipedia: Littorina
Columbella_strombiformis,999.405,"Columbella strombiformis, commonly known as the stromboid dove shell, is a species of sea snail classified within the family Columbellidae, known as the dove snails. The taxonomic classification of this marine gastropod follows: Kingdom Animalia, Phylum Mollusca, Class Gastropoda, Subclass Caenogastropoda. The species was first described by Lamarck in 1822. Due to its classification, it shares certain morphological characteristics typical of the dove snail family but specific features regarding its shell morphology, distribution, or further ecological data","Columbella strombiformis, comúnmente conocida como la concha de paloma estromboide, es una especie de caracol marino clasificada dentro de la familia Columbellidae, conocida como caracoles palomas. La clasificación taxonómica de este gastrópodo marino sigue: Reino Animalia, Filo Mollusca, Clase Gastropoda, Subclase Caenogastropoda. La especie fue descrita por primera vez por Lamarck en 1822. Dado su clasificación, comparte ciertas características morfológicas típicas de la familia de caracoles paloma, pero las características específicas sobre la morfología de su caparazón, distribución u otros datos ecológicos no se detallan en las fuentes consultadas.",https://serpapi.com/search?q=Columbella+strombiformis+gastropod+shell+morphology+taxonomy | WoRMS: https://serpapi.com/search?q=Columbella+strombiformis+site%3Amarinespecies.org+OR+site%3Amolluscabase.org
Dermomurex_indentatus,991.943,"Dermomurex indentatus is a species of sea snail, a marine gastropod mollusk in the family Muricidae, which are commonly known as murex snails or rock snails. The shell length of Dermomurex indentatus varies between 25 mm and 33 mm. This species is distributed in the Pacific Ocean, ranging from Mexico to Panama. In terms of morphological divergence within its group, this species has a notable Procrustes distance to the mean shape, indicating a divergent shell form.","Dermomurex indentatus es una especie de caracol marino, un molusco gasterópodo marino de la familia Muricidae, comúnmente conocidos como caracoles murex o caracoles de roca. La longitud de la concha de Dermomurex indentatus varía entre 25 mm y 33 mm. Esta especie se distribuye en el Océano Pacífico, abarcando desde México hasta Panamá. En términos de divergencia morfológica dentro de su grupo, esta especie tiene una notable distancia de Procrustes a la forma media, lo que indica una forma de concha divergente.",Wikipedia: Dermomurex indentatus | Wikipedia: Dermomurex
Conus_dalli,990.316,"Conus dalli, commonly known as Dall's cone, is a species of sea snail in the family Conidae, which includes all cone snails. The species is predatory and venomous, capable of stinging humans, so they should be handled carefully or not at all. The shell of Conus dalli varies in size from 32 mm to 80 mm. The shell has an indistinctly grooved spire and an obscurely spirally ribbed body whorl below. It is colored yellowish-brown with reddish-brown longitudinal stripes, interrupted by four revolving bands of white spots, and occasional white spots on the darker surface. The interior of the aperture is rosy pink. This species occurs in the Eastern Pacific, notably off the Galapagos Islands and from the Gulf of California to Panama. Its type locality is Islas Marias in the Gulf of California. The taxonomic classification places it within the genus Conus. Conus dalli should not be confused with †Conus dalli Toula, 1911, a synonym of †Conus imitator Brown and Pilsbry 1911.","Conus dalli, comúnmente conocido como el cono de Dall, es una especie de caracol marino de la familia Conidae, que incluye a todos los conos. La especie es depredadora y venenosa, capaz de picar a los humanos, por lo que debe manipularse con cuidado o no tocarse en absoluto. La concha del Conus dalli varía en tamaño de 32 mm a 80 mm. La concha tiene una espiral indistintamente acanalada y una vuelta del cuerpo con costillas espirales oscuras. Es de color marrón amarillento con rayas longitudinales marrón rojizo, interrumpidas por cuatro bandas giratorias de manchas blancas y ocasionales manchas blancas en la superficie más oscura. El interior de la abertura es de color rosa rojizo. Esta especie se encuentra en el Pacífico oriental, notablemente frente a las Islas Galápagos y desde el Golfo de California hasta Panamá. Su localidad tipo son las Islas Marías en el Golfo de California. La clasificación taxonómica la sitúa dentro del género Conus. Conus dalli no debe confundirse con †Conus dalli Toula, 1911, un sinónimo de †Conus imitator Brown y Pilsbry 1911.",Wikipedia: Conus dalli | Wikipedia: Conus (Cylinder)
Echinolittorina_ziczac,988.859,"Echinolittorina ziczac, previously known as Littorina ziczac, commonly referred to as the ""zebra periwinkle,"" is a species of small sea snail in the family Littorinidae. It inhabits the tropical Western Atlantic Ocean, from Florida to Barbados, including the Caribbean coast of Central America. This species is commonly found on intertidal rocks. The shell of Echinolittorina ziczac reaches a maximum recorded length of 23 mm. The zebra periwinkle is typically found at depths ranging from -3 meters to 0 meters.","Echinolittorina ziczac, anteriormente conocida como Littorina ziczac, comúnmente llamada ""caracol cebra"", es una especie de pequeño caracol marino de la familia Littorinidae. Habita en el Océano Atlántico Occidental tropical, desde Florida hasta Barbados, incluyendo la costa caribeña de América Central. Esta especie es común en rocas intermareales. La concha de Echinolittorina ziczac alcanza una longitud máxima registrada de 23 mm. El caracol cebra se encuentra típicamente a profundidades que van desde -3 metros hasta 0 metros.",Wikipedia: Echinolittorina ziczac | Wikipedia: Echinolittorina
Crucibulum_lignarium,978.914,"Crucibulum lignarium is a species within the genus Crucibulum, belonging to the family Calyptraeidae, commonly known as cup-and-saucer snails. These marine gastropods feature a shell with significant divergence from the typical group average, as indicated by a high Procrustes distance to mean shape of 978914, suggesting a morphologically unique form. The genus Crucibulum comprises species with varied shell structures, and C. lignarium is understood to conform to the cup-and-saucer shell shape characteristic of its genus. Details about the specific shell morphology, distribution, and ecological behaviors of C. lignarium have not been provided in the consulted sources.","Crucibulum lignarium es una especie dentro del género Crucibulum, perteneciente a la familia Calyptraeidae, comúnmente conocida como caracoles copa y platillo. Estos gasterópodos marinos presentan una concha con una divergencia significativa del promedio típico del grupo, como lo indica una alta distancia Procrustes a la forma media de 978914, lo que sugiere una forma morfológicamente única. El género Crucibulum comprende especies con estructuras de concha variadas, y se entiende que C. lignarium se ajusta a la forma de concha copa y platillo característica de su género. No se proporcionaron detalles sobre la morfología específica de la concha, distribución y comportamientos ecológicos de C. lignarium en las fuentes consultadas.",Wikipedia: Crucibulum (gastropod) | Wikipedia: Crucibulum
Anachis_nigrofusca,965.054,"Anachis nigrofusca, belonging to the family Columbellidae, is a species of sea snail found in the Gulf of California and the Pacific Ocean off Mexico. The shell length reaches 7.8 mm and has a conoid shape with excurvate margins of the elevated spire. It presents a blackish-brown coloration with livid, radiating, undulate lines that are inconspicuous. The shell consists of six flattened whorls with slightly impressed sutures. It features numerous fine radial ribs that continue to the base, forming spirally decussate interspaces with impressed lines. The shell's sculpture is often obsolete, but spiral striae remain conspicuous around the base. The aperture is oblong, with a varicose and sinuate outer lip that is 7-dentate internally, and the inner lip is nearly smooth. The operculum is claw-shaped with an anterior apex. Morphologically, the Procrustes distance suggests that Anachis nigrofusca's shell is highly divergent from the group average within its genus.","Anachis nigrofusca, perteneciente a la familia Columbellidae, es una especie de caracol marino que se encuentra en el Golfo de California y el Océano Pacífico frente a México. La longitud de la concha alcanza los 7,8 mm y tiene una forma conoide con márgenes excurvados del espira elevada. Presenta una coloración marrón negruzca con líneas lívidas, radiantes y onduladas que son poco visibles. La concha consta de seis vueltas aplanadas con suturas ligeramente impresas. Presenta numerosas costillas radiales finas que continúan hasta la base, formando espacios intercalados espiralmente decusados con líneas impresas. La escultura de la concha suele ser obsoleta, pero las estrías espirales siguen siendo notables alrededor de la base. La apertura es oblonga, con un borde externo varicoso y sinuoso que tiene 7 dientes internamente, y el borde interno es casi liso. El opérculo tiene forma de garra con un ápice anterior. Morfológicamente, la distancia de Procrustes sugiere que la concha de Anachis nigrofusca es altamente divergente del promedio del grupo dentro de su género.",Wikipedia: Anachis nigrofusca | Wikipedia: Anachis
Morum_tuberculosum,960.164,"Morum tuberculosum is a species of marine gastropod mollusk belonging to the family Harpidae, commonly known as harp snails. It is distributed in shallow waters from Baja California to Peru. The shell of Morum tuberculosum shows morphological divergence within its group, as indicated by a high Procrustes distance to the mean shape (960164), suggesting significant variation from the average shell form of related species. Members of the genus Morum are characterized by their robust and often tuberculated shells, which may feature noticeable spiral and axial sculpture. This species likely inhabits marine environments at shallow depths and may have specific substrate preferences within its geographic distribution.","Morum tuberculosum es una especie de molusco gasterópodo marino perteneciente a la familia Harpidae, comúnmente conocida como caracoles arpa. Se distribuye en aguas poco profundas desde Baja California hasta Perú. La concha de Morum tuberculosum muestra una divergencia morfológica dentro de su grupo, como lo indica una alta distancia de Procrustes respecto a la forma media (960164), lo que sugiere una variación significativa de la forma de concha promedio de las especies relacionadas. Los miembros del género Morum se caracterizan por sus conchas robustas y frecuentemente tuberculadas, que pueden presentar una escultura espiral y axial notable. Esta especie probablemente habita en ambientes marinos a profundidades someras y puede tener preferencias de sustrato específicas dentro de su distribución geográfica.",Wikipedia: Morum tuberculosum | Wikipedia: Morum
Columbella_major,941.284,"The species Columbella major belongs to the genus Columbella within the family Columbellidae, commonly known as the dove snails. A precise taxonomic status or distribution information from the World Register of Marine Species (WoRMS) is not available. Columbella snails are typically small marine gastropod mollusks. The species profile includes a significantly high Procrustes distance of 941284, indicating a morphologically divergent shell form compared to the group average. Within the genus, Columbella major is known from the Eastern Pacific regions characterized by small to medium-sized snails with diverse shell forms.","La especie Columbella major pertenece al género Columbella dentro de la familia Columbellidae, conocida comúnmente como los caracoles paloma. No se dispone de un estado taxonómico o información de distribución precisa del World Register of Marine Species (WoRMS). Los caracoles del género Columbella son típicamente pequeños moluscos gasterópodos marinos. El perfil de la especie incluye una distancia Procrustes significativamente alta de 941284, lo que indica una forma de concha morfológicamente divergente en comparación con el promedio del grupo. Dentro del género, se conoce que Columbella major proviene de las regiones del Pacífico Oriental, caracterizadas por caracoles de tamaño pequeño a mediano con formas de conchas diversas.",Wikipedia: Columbella major | Wikipedia: Columbella
Lirobarleeia_lirata,929.554,"Lirobarleeia lirata is a marine gastropod mollusk species belonging to the family Barleeiidae. It is recognized for its minute size, fitting within the realm of micromollusks. Specific morphological characteristics of the shell include a conical form with an elongated spire, generally having convex-shaped whorls and a distinct suture. The shell size of Lirobarleeia lirata typically ranges between 1 mm and 8 mm. The aperture is ovate, with the anterior end rounded and the posterior end acute; the operculum is thin, horny, and spirally marked. The genus Lirobarleeia comprises numerous similar species distributed primarily along the European marine regions. Lirobarleeia lirata demonstrates a higher Procrustes distance, indicating morphological divergence from the average shape within its group. This suggests it may exhibit unique shell features compared to its congeners. The genus is noted for inhabiting environments associated with brown algae, rocks, and sandy beaches, indicating potential ecological preferences for such substrates.","Lirobarleeia lirata es una especie de molusco gasterópodo marino perteneciente a la familia Barleeiidae. Se reconoce por su tamaño diminuto, encajando dentro del ámbito de los micromoluscos. Las características morfológicas específicas del caparazón incluyen una forma cónica con una espiral alargada, generalmente con vueltas convexas y una sutura distintiva. El tamaño del caparazón de Lirobarleeia lirata típicamente varía entre 1 mm y 8 mm. La abertura es ovalada, con el extremo anterior redondeado y el extremo posterior agudo; el opérculo es fino, córneo y marcado en espiral. El género Lirobarleeia comprende numerosas especies similares distribuidas principalmente a lo largo de las regiones marinas europeas. Lirobarleeia lirata demuestra una mayor distancia de Procrustes, lo que indica una divergencia morfológica del promedio de forma dentro de su grupo. Esto sugiere que puede exhibir características de caparazón únicas en comparación con sus congéneres. El género se caracteriza por habitar en entornos asociados con algas pardas, rocas y playas arenosas, lo que indica preferencias ecológicas potenciales por dichos sustratos.",Wikipedia: Lirobarleeia | Wikipedia: Rissoa
Conus_diadema,929.207,,,Wikipedia: Conus diadema | Wikipedia: Conus
Harpa_crenata,917.233,"The species Harpa crenata belongs to the genus Harpa, known for its noticeable shell morphology among the harp shells. The shell is often characterized by its ornate design, displaying pronounced axial ribs or varices. The shell surface is typically adorned with intricate patterns which can vary in coloration, often including hues of browns, purples, and white. Harpa crenata exhibits a significant Procrustes distance to the mean shape, indicating a morphologically divergent form compared to the average of its genus. While detailed ecological information is not available, similar species within Harpa are known to inhabit sandy substrates in marine environments, suggesting that Harpa crenata could share these habitat preferences.","La especie Harpa crenata pertenece al género Harpa, conocido por su llamativa morfología de concha entre las conchas de arpa. La concha se caracteriza a menudo por su diseño ornamentado, mostrando costillas axiales o varices pronunciadas. La superficie de la concha está típicamente adornada con patrones intrincados que pueden variar en coloración, a menudo incluyendo matices de marrones, púrpuras y blanco. Harpa crenata exhibe una distancia significativa de Procrustes con respecto a la forma media, lo que indica una forma morfológicamente divergente en comparación con el promedio de su género. Aunque la información ecológica detallada no está disponible, se sabe que especies similares dentro del género Harpa habitan en sustratos arenosos en ambientes marinos, lo que sugiere que Harpa crenata podría compartir estas preferencias de hábitat.",Wikipedia: Harpa crenata | Wikipedia: Harpa
Gemophos_gemmatus,892.934,"Gemophos gemmatus is a marine gastropod mollusk within the family Pisaniidae. The genus Gemophos encompasses sea snails that generally exhibit typical traits common to Buccinum genus. The shell of Gemophos gemmatus is ovate-conical with a moderate, pointed spire. The aperture is oval or oblong, without a siphonal canal, and features a plain columella often covered with calcareous callosity. The shell may have axial and spiral ornamentation, including longitudinal folds divided into tubercles by transverse striae. The species within the genus Gemophos are known to inhabit various marine environments, and they are carnivorous and scavenger, feeding primarily on dead or damaged marine organisms. Gemophos gemmatus is considered morphologically atypical among its genus, indicated by a Procrustes distance of 892934, suggesting a shell form that diverges significantly from the group average. The shell coloration may vary from whitish to reddish, covered by a thin epidermis. Distribution details are not explicitly provided.","Gemophos gemmatus es un molusco gasterópodo marino de la familia Pisaniidae. El género Gemophos abarca caracoles de mar que generalmente exhiben rasgos típicos comunes con el género Buccinum. La concha de Gemophos gemmatus es ovado-cónica con una espira moderada y apuntada. La abertura es ovalada u oblongo, sin canal sifonal, y presenta una columela lisa a menudo cubierta con callosidad calcárea. La concha puede tener ornamentación axial y espiral, incluyendo pliegues longitudinales divididos en tubérculos por estrías transversales. Las especies del género Gemophos se conocen por habitar diversos ambientes marinos, y son carnívoros y carroñeros, alimentándose principalmente de organismos marinos muertos o dañados. Gemophos gemmatus se considera morfológicamente atípico entre su género, indicado por una distancia de Procrustes de 892934, lo que sugiere una forma de concha que diverge significativamente del promedio del grupo. La coloración de la concha puede variar de blanco a rojizo, cubierta por una epidermis fina. No se proporcionan detalles explícitos sobre su distribución.",Wikipedia: Gemophos | Wikipedia: Gemophos
Cancellaria_gemmulata,875.298,"Cancellaria gemmulata is a species of marine gastropod mollusk belonging to the family Cancellariidae, commonly known as nutmeg snails. As part of the genus Cancellaria, this species shares typical characteristics seen within the group which includes medium to large sea snails. The Procrustes distance value of 875298 suggests a notably divergent shell morphology compared to the typical form within its group, indicating that its shell structure is morphologically distinct or unusually shaped. Specific morphological details about Cancellaria gemmulata, such as shell structure, size, coloration, habitat, and ecological behavior, are not detailed in the available sources. However, like other species within the Cancellariidae family, it is expected to exhibit features like cancellate shell patterns. The genus as a whole is known from various marine environments but precise ecological and habitat information specific to Cancellaria gemmulata is not documented in the consulted sources.","Cancellaria gemmulata es una especie de molusco gasterópodo marino perteneciente a la familia Cancellariidae, conocida comúnmente como caracoles de nuez moscada. Como parte del género Cancellaria, esta especie comparte características típicas vistas dentro del grupo, que incluye caracoles de mar de tamaño mediano a grande. El valor de distancia de Procrustes de 875298 sugiere una morfología de concha notablemente divergente en comparación con la forma típica dentro de su grupo, lo que indica que su estructura de concha es morfológicamente distinta o inusualmente formada. No se detallan aspectos morfológicos específicos sobre Cancellaria gemmulata, como la estructura de la concha, tamaño, coloración, hábitat y comportamiento ecológico en las fuentes disponibles. Sin embargo, al igual que otras especies dentro de la familia Cancellariidae, se espera que presente características como patrones de concha cancelada. El género en su conjunto se conoce de varios entornos marinos, pero la información ecológica y de hábitat precisa específica de Cancellaria gemmulata no está documentada en las fuentes consultadas.",Wikipedia: Cancellaria gemmulata | Wikipedia: Cancellaria
Columbella_fuscata,839.858,"Columbella fuscata, commonly known as the burnt dove shell, is a species of sea snail in the family Columbellidae. The shells of Columbella fuscata vary in size from 11 to 22 millimeters. This species is distributed along the coastal regions from Baja California, Mexico to Peru, and in the Galápagos Islands. Columbella fuscata exhibits a shell form that is divergent from the group average, as indicated by a high Procrustes distance. The genus Columbella encompasses a broad range of small sea snails known for their diverse morphological traits.","Columbella fuscata, comúnmente conocida como la caracola paloma quemada, es una especie de caracol de mar de la familia Columbellidae. Las conchas de Columbella fuscata varían en tamaño de 11 a 22 milímetros. Esta especie se distribuye a lo largo de las regiones costeras desde Baja California, México hasta Perú, y en las Islas Galápagos. Columbella fuscata exhibe una forma de concha que se distancia de la media del grupo, como lo indica una alta distancia de Procrustes. El género Columbella abarca una amplia gama de pequeños caracoles de mar conocidos por su diversidad morfológica.",Wikipedia: Columbella fuscata | Wikipedia: Columbella
Jenneria_pustulata,83.614,"Jenneria pustulata, commonly known as Jenner's cowry or pustulated cowry, is a species of small sea snail in the family Ovulidae. The shells are typically spindle-like or oval in shape, measuring between 15 and 27 millimeters in length. The dorsum surface is adorned with numerous orange-red bumps or pustules, surrounded by a dark ring. The basic coloring of the dorsal surface is generally grey, beige, or brown. Fine, prominent labial teeth, either white or pale brown, cross the entire base, interspaced by dark brown gaps. The mantle of living specimens is greyish, with long, tree-shaped sensorial papillae.

Jenneria pustulata is distributed across parts of California, the Gulf of California in Western Mexico, Nicaragua, West Panama, Ecuador, Peru, Costa Rica, and the Galapagos Islands. This species inhabits tropical to temperate waters from low tide zones to subtidal levels, often associated with coral reefs or rocky substrates.

Ecologically, these snails are nocturnal corallivores, primarily feeding on stony corals such as those in the genus Pocillopora during nighttime. Their feeding behavior plays a significant role in coral mortality on Pacific reefs. Notably, there have been observed shifts in their diel movement and feeding patterns, causing substantial predation pressures on coral colonies, primarily Porites panamensis.

The Procrustes distance measure indicates that Jenneria pustulata exhibits a morphologically divergent shell form in comparison to its group average.","Jenneria pustulata, comúnmente conocida como la caracola de Jenner o caracola pustulada, es una especie de pequeño caracol marino en la familia Ovulidae. Las conchas suelen ser en forma de huso o ovaladas, con una longitud entre 15 y 27 milímetros. La superficie del dorso está adornada con numerosas protuberancias rojo-naranja, rodeadas por un anillo oscuro. La coloración básica de la superficie dorsal es generalmente gris, beige o marrón. Los dientes labiales, finos y prominentes, son de color blanco o marrón claro, cruzan toda la base, intercalados con espacios marrón oscuro. El manto de los especímenes vivos es grisáceo, con largas papilas sensoriales en forma de árbol.

Jenneria pustulata está distribuida en partes de California, el Golfo de California en el oeste de México, Nicaragua, Panamá occidental, Ecuador, Perú, Costa Rica y las Islas Galápagos. Esta especie habita en aguas tropicales a templadas desde zonas de marea baja hasta niveles submareales, a menudo asociada con arrecifes de coral o sustratos rocosos.

Ecológicamente, estos caracoles son corallívoros nocturnos, alimentándose principalmente de corales pétreos, como los del género Pocillopora durante la noche. Su comportamiento alimentario juega un papel significativo en la mortalidad del coral en los arrecifes del Pacífico. Notablemente, se han observado cambios en sus patrones de movimiento y alimentación diarios, causando presiones de depredación sustanciales sobre las colonias de corales, principalmente Porites panamensis.

La medida de distancia de Procrustes indica que Jenneria pustulata exhibe una forma de concha morfológicamente divergente en comparación con el promedio de su grupo.",Wikipedia: Jenneria pustulata | Wikipedia: Jenneria
Crepidula_excavata,823.766,"Crepidula excavata is a species belonging to the genus Crepidula, which is part of the family Calyptraeidae, commonly known as slipper snails or slipper limpets. The genus is known for its challenging taxonomy due to simple and plastic shell morphology, and species are recognized for protandrous sex-change behaviors. The genus includes many species used in ecological and developmental studies. There is limited specific information available for Crepidula excavata on Wikipedia. The species has a high Procrustes distance to the mean shape, indicating a more morphologically divergent shell form compared to the group average within its genus.","Crepidula excavata es una especie perteneciente al género Crepidula, que forma parte de la familia Calyptraeidae, comúnmente conocida como caracoles babosas o babosas zapatillas. El género es conocido por su taxonomía del género Crepidula debido a la simple y plástica morfología del caparazón, y las especies son reconocidas por comportamientos de cambio de sexo protándricos. El género incluye muchas especies utilizadas en estudios ecológicos y de desarrollo. Hay información limitada específica para Crepidula excavata en Wikipedia. La especie tiene una alta distancia de Procrustes a la media de la forma, lo que indica una forma de concha más morfológicamente divergente en comparación con el promedio del grupo dentro de su género.",Wikipedia: Crepidula_excavata | Wikipedia: Crepidula
Columbella_aureomexicana,822.381,"Columbella aureomexicana is a species of marine gastropod mollusk within the genus Columbella. Although there is no detailed information specifically about the morphology of Columbella aureomexicana, species of the genus Columbella are known to typically have small, elongated shells with variable sculpturing and coloration depending on the species. The genus belongs to the family Columbellidae, commonly referred to as dove snails. The Procrustes distance of Columbella aureomexicana indicates a highly divergent shell form compared to the average for its group, suggesting significant morphological variation.","Columbella aureomexicana es una especie de molusco gasterópodo marino dentro del género Columbella. Aunque no hay información detallada específicamente sobre la morfología de Columbella aureomexicana, se sabe que las especies del género Columbella suelen tener conchas pequeñas y alargadas con esculturas y coloraciones variables según la especie. El género pertenece a la familia Columbellidae, comúnmente conocida como caracoles paloma. La distancia de Procrustes de Columbella aureomexicana indica una forma de concha muy divergente en comparación con el promedio de su grupo, sugiriendo una variación morfológica significativa.",Wikipedia: Columbella aureomexicana | Wikipedia: Columbella
Conasprella_baccata,816.731,"Conasprella baccata is a species of sea snail within the family Conidae, commonly known as cone snails. This marine gastropod mollusk is predatory and venomous; live specimens can sting humans and should be handled with caution. The normal shell length of Conasprella baccata ranges from 15 to 25 mm. It features a conical body whorl and a low, concave spire profile, with flat sutural ramps and a relatively swollen, brown-colored protoconch. The distribution of Conasprella baccata is confined to the Eastern Pacific region, specifically off Isla Parida in the Golfo de Chiriqui, Panama. The species falls under the genus Conasprella which is characterized by shells that are conical in shape and have evenly spaced cords or sulci that extend to the shoulder. The Procrustes distance for this species is relatively high, indicating a morphologically divergent shell form when compared to the average shape in its group.","Conasprella baccata es una especie de caracol marino de la familia Conidae, comúnmente conocida como caracoles cono. Este molusco gasterópodo marino es depredador y venenoso; los ejemplares vivos pueden picar a los humanos y se deben manipular con precaución. La longitud normal de la concha de Conasprella baccata varía de 15 a 25 mm. Presenta un torbellino corporal cónico y un perfil de espira bajo y cóncavo, con rampas suturales planas y un protoconcha relativamente hinchado de color marrón. La distribución de Conasprella baccata se limita a la región del Pacífico Oriental, específicamente frente a Isla Parida en el Golfo de Chiriquí, Panamá. La especie pertenece al género Conasprella, caracterizado por conchas de forma cónica con cordones o surcos uniformemente espaciados que se extienden hasta el hombro. La distancia de Procrustes para esta especie es relativamente alta, lo que indica una forma de concha morfológicamente divergente en comparación con la forma promedio de su grupo.",Wikipedia: Conasprella baccata | Wikipedia: Conasprella
Euclia_cassidiformis,695.654,"Euclia cassidiformis is a marine gastropod mollusk belonging to the family Cancellariidae, commonly known as the nutmeg snails. Morphologically, this species is characterized by having a shell that exhibits significant divergence from the average shape of related species, as indicated by its high Procrustes distance of 695654, suggesting an atypical shell form. The genus Euclia includes other species such as Euclia balboae and Euclia laurettae, highlighting the morphological diversity within the group.","Euclia cassidiformis es un molusco gasterópodo marino que pertenece a la familia Cancellariidae, comúnmente conocida como los caracoles nuez moscada. Morfológicamente, esta especie se caracteriza por tener una concha que muestra una divergencia significativa del promedio de forma de especies relacionadas, como lo indica su alta distancia de Procrustes de 695654, sugiriendo una forma de concha atípica. El género Euclia incluye otras especies como Euclia balboae y Euclia laurettae, destacando la diversidad morfológica dentro del grupo.",Wikipedia: Euclia cassidiformis | Wikipedia: Euclia
Ceratostoma_nuttalli,651.683,"Ceratostoma nuttalli is a sea snail species within the family Muricidae. Members of the genus Ceratostoma, commonly known as 'hornmouth' snails, are predatory marine gastropods. Ceratostoma nuttalli exhibits a distinctive shell, characterized by a thornlike projection on the edge of the aperture, which serves as a predation tool to prop open the shells of bivalves and barnacles. This species differs morphologically from group averages as evidenced by its Procrustes distance of 651683, indicating a more divergent shell form.","Ceratostoma nuttalli es una especie de caracol marino de la familia Muricidae. Los miembros del género Ceratostoma, comúnmente conocidos como caracoles 'boca de cuerno', son gasterópodos marinos depredadores. Ceratostoma nuttalli presenta una concha distintiva, caracterizada por una proyección en forma de espina en el borde de la abertura, que sirve como herramienta de depredación para abrir las conchas de bivalvos y percebes. Esta especie difiere morfológicamente del promedio del grupo, como lo demuestra su distancia de Procrustes de 651683, lo que indica una forma de concha más divergente.",Wikipedia: Ceratostoma nuttalli | Wikipedia: Ceratostoma
Cyphoma_emarginatum,616.905,"Cyphoma emarginatum, commonly known as the Emarginate Cyphoma, is a species of marine gastropod mollusk in the family Ovulidae. The shell size of this species varies between 15 mm and 22 mm. This species is distributed in the tropical Eastern Pacific Ocean. Members of the genus Cyphoma are known for their predatory behavior, living on sea whips and sea fans, and feeding by grazing on these organisms. They exhibit territorial behavior with males defending part of the sea fan from other males. The high Procrustes distance to mean shape of 616905 for C. emarginatum suggests a morphologically divergent shell form compared to the group average of its relatives.","Cyphoma emarginatum, comúnmente conocido como el Emarginate Cyphoma, es una especie de molusco gasterópodo marino de la familia Ovulidae. El tamaño de la concha de esta especie varía entre 15 mm y 22 mm. Esta especie se distribuye en el océano Pacífico oriental tropical. Los miembros del género Cyphoma son conocidos por su comportamiento depredador, viviendo en látigos de mar y abanicos de mar, y alimentándose al pastar sobre estos organismos. Exhiben un comportamiento territorial, con machos que defienden parte del abanico de mar de otros machos. La alta distancia Procrustes al promedio de forma de 616905 para C. emarginatum sugiere una forma de concha morfológicamente divergente en comparación con el promedio del grupo de sus parientes.",Wikipedia: Cyphoma emarginatum | Wikipedia: Cyphoma
Luria_isabellamexicana,598.057,"Luria isabellamexicana is a marine gastropod mollusk within the family Cypraeidae, commonly known as cowries. The species is listed under the genus Luria, whose shell morphology exhibits typical features of cowries such as a smoothly polished surface and an ovate shape. Species within this genus are recognized for their highly glossy and brightly colored shells, although specific details about Luria isabellamexicana's coloration and patterning are not explicitly described in the available sources. The genus includes species like Luria isabella, known for similar attributes.

The Procrustes distance indicates a significant morphological divergence from the average shape within the genus, suggesting that Luria isabellamexicana might possess unique shell features distinguishing it from closely related species. This could imply differences in dimensions or proportions not common to the typical genus profile.

Currently, no detailed ecological or habitat preferences are provided for this species, nor are specific feeding or reproductive behaviors documented.","Luria isabellamexicana es un molusco gasterópodo marino perteneciente a la familia Cypraeidae, comúnmente conocida como cauris. La especie está clasificada bajo el género Luria, cuya morfología de concha exhibe características típicas de los cauris, como una superficie suavemente pulida y una forma ovalada. Las especies de este género son reconocidas por sus conchas altamente brillantes y de colores vivos, aunque los detalles específicos sobre la coloración y los patrones de Luria isabellamexicana no se describen explícitamente en las fuentes disponibles. El género incluye especies como Luria isabella, conocida por atributos similares.

La distancia de Procrustes indica una divergencia morfológica significativa respecto a la forma promedio dentro del género, sugiriendo que Luria isabellamexicana podría poseer características únicas de concha que la distinguen de las especies cercanamente relacionadas. Esto podría implicar diferencias en dimensiones o proporciones que no son comunes al perfil típico del género.

Actualmente, no se proporcionan preferencias ecológicas ni de hábitat detalladas para esta especie, tampoco se documentan comportamientos específicos de alimentación o reproducción.",Wikipedia: Luria (gastropod) | WoRMS: https://www.marinespecies.org