species,distance_to_mean_shape,closest_species,distance_to_closest,furthest_species,distance_to_furthest,ficha_en,ficha_es,fuentes_wikipedia
Prunum_guttatum,72.502,Prunum_pruinosum,22.728,Thylacodes_riisei,581.774,"Prunum guttatum is a species of sea snail in the family Marginellidae, commonly known as margin snails. The shell is oval with the spire concealed, and is characterized by transverse oval spots margined with white, which are somewhat ocellate and disposed longitudinally. This species is found in the Caribbean waters, ranging from eastern Florida to Colombia and the Virgin Islands.

In terms of morphology, Prunum guttatum shares notable similarities with Prunum pruinosum, primarily in the shape and sculpture of their shells, making them more morphologically similar than other Prunum species in the Gulf of California. However, Prunum guttatum is morphologically different from Thylacodes riisei, a species which contrasts significantly.

Prunum guttatum's distance to mean shape is 72,502, indicating it is relatively typical of forms found in the Gulf of California, rather than being a peripheral or highly divergent form.","Prunum guttatum es una especie de caracol marino en la familia Marginellidae, comúnmente conocidos como caracoles margen. La concha es ovalada con la espira oculta, y se caracteriza por manchas ovaladas transversales bordeadas de blanco, que son algo oceladas y dispuestas longitudinalmente. Esta especie se encuentra en las aguas del Caribe, desde el este de Florida hasta Colombia y las Islas Vírgenes.

En términos de morfología, Prunum guttatum comparte similitudes notables con Prunum pruinosum, principalmente en la forma y escultura de sus conchas, lo que las hace más similares morfológicamente que otras especies de Prunum en el Golfo de California. Sin embargo, Prunum guttatum es morfológicamente diferente de Thylacodes riisei, una especie que contrasta significativamente.

La distancia de Prunum guttatum a la forma media es de 72,502, lo que indica que es relativamente típica de las formas encontradas en el Golfo de California, en lugar de ser una forma periférica o altamente divergente.",Wikipedia: Prunum guttatum | Wikipedia: Prunum
Prunum_pruinosum,75.853,Prunum_guttatum,22.728,Thylacodes_riisei,579.503,"Prunum pruinosum is a species of sea snail, a marine gastropod mollusk in the family Marginellidae. The distribution of this species includes Caribbean waters, ranging from Campeche to the Virgin Islands and Nicaragua. The shell morphology of Prunum species generally includes rounded, smooth, and glossy shells with a large aperture. Prunum pruinosum shares morphological similarities with Prunum guttatum, both exhibiting strong callus typical of the Prunum genus. However, it is highly morphologically divergent from Thylacodes riisei, making Prunum pruinosum more central within its typical Gulf form rather than peripheral. No specific feeding or ecological relationships were found from the provided sources.","Prunum pruinosum es una especie de caracol marino, un molusco gasterópodo marino de la familia Marginellidae. La distribución de esta especie incluye aguas del Caribe, desde Campeche hasta las Islas Vírgenes y Nicaragua. La morfología del caparazón de las especies de Prunum generalmente incluye caparazones redondeados, lisos y brillantes con una gran abertura. Prunum pruinosum comparte similitudes morfológicas con Prunum guttatum, ambos exhiben un callus fuerte típico del género Prunum. Sin embargo, es altamente divergente morfológicamente de Thylacodes riisei, lo que hace que Prunum pruinosum sea más central dentro de su forma típica del Golfo en lugar de periférica. No se encontraron comportamientos alimenticios ni relaciones ecológicas específicas en las fuentes proporcionadas.",Wikipedia: Prunum pruinosum | Wikipedia: Prunum
Ceratostoma_nuttalli,812,Cancellaria_gemmulata,81.204,Caecum_heptagonum,577.826,"Ceratostoma nuttalli, also known as a hornmouth snail, is a marine gastropod mollusk belonging to the family Muricidae. This species is characterized by its predatory nature, utilizing a thornlike projection on the edge of the aperture to prop open the shells of bivalves and barnacles, aiding in its feeding strategy. Ceratostoma nuttalli has a shell morphology that includes medium to large sizes typical for the genus, and is closely related in appearance to Cancellaria gemmulata. The similarities between Ceratostoma nuttalli and Cancellaria gemmulata include medium-sized shells with robust ornamentation suitable for their predatory lifestyle. In contrast, Ceratostoma nuttalli exhibits significant morphological differences compared to Caecum heptagonum, which reflects a divergent evolutionary adaptation. With a distance to mean shape of 812, Ceratostoma nuttalli represents a typical form within the Gulf of California gastropod fauna.","Ceratostoma nuttalli, también conocido como caracol hornmouth, es un molusco gasterópodo marino perteneciente a la familia Muricidae. Esta especie se caracteriza por su naturaleza depredadora, utilizando una proyección espinosa en el borde de la apertura para abrir las conchas de bivalvos y percebes, lo cual favorece su estrategia de alimentación. Ceratostoma nuttalli tiene una morfología de concha que incluye tamaños medianos a grandes, típicos para el género, y está estrechamente relacionado en apariencia con Cancellaria gemmulata. Las similitudes entre Ceratostoma nuttalli y Cancellaria gemmulata incluyen conchas de tamaño mediano con ornamentación robusta adecuada para su estilo de vida depredador. En contraste, Ceratostoma nuttalli exhibe diferencias morfológicas significativas en comparación con Caecum heptagonum, lo que refleja una adaptación evolutiva divergente. Con una distancia a la forma promedio de 812, Ceratostoma nuttalli representa una forma típica dentro de la fauna de gasterópodos del Golfo de California.",Wikipedia: Ceratostoma nuttalli | Wikipedia: Ceratostoma
Cancellaria_gemmulata,82.029,Phrontis_vibex,73.439,Caecum_heptagonum,554.827,"Cancellaria gemmulata is a species belonging to the family Cancellariidae, commonly known as nutmeg snails. This marine gastropod mollusk is characterized by its typical shell morphology within the genus Cancellaria, which generally features medium-sized to large shells. Cancellaria snails are known for their diverse and often robust shell patterns. In terms of morphology, Cancellaria species tend to have a spiral shell with well-defined sculpture, often with axial ribs and a cancellated surface giving a net-like appearance. The shell aperture is usually oval and the columella may have folds or ridges. Cancellaria gemmulata shares a close morphological similarity with Phrontis vibex, which may exhibit similar robust coiling and a structured surface but differs significantly from the largely unornamented shell of Caecum heptagonum. Cancellaria gemmulata's distance to the mean shape indicates it is slightly divergent from the typical Gulf form, suggesting some specialized adaptations within its ecological niche.","Cancellaria gemmulata es una especie perteneciente a la familia Cancellariidae, comúnmente conocidas como caracoles nuez moscada. Este molusco gasterópodo marino se caracteriza por su morfología típica de concha dentro del género Cancellaria, que generalmente presenta conchas de tamaño mediano a grande. Los caracoles Cancellaria son conocidos por sus patrones de conchas diversos y, a menudo, robustos. En términos de morfología, las especies de Cancellaria tienden a tener una concha espiralada con una estructura bien definida, a menudo con costillas axiales y una superficie cancelada que da una apariencia de red. La abertura de la concha suele ser ovalada y la columela puede presentar pliegues o crestas. Cancellaria gemmulata comparte una similitud morfológica cercana con Phrontis vibex, que puede mostrar bobinas robustas similares y una superficie estructurada, pero difiere significativamente de la concha mayormente desornamentada de Caecum heptagonum. La distancia de Cancellaria gemmulata a la forma promedio indica que es ligeramente divergente de la forma típica del Golfo, lo que sugiere algunas adaptaciones especializadas dentro de su nicho ecológico.",Wikipedia: Cancellaria gemmulata | Wikipedia: Cancellaria
Macrocypraea_cervus,84.335,Macrocypraea_zebra,7.185,Thylacodes_riisei,57.615,"Macrocypraea cervus, commonly known as the Atlantic deer cowry, is a large marine gastropod mollusk belonging to the family Cypraeidae. The species is distributed in the tropical Atlantic Ocean, including the Caribbean Sea, and it is found off the coasts of South Carolina, Florida, Mexico, Brazil, Cuba, and the Bermudas. This gastropod is characterized by its large, elongated shell, which can range in size from 40 to 190 millimeters in length. The shell exhibits a light brown color with small whitish ocellated spots on the dorsum, resembling a young fawn. The dorsum also has several transverse bands and a longitudinal line where the mantle edges meet. The aperture displays dark brown teeth. The living cowry has a dark grayish mantle that is fringed. Habitats for Macrocypraea cervus are typically under corals and rocks in shallow waters, with a depth range up to 35 meters. They mainly feed on algae. Macrocypraea cervus is closely related to Macrocypraea zebra, sharing a similar elongated shape and ocellated patterns, although M. zebra can be distinguished by its more complex ocellated spots and additional transverse bands. The species is morphologically central within its genus in the Gulf of California. In contrast, Thylacodes riisei, which is the most morphologically distant relative, displays a vastly different shell structure.","Macrocypraea cervus, comúnmente conocida como la cauri venado del Atlántico, es un gran molusco gasterópodo marino perteneciente a la familia Cypraeidae. La especie se distribuye en el Océano Atlántico tropical, incluyendo el Mar Caribe, y se encuentra en las costas de Carolina del Sur, Florida, México, Brasil, Cuba y las Bermudas. Este gasterópodo se caracteriza por su gran concha alargada, que puede variar en tamaño desde 40 hasta 190 milímetros de longitud. La concha presenta un color marrón claro con pequeñas manchas oceladas blancas en el dorso, asemejándose a un cervatillo joven. El dorso también tiene varias bandas transversales y una línea longitudinal donde se unen los bordes del manto. La apertura muestra dientes de color marrón oscuro. El cauri vivo tiene un manto gris oscuro con flecos. Los hábitats de Macrocypraea cervus son típicamente bajo corales y rocas en aguas poco profundas, con un rango de profundidad de hasta 35 metros. Se alimentan principalmente de algas. Macrocypraea cervus está estrechamente relacionada con Macrocypraea zebra, compartiendo una forma alargada similar y patrones ocelados, aunque M. zebra se distingue por sus manchas oceladas más complejas y bandas transversales adicionales. La especie es morfológicamente central dentro de su género en el Golfo de California. En contraste, Thylacodes riisei, que es el pariente más distante morfológicamente, presenta una estructura de concha muy diferente.",Wikipedia: Macrocypraea cervus | Wikipedia: Macrocypraea
Columbella_aureomexicana,84.374,Columbella_mercatoria,61.932,Thylacodes_riisei,574.682,"Columbella aureomexicana belongs to the genus Columbella, which includes small sea snails known as dove snails. Although specific data for Columbella aureomexicana was not detailed, the genus is characterized by species that generally have elongated, smooth shells with moderately high spires. The shells typically display various patterns and colorations, often with spiral bands or spots. Columbella mercatoria, a closely related species, shares similar shell morphology such as a robust build and slight ornamentation, which suggests similarities in surface texture between these species. In contrast, the species Thylacodes riisei is morphologically quite different, being considerably divergent in shape. Based on the distance to the mean shape figure, Columbella aureomexicana exhibits a tendency towards a central form typical of the Gulf of California, implicating Columbella mercatoria as relatively similar.","Columbella aureomexicana pertenece al género Columbella, que incluye pequeños caracoles marinos conocidos como caracoles paloma. Aunque no se detallaron datos específicos para Columbella aureomexicana, el género se caracteriza por especies que generalmente tienen conchas alargadas y lisas con espirales moderadamente altas. Las conchas suelen mostrar varios patrones y coloraciones, a menudo con bandas espirales o manchas. Columbella mercatoria, una especie estrechamente relacionada, comparte una morfología de concha similar como una estructura robusta y una leve ornamentación, lo que sugiere similitudes en la textura de superficie entre estas especies. En contraste, la especie Thylacodes riisei es morfológicamente bastante diferente, siendo considerablemente divergente en forma. Basado en la distancia a la forma media figura, Columbella aureomexicana exhibe una tendencia hacia una forma central típica del Golfo de California, implicando a Columbella mercatoria como relativamente similar.",Wikipedia: Columbella | Wikipedia: Columbella | WoRMS: https://worms-url
Prunum_apicinum,84.893,Prunum_labiatum,37.816,Thylacodes_riisei,568.871,"Prunum apicinum is a species of small sea snail in the family Marginellidae, commonly known as margin snails. This species is distributed in Atlantic waters, ranging from North Carolina to the Virgin Islands. The shell of Prunum apicinum is small and glossy, reflecting its classification within the margin snails, which often have smooth and brightly colored shells. Morphologically, Prunum apicinum possesses a strong callus, distinguishing it from other related genera such as Volvarina, which have thin calluses. Prunum apicinum shares morphological similarities with Prunum labiatum, particularly in its shell shape and glossy appearance. In contrast, Thylacodes riisei is the most morphologically different species within the examined range, possibly reflecting a divergent form from the central Gulf morphology. Although a detailed ecological and behavioral description is lacking, margin snails, in general, are known to inhabit tropical waters, engaging in carnivorous and predatory behaviors typical of Neogastropoda.","Prunum apicinum es una especie de pequeño caracol marino en la familia Marginellidae, comúnmente conocida como caracoles margen. Esta especie se distribuye en aguas del Atlántico, desde Carolina del Norte hasta las Islas Vírgenes. La concha de Prunum apicinum es pequeña y brillante, reflejando su clasificación dentro de los caracoles margen, que a menudo tienen conchas lisas y de colores vivos. Morfológicamente, Prunum apicinum posee un fuerte callo, diferenciándolo de otros géneros relacionados como Volvarina, que tienen callos delgados. Prunum apicinum comparte similitudes morfológicas con Prunum labiatum, especialmente en la forma de su concha y su apariencia brillante. En contraste, Thylacodes riisei es la especie más morfológicamente diferente dentro del rango examinado, posiblemente reflejando una forma divergente de la morfología central del Golfo. Aunque falta una descripción detallada ecológica y de comportamiento, los caracoles margen, en general, se conocen por habitar aguas tropicales, participando en comportamientos carnívoros y depredadores típicos de Neogastropoda.",Wikipedia: Prunum apicinum | Wikipedia: Prunum
Semicassis_granulata,87.858,Tonna_pennata,38.988,Thylacodes_riisei,573.599,"The species Semicassis granulata, commonly known as the Scotch bonnet, is a medium-sized to large sea snail in the subfamily Cassinae. The shell is characteristically egg-shaped, ranging from 50 to 100 mm, with a pattern of squarish yellow, orange, or brown spots. The surface texture of the shell is highly variable, ranging from smooth and polished to grooved, granulated, or even nodulose on the whorls' shoulders. Semicassis granulata lives primarily in the intertidal and subtidal zones, often found on sandy substrates in the tropical and subtropical regions of the Western Atlantic Ocean, from North Carolina to Uruguay. During spring, female snails lay eggs in distinctive tower-shaped structures, and the hatching larvae can remain planktonic for up to 14 weeks. It shares some morphological similarities with Tonna pennata, such as the overall shape and granulated texture, yet markedly contrasts with Thylacodes riisei, which is the most morphologically different within the studied group. The shell's distance to mean shape indicates it is a typical representative of forms found in the Gulf of California.","La especie Semicassis granulata, comúnmente conocida como el bonete escocés, es un caracol marino de tamaño mediano a grande de la subfamilia Cassinae. La concha es característicamente de forma ovoide, variando de 50 a 100 mm, con un patrón de manchas cuadradas de color amarillo, naranja o marrón. La textura de la superficie de la concha es altamente variable, yendo desde lisa y pulida hasta surcada, granulada o incluso nodulosa en los hombros de las espiras. Semicassis granulata vive principalmente en las zonas intermareales y submareales, frecuentemente encontrándose en sustratos arenosos de las regiones tropicales y subtropicales del océano Atlántico Occidental, desde Carolina del Norte hasta Uruguay. Durante la primavera, las hembras ponen huevos en estructuras en forma de torre, y las larvas al eclosionar pueden permanecer planctónicas durante hasta 14 semanas. Comparte algunas similitudes morfológicas con Tonna pennata, como la forma general y la textura granulada, aunque contrasta marcadamente con Thylacodes riisei, que es el más morfológicamente diferente dentro del grupo estudiado. La distancia de la forma media de la concha indica que es un representante típico de las formas encontradas en el Golfo de California.",Wikipedia: Scotch bonnet (sea snail) | WoRMS: Not available
Macrocypraea_zebra,90.697,Macrocypraea_cervus,7.185,Caecum_heptagonum,584.992,"Macrocypraea zebra, known as the measled cowrie, is a marine gastropod mollusk within the family Cypraeidae. This species typically displays a long oval shell shape, which ranges from 32 mm to 133 mm in length, with an average size of 60–70 mm. The shell's surface is smooth and shiny, predominantly brown with three wide dark brown bands and numerous white-bluish spots. These spots on the sides exhibit ocellated features containing small dark brown centers. The base of the shell is pale brown, while the aperture is long, narrow, and adorned with dark brown labial teeth; the shell interior may feature a purple coloration. The mantle of the living cowrie is greyish with short sensory papillae, capable of enveloping the shell entirely or retracting when threatened.

Distributed across the Atlantic Ocean from North Carolina and Florida, through the Gulf of Mexico, the Caribbean Sea, the West Indies to Brazil, Macrocypraea zebra inhabits tropical low intertidal and subtidal zones, typically around coral reefs or beneath rocks. It is found at depths ranging from 0 to 37 meters.

Macrocypraea zebra exhibits morphological similarities with Macrocypraea cervus, distinguished primarily by the ocellated spots that are absent in the latter. In contrast, Caecum heptagonum presents the greatest morphological divergence. With a distance to the mean shape of 90697, Macrocypraea zebra is more central in the morphological diversity found in the Gulf, representing a typical form for the region.","Macrocypraea zebra, conocida como la caracola measled, es un molusco gasterópodo marino dentro de la familia Cypraeidae. Esta especie generalmente muestra una forma de concha ovalada larga, que varía de 32 mm a 133 mm de longitud, con un tamaño promedio de 60–70 mm. La superficie de la concha es lisa y brillante, predominantemente marrón con tres bandas anchas de color marrón oscuro y numerosas manchas blanco-azuladas. Estas manchas en los lados presentan características oceladas que contienen pequeños centros de color marrón oscuro. La base de la concha es de color marrón claro, mientras que la abertura es larga, estrecha y adornada con dientes labiales de color marrón oscuro; el interior de la concha puede presentar una coloración púrpura. El manto de la caracola viva es grisáceo con papilas sensoriales cortas, capaz de envolver completamente la concha o retraerse cuando está amenazada.

Distribuida a lo largo del Océano Atlántico desde Carolina del Norte y Florida, a través del Golfo de México, el Mar Caribe, las Indias Occidentales hasta Brasil, Macrocypraea zebra habita en zonas intermareales bajas tropicales y submareales, típicamente alrededor de arrecifes de coral o debajo de rocas. Se encuentra a profundidades que van de 0 a 37 metros.

Macrocypraea zebra exhibe similitudes morfológicas con Macrocypraea cervus, distinguida principalmente por las manchas oceladas que están ausentes en esta última. En contraste, Caecum heptagonum presenta la mayor divergencia morfológica. Con una distancia al promedio de forma de 90697, Macrocypraea zebra es más central en la diversidad morfológica encontrada en el Golfo, representando una forma típica para la región.",Wikipedia: Macrocypraea zebra | Wikipedia: Macrocypraea
Columbella_mercatoria,90.758,Columbella_aureomexicana,61.932,Thylacodes_riisei,569.423,"Columbella mercatoria is a marine gastropod mollusk belonging to the family Columbellidae, commonly referred to as dove snails. The species was first described by Linnaeus in 1758. The shell of Columbella mercatoria reaches a length of up to 14.6 mm. It features a typical columbellid shape, with a robust and solid structure. The shell's surface is often ornamented with distinct spiral ribbing. The coloration generally includes shades of brown or gray, contributing to its camouflage among rocky substrates. Columbella mercatoria exhibits morphological similarities with Columbella aureomexicana, sharing attributes such as shell structure and ornamentation. In contrast, it is significantly different in morphology from species like Thylacodes riisei. Columbella mercatoria is central to the Gulf of California molluscan assemblage, typifying the region's biodiversity. The genus Columbella includes several species characterized by small solid shells with varying degrees of sculpting and coloration patterns.","Columbella mercatoria es un molusco gasterópodo marino perteneciente a la familia Columbellidae, comúnmente conocido como caracoles de paloma. La especie fue descrita por primera vez por Linnaeus en 1758. La concha de Columbella mercatoria alcanza una longitud de hasta 14,6 mm. Presenta una forma típica columbélida, con una estructura robusta y sólida. La superficie de la concha suele estar ornamentada con estrías espirales bien definidas. La coloración generalmente incluye tonos de marrón o gris, contribuyendo a su camuflaje entre los sustratos rocosos. Columbella mercatoria exhibe similitudes morfológicas con Columbella aureomexicana, compartiendo atributos como la estructura y ornamentación de la concha. En contraste, es significativamente diferente en morfología de especies como Thylacodes riisei. Columbella mercatoria es central en el conjunto de moluscos del Golfo de California, tipificando la biodiversidad de la región. El género Columbella incluye varias especies caracterizadas por conchas pequeñas y sólidas con distintos grados de esculpido y patrones de coloración.",Wikipedia: Columbella mercatoria | Wikipedia: Columbella
Cyphoma_gibbosum,92.777,Prunum_pruinosum,74.703,Thylacodes_riisei,597.568,"Cyphoma gibbosum, commonly known as the flamingo tongue snail, is a brightly colored sea snail found in the family Ovulidae. Its size ranges from 18 mm to 45 mm in length, and it features an elongated shape with a thick transversal ridge on its dorsum. The smooth and shiny dorsum may be white or orange, often marked only by a longitudinal white or cream band. The coloration is primarily due to the live mantle tissue, which is bright orange-yellow with black markings and typically covers the shell. When threatened, the mantle can retract to reveal the underlying shell. This species inhabit the tropical western Atlantic Ocean, including the Gulf of Mexico and the Caribbean Sea, residing at depths from 0.3 m to 90 m.

In terms of ecology, C. gibbosum feeds on soft coral tissues, particularly gorgonian corals, leaving visible feeding scars that are not permanently damaging to the coral, as they regenerate their polyps. The snail's reproductive cycle involves laying eggs on corals, from which planktonic larvae eventually settle onto other coral hosts.

This species shows morphological similarities to Prunum pruinosum, sharing a smooth, elongated shell form. However, it significantly differs from Thylacodes riisei, a species considered the most morphologically distinct from C. gibbosum in the region. Regarding its placement in the Gulf of California's marine life, C. gibbosum is interpreted as having a shape distance to the mean that implies a more central, typical form, being closer to the 'typical' marine gastropods of the area.","Cyphoma gibbosum, comúnmente conocida como la caracola lengua de flamenco, es un caracol de mar de colores brillantes encontrado en la familia Ovulidae. Su tamaño varía de 18 mm a 45 mm de longitud, y presenta una forma alargada con un grueso surco transversal en su dorsum. El dorsum suave y brillante puede ser blanco o naranja, a menudo marcado solo por una banda longitudinal blanca o crema. La coloración se debe principalmente al tejido del manto vivo, que es de un brillante color naranja-amarillo con marcas negras y por lo general cubre la concha. Cuando se siente amenazada, el manto puede retraerse para revelar la concha subyacente. Esta especie habita en el Atlántico occidental tropical, incluido el Golfo de México y el Mar Caribe, residiendo a profundidades de 0.3 m a 90 m.

En cuanto a la ecología, C. gibbosum se alimenta de los tejidos de corales blandos, especialmente corales gorgonios, dejando cicatrices de alimentación visibles que no son permanentemente dañinas para el coral, pues regeneran sus pólipos. El ciclo reproductivo del caracol implica la colocación de huevos en corales, de los cuales las larvas planctónicas eventualmente se asientan en otros hospedadores de coral.

Esta especie muestra similitudes morfológicas con Prunum pruinosum, compartiendo una forma de concha suave y alargada. Sin embargo, difiere significativamente de Thylacodes riisei, una especie considerada la más distinta morfológicamente de C. gibbosum en la región. En cuanto a su colocación en la vida marina del Golfo de California, se interpreta que C. gibbosum tiene una distancia de forma a la media que implica una forma más central, típica, al estar más cerca de los gasterópodos marinos 'típicos' del área.",Wikipedia: Flamingo tongue snail | WoRMS: https://www.marinespecies.org
Cypraecassis_testiculus,95.241,Prunum_apicinum,44.065,Thylacodes_riisei,578.826,"Cypraecassis testiculus, commonly known as the reticulated cowry helmet, is a marine gastropod mollusk in the family Cassidae. It inhabits rocky shores of the Atlantic Ocean from Angola to Northeast Brazil, including the Gulf of Mexico, the Caribbean Sea, and the Lesser Antilles. The shell can reach a maximum length of 85 mm, featuring a distinctive reticulated pattern that gives it its common name.

Cypraecassis testiculus dwells at depths ranging from 0 to 60 meters, although it has been found as deep as 150 to 180 meters with freshly-dead 'crabbed' shells off the West coast of Barbados. In terms of morphology, it bears similarities to Prunum apicinum, sharing a medium size and coiling direction, but contrasts sharply with Thylacodes riisei. Known for its typical Gulf form, the species is centrally positioned with regard to mean shape metrics, suggesting its prevalent representation in the region.

Fossils of the genus Cypraecassis date back to the Miocene period, indicating its long-standing presence in marine environments.","Cypraecassis testiculus, comúnmente conocido como el casco de cauri reticulado, es un molusco gasterópodo marino de la familia Cassidae. Habita en costas rocosas del Océano Atlántico desde Angola hasta el noreste de Brasil, incluyendo el Golfo de México, el Mar Caribe y las Antillas Menores. La concha puede alcanzar una longitud máxima de 85 mm, presentando un patrón reticulado distintivo que le da su nombre común.

Cypraecassis testiculus habita a profundidades que van de 0 a 60 metros, aunque se ha encontrado a profundidades de hasta 150 a 180 metros con conchas 'cangrejadas' recién muertas en la costa oeste de Barbados. En términos de morfología, muestra similitudes con Prunum apicinum, compartiendo un tamaño medio y dirección de enrollamiento, pero contrasta fuertemente con Thylacodes riisei. Conocido por su forma típica del Golfo, la especie está posicionada centralmente en relación con las métricas de forma media, lo que sugiere su representación prevalente en la región.

Los fósiles del género Cypraecassis datan del período Mioceno, indicando su presencia de larga data en ambientes marinos.",Wikipedia: Cypraecassis testiculus | Wikipedia: Cypraecassis
Conus_mus,95.995,Ceratostoma_nuttalli,87.071,Caecum_heptagonum,585.702,"Conus mus, commonly known as the mouse cone, is a species of predatory and venomous sea snail within the family Conidae. It is found primarily in shallow waters of the Caribbean Sea, Gulf of Mexico, and Western Atlantic, ranging from North Carolina, USA to Venezuela. The species features a tuberculated spire and body whorl covered by narrow, raised revolving striae. The shell exhibits ash-white coloration, longitudinal streaks, and chestnut maculations. A white band often appears below the body's midsection, and the chestnut-colored aperture has a central white band. Shell size can reach up to 43.5 mm, with rare specimens of 50–60 mm. Conus mus inhabits depths ranging from 0 to 18 meters. Morphologically, it holds a central position typical of Gulf forms, showing similarity to Ceratostoma nuttalli through shared shell tuberculation while contrasting sharply with the highly divergent Caecum heptagonum.","Conus mus, comúnmente conocido como el cono ratón, es una especie de caracol marino depredador y venenoso dentro de la familia Conidae. Se encuentra principalmente en aguas poco profundas del Mar Caribe, el Golfo de México y el Atlántico Occidental, abarcando desde Carolina del Norte, EE. UU., hasta Venezuela. La especie presenta una espiral tuberculada y una vuelta del cuerpo cubierta por estrías giratorias estrechas y elevadas. La concha muestra una coloración blanca ceniza, con rayas longitudinales y manchas castañas. A menudo aparece una banda blanca debajo de la sección media del cuerpo, y la abertura de color castaño tiene una banda central blanca. El tamaño de la concha puede alcanzar hasta 43.5 mm, con especímenes raros de 50–60 mm. Conus mus habita en profundidades que varían de 0 a 18 metros. Morfológicamente, ocupa una posición central típica de las formas del golfo, mostrando similitud con Ceratostoma nuttalli a través de la tuberculación compartida de la concha, mientras que contrasta marcadamente con el altamente divergente Caecum heptagonum.",Wikipedia: Conus mus | Wikipedia: Cone snail
Tonna_pennata,96.667,Semicassis_granulata,38.988,Thylacodes_riisei,57.245,"Tonna pennata, commonly known as the Atlantic partridge tun, belongs to the family Tonnidae, the tun shells. This marine gastropod mollusk is predominantly found in shallow waters of the tropical western Atlantic Ocean, including regions such as the Caribbean Sea, Gulf of Mexico, Canary Islands, Madeira, and the West African coast. Its habitat typically includes reef areas, coral and rocky substrates, sandy areas, and seagrass meadows, with depths ranging from 0 to 13 meters.

The shell of Tonna pennata is pear-shaped, with a moderately blunt apex and open umbilicus. It features a wide, flared aperture occupying approximately three-quarters of the shell's length. The surface is finely striated with shallow grooves between the ribs, and the largest whorl includes about twenty ribs. The shell varies in color from beige to dark brown, with variable whitish markings. It grows up to approximately 150 mm in length.

Ecologically, Tonna pennata is a predator specializing in sea cucumbers, particularly those in the family Stichopodidae, as well as bivalve molluscs and fish. It uses a long eversible proboscis to envelop prey or secrete saliva containing sulfuric acid to paralyze and begin digestion. It can attack prey much larger than itself.

This species shares morphological similarities with Semicassis granulata. Both exhibit ribbed shell structures, though Semicassis granulata has a different overall shape. In contrast, Tonna pennata is morphologically different from Thylacodes riisei, which lacks the characteristic ribbing and has a completely different shell form.

Tonna pennata exhibits a central shape typical of species from the Gulf of California, with a distance of 96667 from the mean shape. The species distance indicates similarity to local forms while showing moderate divergence from species like Thylacodes riisei.","Tonna pennata, conocida comúnmente como la ton de perdiz atlántica, pertenece a la familia Tonnidae, las conchas ton. Este molusco gasterópodo marino se encuentra principalmente en aguas poco profundas del Océano Atlántico tropical occidental, incluyendo regiones como el Mar Caribe, Golfo de México, Islas Canarias, Madeira, y la costa africana occidental. Su hábitat típicamente incluye áreas de arrecifes, sustratos de coral y roca, áreas arenosas y praderas de pastos marinos, con profundidades que van de 0 a 13 metros.

La concha de Tonna pennata es de forma de pera, con un ápice moderadamente romo y un ombligo abierto. Presenta una abertura amplia y curva que ocupa aproximadamente tres cuartas partes de la longitud de la concha. La superficie está finamente estriada con surcos poco profundos entre las costillas, y el giro más grande incluye alrededor de veinte costillas. La concha varía en color, de beige a marrón oscuro, con marcas blancas variables. Crece hasta aproximadamente 150 mm de longitud.

Ecológicamente, Tonna pennata es un depredador especializado en pepinos de mar, particularmente aquellos de la familia Stichopodidae, así como moluscos bivalvos y peces. Utiliza un largo probóscide evaginable para envolver a la presa o secretar saliva que contiene ácido sulfúrico para paralizar y comenzar la digestión. Puede atacar presas mucho más grandes que sí mismo.

Esta especie comparte similitudes morfológicas con Semicassis granulata. Ambos exhiben estructuras de concha costilladas, aunque Semicassis granulata tiene una forma general diferente. En contraste, Tonna pennata es morfológicamente diferente de Thylacodes riisei, que carece de la costillación característica y tiene una forma de concha completamente diferente.

Tonna pennata exhibe una forma central típica de las especies del Golfo de California, con una distancia de 96667 de la forma media. La distancia entre especies indica similitud con formas locales mientras muestra una divergencia moderada de especies como Thylacodes riisei.",Wikipedia: Tonna pennata | Wikipedia: Tonna
Prunum_labiatum,1.006,Prunum_apicinum,37.816,Thylacodes_riisei,578.051,"Prunum labiatum is a species of sea snail within the family Marginellidae, commonly known as margin snails. Its geographic distribution includes Caribbean waters, ranging from Campeche to Quintana Roo. This species is characterized by its glossy and smooth shell typical to members of Marginellidae, with a large aperture and porcellaneous surface. The color and patterns of the shell are variable, though often colorful. Prunum labiatum shares morphological characteristics with Prunum apicinum, such as the rounded, smooth shell and prominent callus. In contrast, it is considerably different from Thylacodes riisei, which exhibits a highly divergent morphology. The species is considered peripheral in terms of morphological variation from the Gulf, displaying adaptations distinct from the typical forms found there.","Prunum labiatum es una especie de caracol marino de la familia Marginellidae, comúnmente conocida como caracoles margen. Su distribución geográfica incluye las aguas del Caribe, desde Campeche hasta Quintana Roo. Esta especie se caracteriza por su concha brillante y lisa, típica de los miembros de Marginellidae, con una gran apertura y superficie porcelanosa. El color y los patrones de la concha son variables, aunque a menudo coloridos. Prunum labiatum comparte características morfológicas con Prunum apicinum, como la concha redondeada y lisa y un callo prominente. En contraste, es considerablemente diferente de Thylacodes riisei, que exhibe una morfología altamente divergente. La especie se considera periférica en términos de variación morfológica del Golfo, mostrando adaptaciones distintas de las formas típicas que allí se encuentran.",Wikipedia: Prunum labiatum | Wikipedia: Prunum
Cancellaria_reticulata,103.513,Stramonita_floridana,44.822,Caecum_heptagonum,595.098,"Cancellaria reticulata, commonly known as the common nutmeg, belongs to the family Cancellariidae. It is a medium-sized to large marine gastropod mollusk found in the western Atlantic Ocean, ranging from North Carolina to Brazil, including the Caribbean Sea, Gulf of Mexico, and Lesser Antilles. The shell of Cancellaria reticulata can grow up to 2.5 inches in length, featuring a rough surface adorned with numerous spiral cords and axial ribs, which create a lattice or beaded pattern. The shell is banded or splotched with cream and orange or brown colors. Notably, it does not possess an operculum. The aperture of the shell is elongate with a short canal and two strong, thin spiral ridges along the inner margin, with the upper ridge being more pronounced than the lower.

The species is probably carnivorous, using its radula to feed on soft-bodied animals, although specific life habits remain unclear. A related species, Cancellaria cooperi, is known as an external parasite on rays.

In the Gulf of California, Cancellaria reticulata shares morphological similarities with Stramonita floridana, suggesting similar shell traits such as ribbing and spiral ornamentation. In contrast, its morphology is notably different from Caecum heptagonum. The distance to the mean shape for Cancellaria reticulata is 103513, indicating a mid-range morphological divergence, which suggests it represents a more typical form for species found in the Gulf region.","Cancellaria reticulata, comúnmente conocida como el nuez moscada común, pertenece a la familia Cancellariidae. Es un molusco gasterópodo marino de tamaño mediano a grande que se encuentra en el Océano Atlántico occidental, desde Carolina del Norte hasta Brasil, incluyendo el Mar Caribe, el Golfo de México y las Antillas Menores. La concha de Cancellaria reticulata puede crecer hasta 2.5 pulgadas de longitud, con una superficie rugosa adornada con numerosos cordones espirales y costillas axiales que crean un patrón de celosía o perlado. La concha está bandada o salpicada con colores crema y naranja o marrón. Notablemente, no posee opérculo. La abertura de la concha es alargada con un canal corto y dos crestas espirales delgadas y fuertes a lo largo del margen interior, siendo la cresta superior más pronunciada que la inferior.

La especie probablemente es carnívora, usando su rádula para alimentarse de animales de cuerpo blando, aunque los hábitos de vida específicos no son claros. Una especie relacionada, Cancellaria cooperi, es conocida como un parásito externo en rayas.

En el Golfo de California, Cancellaria reticulata comparte similitudes morfológicas con Stramonita floridana, sugiriendo similares características de la concha como costillado y ornamentación espiral. En contraste, su morfología es notablemente diferente a la de Caecum heptagonum. La distancia a la forma media para Cancellaria reticulata es 103513, indicando una divergencia morfológica intermedia, lo que sugiere que representa una forma más típica para las especies encontradas en la región del Golfo.",Wikipedia: Common nutmeg | Wikipedia: Cancellaria
Echinolittorina_ziczac,103.786,Echinolittorina_angustior,47.545,Thylacodes_riisei,576.292,"Echinolittorina ziczac, commonly known as the zebra periwinkle, is a small marine gastropod mollusc in the family Littorinidae. This species inhabits the tropical Western Atlantic Ocean, from Florida to Barbados, including the Caribbean coast of Central America. It is predominantly found on intertidal rocks.

The shell of Echinolittorina ziczac exhibits a maximum length of 23 mm. It is characterized by a distinctive zebra-like pattern, typically featuring black and white bands, which serve as camouflage among the rocky substrates. Morphologically, this species is similar to Echinolittorina angustior, both showing coiled shells of similar size and shape, adapted for life in intertidal zones. However, it contrasts significantly with Thylacodes riisei, which has a more elongated and less ornamented shell.

In terms of habitat, Echinolittorina ziczac is found from depths of -3 meters to 0 meters, indicating its preference for littoral zones where wave action often occurs. The species does not venture into deeper waters beyond the intertidal region. Given its widespread occurrence and typical shell morphology, its distance to mean shape suggests it represents a central, typical form in the Gulf.

Echinolittorina ziczac feeds primarily by grazing on algae growing on rocky surfaces, playing a role in controlling algae populations in its habitat.","Echinolittorina ziczac, conocida comúnmente como el caracol cebra, es un pequeño molusco gasterópodo marino de la familia Littorinidae. Esta especie habita en el océano Atlántico occidental tropical, desde Florida hasta Barbados, incluyendo la costa caribeña de América Central. Se encuentra predominantemente en rocas intermareales.

La concha de Echinolittorina ziczac alcanza una longitud máxima de 23 mm. Se caracteriza por un patrón distintivo similar a una cebra, normalmente con bandas negras y blancas, que sirven como camuflaje entre los sustratos rocosos. Morfológicamente, esta especie es similar a Echinolittorina angustior, mostrando conchas espirales de tamaño y forma similares, adaptadas para vivir en zonas intermareales. Sin embargo, contrasta significativamente con Thylacodes riisei, que tiene una concha más alargada y menos ornamentada.

En términos de hábitat, Echinolittorina ziczac se encuentra desde profundidades de -3 metros hasta 0 metros, lo que indica su preferencia por las zonas litorales donde ocurre la acción de las olas. La especie no se adentra en aguas más profundas más allá de la región intermareal. Dada su amplia distribución y morfología de concha típica, su distancia a la forma media sugiere que representa una forma central, típica en el Golfo.

Echinolittorina ziczac se alimenta principalmente de algas que crecen en superficies rocosas, desempeñando un papel en el control de las poblaciones de algas en su hábitat.",Wikipedia: Echinolittorina ziczac | Wikipedia: Echinolittorina
Vasula_deltoidea,105.882,Cancellaria_gemmulata,84.124,Caecum_heptagonum,559.639,"Vasula deltoidea is a species within the genus Vasula, part of the family Muricidae, commonly known as murex or rock snails. The shell can reach a length of up to 37 mm and is characterized by a light brown or whitish coloration with distinctive dark chestnut bands. The pink columella adds a unique aesthetic contrast. This species is typically found in shallow water habitats and is frequently subject to significant encrustation by calcareous algae, indicating a common association with rocky substrates. Vasula deltoidea is morphologically similar to Cancellaria gemmulata, sharing traits such as the lack of nodules or spines. In contrast, it is considerably different from Caecum heptagonum. The distance to mean shape suggests Vasula deltoidea is relatively typical among Gulf forms rather than divergent.","Vasula deltoidea es una especie dentro del género Vasula, parte de la familia Muricidae, comúnmente conocida como caracoles murex o caracoles de roca. La concha puede alcanzar una longitud de hasta 37 mm y se caracteriza por una coloración marrón claro o blanquecina con distintivas bandas castañas oscuras. La columela rosa ofrece un contraste estético único. Esta especie se encuentra típicamente en hábitats de aguas poco profundas y está frecuentemente sujeta a una encrustación significativa por algas calcáreas, indicando una asociación común con substratos rocosos. Vasula deltoidea es morfológicamente similar a Cancellaria gemmulata, compartiendo rasgos como la falta de nódulos o espinas. En contraste, es considerablemente diferente de Caecum heptagonum. La distancia a la forma media sugiere que Vasula deltoidea es relativamente típica entre las formas del Golfo en lugar de divergente.",Wikipedia: Vasula deltoidea | Wikipedia: Vasula (gastropod)
Pusula_pediculus,106.396,Cassis_madagascariensis,77.935,Thylacodes_riisei,532.415,"Pusula pediculus, commonly known as the coffee bean trivia, is a small sea snail species in the family Triviidae, the false cowries or trivias. Its maximum recorded shell length is 22 mm. The species was previously categorized under the name Trivia pediculus. Pusula pediculus is primarily distributed in the western Atlantic, frequently found as beached shells in the Eastern Caribbean islands of the Lesser Antilles, where it is colloquially known as ""puppy-eyes."" This marine gastropod inhabits depths ranging from 0 m to 129 m. Pusula pediculus shows morphological similarity to Cassis madagascariensis, both sharing a smooth, glossy shell surface, although differing in the latter's substantial size and weight. In contrast, Pusula pediculus is distinct from Thylacodes riisei, which possesses a unique tube shell adaptation. The distance to mean shape for Pusula pediculus suggests it is a typical representative form within the Gulf of California, while Cassis madagascariensis and Thylacodes riisei represent morphological extremes.","Pusula pediculus, comúnmente conocida como trivia grano de café, es una especie de pequeño caracol marino perteneciente a la familia Triviidae, las falsas porcelanas o trivias. Su longitud máxima registrada de concha es de 22 mm. La especie fue previamente categorizada bajo el nombre Trivia pediculus. Pusula pediculus se distribuye principalmente en el Atlántico occidental, encontrándose frecuentemente como conchas varadas en las islas caribeñas orientales de las Antillas Menores, donde se conoce popularmente como ""ojos de cachorro"". Este gasterópodo marino habita en profundidades que van desde 0 m hasta 129 m. Pusula pediculus muestra similitud morfológica con Cassis madagascariensis, compartiendo una superficie de concha lisa y brillante, aunque difiriendo en el considerable tamaño y peso del último. En contraste, Pusula pediculus se distingue de Thylacodes riisei, que posee una adaptación única de concha tubular. La distancia a la forma media para Pusula pediculus sugiere que es una forma representativa típica dentro del Golfo de California, mientras que Cassis madagascariensis y Thylacodes riisei representan extremos morfológicos.",Wikipedia: Pusula pediculus | Wikipedia: Pusula
Luria_cinerea,110.136,Naria_turdus,46.004,Thylacodes_riisei,582.589,"Luria cinerea, commonly known as the Atlantic gray cowry, is a sea snail in the family Cypraeidae. The species is distributed from North Carolina, USA to Colombia and East Brazil. Its shell reaches a maximum recorded length of 45 mm. It inhabits depths ranging from the surface to 1472 meters. The shell of Luria cinerea shares morphological similarities with Naria turdus, which are evident in the smooth, elongated form typical of cowries. This contrasts sharply with Thylacodes riisei, which displays a significantly divergent morphology. The species' distance to mean shape of 110136 indicates its shell form is somewhat central to typical Gulf species, demonstrating moderate divergence within its family.","Luria cinerea, comúnmente conocida como la espiral gris del Atlántico, es un caracol marino de la familia Cypraeidae. La especie se distribuye desde Carolina del Norte, EE.UU. hasta Colombia y el este de Brasil. Su concha alcanza una longitud máxima registrada de 45 mm. Habita profundidades que varían desde la superficie hasta los 1472 metros. La concha de Luria cinerea comparte similitudes morfológicas con Naria turdus, evidentes en su forma alargada y suave, típica de los cowries. Esto contrasta marcadamente con Thylacodes riisei, que muestra una morfología significativamente divergente. La distancia al promedio de forma de la especie, de 110136, indica que su concha es algo central respecto a las especies típicas del Golfo, demostrando una divergencia moderada dentro de su familia.",Wikipedia: Luria cinerea | Wikipedia: Luria
Acanthinucella_punctulata,110.687,Cancellaria_reticulata,57.328,Caecum_heptagonum,592.355,"Acanthinucella punctulata, commonly known as the spotted thorn drupe, is a species of predatory sea snail in the family Muricidae, the murex or rock snails. The shell of Acanthinucella punctulata reaches a size of about 25 mm and features dark spiral markings resembling wide dots or dashes. This species is found on the West Coast of North America, spanning from Monterey, California to northern Baja California, Mexico. It inhabits rocky shores in the upper intertidal zone. Acanthinucella punctulata is morphologically similar to Cancellaria reticulata, sharing characteristics such as spiral ornamentation that facilitates identification. In contrast, the species is highly distinct from Caecum heptagonum, indicating a peripheral position in morphospace relative to typical Gulf forms.","Acanthinucella punctulata, comúnmente conocida como la drupa espinosa moteada, es una especie de caracol marino depredador de la familia Muricidae, los caracoles murex o caracoles de roca. La concha de Acanthinucella punctulata alcanza un tamaño de aproximadamente 25 mm y presenta marcas espirales oscuras que se asemejan a puntos o guiones amplios. Esta especie se encuentra en la costa oeste de América del Norte, desde Monterey, California hasta el norte de Baja California, México. Habita en las costas rocosas en la zona intermareal superior. Acanthinucella punctulata es morfológicamente similar a Cancellaria reticulata, compartiendo características como ornamentación espiral que facilita la identificación. En contraste, la especie es muy distinta de Caecum heptagonum, indicando una posición periférica en el espacio morfológico en relación con las formas típicas del Golfo.",Wikipedia: Acanthinucella punctulata | Wikipedia: Acanthinucella
Phrontis_vibex,111.647,Cancellaria_gemmulata,73.439,Caecum_heptagonum,568.318,"Phrontis vibex, commonly known as the bruised nassa, is a marine gastropod mollusk in the family Nassariidae. This species possesses an ovate, conical shell ranging from 10 mm to 20 mm in length. The shell features a spire with six or seven subconvex whorls distinguished by fine, close transverse striae and occasional nodosities. The aperture is rounded with a brown, banded interior. The shell exhibits an olive color with white or yellowish bands, and the columella is arcuated with a callosity that transitions from brown to white. Phrontis vibex is distributed throughout the northwest Atlantic, Gulf of Mexico, Caribbean Sea, and areas of the southwest Atlantic including numerous localities such as Massachusetts, Florida, Mexico, and Brazil. Morphologically, Phrontis vibex is closely akin to Cancellaria gemmulata, sharing traits such as nodulose whorls and a prominent spire, contrasting starkly with Caecum heptagonum, which is substantially different in shape. With a distance to mean shape of 111647, Phrontis vibex represents a typical central form within the Gulf’s marine gastropod biodiversity.","Phrontis vibex, comúnmente conocido como el nassa magullado, es un molusco gasterópodo marino de la familia Nassariidae. Esta especie posee una concha ovada y cónica que varía entre 10 mm y 20 mm de longitud. La concha presenta una espira con seis o siete vueltas subconvexas, distinguidas por finas estrías transversales cercanas y ocasionales nodosidades. La apertura es redondeada con un interior marrón con bandas. La concha exhibe un color oliva con bandas blancas o amarillentas, y la columela es arqueada con una callosidad que pasa de marrón a blanco. Phrontis vibex se distribuye a lo largo del noroeste atlántico, Golfo de México, Mar Caribe y áreas del suroeste atlántico, incluyendo numerosas localidades como Massachusetts, Florida, México y Brasil. Morfológicamente, Phrontis vibex está estrechamente relacionada con Cancellaria gemmulata, compartiendo características como las vueltas nodulosas y una espira prominente, contrastando fuertemente con Caecum heptagonum, que es sustancialmente diferente en forma. Con una distancia a la forma media de 111647, Phrontis vibex representa una forma central típica dentro de la biodiversidad de gasterópodos marinos del Golfo.",Wikipedia: Phrontis vibex | Wikipedia: Phrontis (gastropod)
Plicopurpura_patula,112.553,Cancellaria_gemmulata,105.144,Caecum_heptagonum,542.193,"Plicopurpura patula, also known as the widemouth rockshell or wide-mouthed purpura, is a species of sea snail classified in the family Muricidae. It is distributed along the tropical Western Atlantic coast from Florida to Trinidade and includes the Caribbean Sea. This species thrives in the intertidal splash zones of rocky shorelines exposed to regular wave action. Its shell morphology, shared with Cancellaria gemmulata, features a robust structure and a wide aperture, crucial for wave zone adaptation. Plicopurpura patula is notable for producing Tyrian purple, a historically significant dye. In contrast, Caecum heptagonum, the most morphologically distinct species, may differ significantly in overall shell form and ecological niche. The distance to mean shape for Plicopurpura patula is central, indicating a typical form found in the Gulf of California.","Plicopurpura patula, también conocido como el caracol de roca de boca ancha o purpura de boca ancha, es una especie de caracol marino clasificada en la familia Muricidae. Se distribuye a lo largo de la costa atlántica occidental tropical desde Florida hasta Trinidade y abarca el Mar Caribe. Esta especie prospera en las zonas de salpicaduras intermareales de costas rocosas expuestas a la acción regular de las olas. Su morfología de concha, compartida con Cancellaria gemmulata, presenta una estructura robusta y una amplia abertura, crucial para la adaptación a la zona de oleaje. Plicopurpura patula es notable por producir púrpura de Tiro, un tinte históricamente significativo. En contraste, Caecum heptagonum, la especie más distinta morfológicamente, puede diferir significativamente en forma general de la concha y nicho ecológico. La distancia a la forma media de Plicopurpura patula es central, indicando una forma típica encontrada en el Golfo de California.",Wikipedia: Plicopurpura patula | Wikipedia: Plicopurpura
Distorsio_clathrata,113.286,Columbella_aureomexicana,92.228,Thylacodes_riisei,598.462,"Distorsio clathrata, commonly known as the Atlantic distorsio, is a medium-sized sea snail belonging to the family Personidae. The shell can attain a maximum length of 79 mm, and features subturreted whorls that are distinctly distorted, giving it an irregular and ringent aperture. The shell structure includes a recurved siphonal canal, a dilated lamellar and rugosely indented inner lip, an excavated and verrucosely plicate columella, and a sinuous, internally plicato-dentate outer lip. The species is distributed in the Caribbean Sea, the Gulf of Mexico, and off the Lesser Antilles, extending in the Atlantic Ocean from North Carolina to Northeast Brazil. Habitat depths range from 0 m to 300 m. Morphologically, Distorsio clathrata is most similar to Columbella aureomexicana, sharing features like subturreted and distorted whorls. In contrast, it is morphologically most divergent from Thylacodes riisei. The distance to the mean shape suggests this species represents a central form typical for the Gulf rather than a divergent one.","Distorsio clathrata, comúnmente conocida como la distorsio del Atlántico, es un caracol de mar de tamaño mediano perteneciente a la familia Personidae. La concha puede alcanzar una longitud máxima de 79 mm y presenta espirales subturretadas que están claramente distorsionadas, lo que le da una apertura irregular y anillada. La estructura de la concha incluye un canal sifonal recurvado, un labio interno laminar dilatado e indentado rugosamente, una columela excavada y verrucosamente plicada, y un labio externo sinuoso e internamente plicato-dentado. La especie está distribuida en el Mar Caribe, el Golfo de México y al lado de las Antillas Menores, extendiéndose en el Océano Atlántico desde Carolina del Norte hasta el noreste de Brasil. Los rangos de profundidad del hábitat varían desde los 0 m hasta los 300 m. Morfológicamente, Distorsio clathrata es más similar a Columbella aureomexicana, compartiendo características como espirales subturretadas y distorsionadas. En contraste, es morfológicamente más divergente de Thylacodes riisei. La distancia a la forma media sugiere que esta especie representa una forma central típica para el Golfo más que divergente.",Wikipedia: Distorsio clathrata | Wikipedia: Distorsio
Crepidula_maculosa,114.126,Crepidula_fornicata,62.238,Thylacodes_riisei,56.332,"Crepidula maculosa is a species of sea snail, belonging to the family Calyptraeidae, commonly known as slipper snails or slipper limpets. The maximum recorded shell length of C. maculosa is 35 mm. It inhabits shallow waters with recorded depths ranging from 0 to 11 meters. C. maculosa has a shell morphology typical of the genus Crepidula with a simple shell, displaying features typical of its family's plastic morphology. It is morphologically similar to Crepidula fornicata, indicating shared shell traits, which include a coiled shell often resembling a slipper or limpet. In contrast, C. maculosa is notably different from Thylacodes riisei, which has a vastly different shell form. Regarding the distance to mean shape, Crepidula maculosa has a peripheral form in the Gulf, indicating divergence within the local morphological spectrum. The genus Crepidula is studied extensively for its protandrous sex-change behavior, environmentally mediated and dependent on snail associations, showcasing a unique aspect of their reproductive strategy.","Crepidula maculosa es una especie de caracol marino perteneciente a la familia Calyptraeidae, comúnmente conocida como caracoles zapatilla o lapas zapatilla. La longitud máxima registrada de la concha de C. maculosa es de 35 mm. Habita en aguas poco profundas con profundidades registradas que van de 0 a 11 metros. C. maculosa tiene una morfología de concha típica del género Crepidula con una concha simple, mostrando características típicas de la morfología plástica de su familia. Es morfológicamente similar a Crepidula fornicata, lo que indica características de concha compartidas, que incluyen una concha enrollada que a menudo se asemeja a una zapatilla o lapa. En contraste, C. maculosa es notablemente diferente de Thylacodes riisei, que tiene una forma de concha muy diferente. Con respecto a la distancia a la forma media, Crepidula maculosa tiene una forma periférica en el Golfo, lo que indica divergencia dentro del espectro morfológico local. El género Crepidula ha sido estudiado extensivamente por su comportamiento de cambio de sexo protándrico, ambientalmente mediado y dependiente de asociaciones de caracoles, mostrando un aspecto único de su estrategia reproductiva.",Wikipedia: Crepidula maculosa | Wikipedia: Crepidula
Amphithalamus_inclusus,114.223,Littoraria_nebulosa,5.648,Thylacodes_riisei,567.797,"Amphithalamus inclusus is a species of minute sea snail within the family Anabathridae. The shell measures approximately 1.1 mm in length and 0.9 mm in diameter. Its morphology is characterized by strongly rounded post-nuclear whorls with a weak keel at the periphery. The shell features relatively broad spiral lirations with a pale brown coloration and a flesh-colored columellar region. It possesses an oval aperture that is contracted by a columellar shelf, creating a pit behind its edge. The operculum is thin and paucispiral. The species is distributed off the western coast of North America.

In terms of morphological similarity, Amphithalamus inclusus shares some shell traits with Littoraria nebulosa, such as rounded whorls and a peripheral keel, differentiating it from Thylacodes riisei, which is more morphologically disparate. The distance to mean shape is relatively central, indicating a typical form within the Gulf of California.","Amphithalamus inclusus es una especie de caracol de mar diminuto de la familia Anabathridae. La concha mide aproximadamente 1.1 mm de longitud y 0.9 mm de diámetro. Su morfología se caracteriza por tener vueltas post-nucleares fuertemente redondeadas con un pequeño quilla en la periferia. La concha presenta liraciones espirales relativamente anchas con una coloración marrón pálido y una región columelar color carne. Posee una abertura oval que está contraída por un estante columelar, creando una cavidad detrás de su borde. El opérculo es delgado y pauciespiral. La especie se distribuye frente a la costa occidental de América del Norte.

En cuanto a la similitud morfológica, Amphithalamus inclusus comparte ciertos rasgos de concha con Littoraria nebulosa, como las vueltas redondeadas y una quilla periférica, diferenciándose de Thylacodes riisei, que es morfológicamente más dispar. La distancia a la forma promedio es relativamente central, lo que indica una forma típica dentro del Golfo de California.",Wikipedia: Amphithalamus inclusus | Wikipedia: Amphithalamus
Californiconus_californicus,114.852,Conus_spurius,59.496,Thylacodes_riisei,598.231,"Californiconus californicus, known commonly as the Californian cone, is a marine gastropod mollusk in the family Conidae, distinguished by its predatory nature. The species inhabits cooler, temperate waters of the eastern Pacific Ocean along the coast of California from the Farallon Islands near San Francisco to Bahía Magdalena, Baja California Sur, Mexico. It occupies both rocky and sandy substrates in intertidal zones and subtidally up to depths of 30 meters.

The shell of Californiconus californicus is characterized by its grayish-brown hue, a thick periostracum, and a rounded shoulder. The spire is flat-sided, with a turgid, squat profile. It reaches a height of 25–40 mm. The shell's anterior notch is slight or absent, and the anal notch is shallow. The smooth periostracum and large operculum differ from other Conus species, particularly Conus spurius, which shares a general conical shape but typically displays nodulose shoulders and more elongated forms.

The feeding habits of Californiconus californicus are notably generalist; the snail preys on marine worms, fish, and other mollusks, exhibiting flexibility not commonly found in other cone snails that have specialized diets. This ecological generalism is accompanied by molecular and morphological divergence from closely related species.

Fossil records indicate its existence since the Late Pleistocene, highlighting its evolutionary continuity within coastal ecosystems.

While this species is central in morphological characterization typical of the Gulf of California cone snails, it contrasts with the notably differing Thylacodes riisei, which is more elongated and features unique radular formations.","Californiconus californicus, conocido comúnmente como el cono californiano, es un molusco gasterópodo marino de la familia Conidae, destacado por su naturaleza depredadora. La especie habita en aguas templadas más frías del océano Pacífico oriental a lo largo de la costa de California desde las Islas Farallón cerca de San Francisco hasta Bahía Magdalena, Baja California Sur, México. Ocupa sustratos rocosos y arenosos en zonas intermareales y hasta en profundidades de 30 metros.

La concha de Californiconus californicus se caracteriza por su tono marrón grisáceo, un periostraco grueso y un hombro redondeado. La espira es lateralmente plana, con un perfil turgente y rechoncho. Alcanza una altura de 25–40 mm. La muesca anterior es ligera o ausente y la muesca anal es poco profunda. El periostraco liso y el gran opérculo difieren de otras especies de Conus, especialmente de Conus spurius, que comparte un forma generalmente cónica pero que típicamente presenta hombros nodulosos y formas más alargadas.

Los hábitos alimenticios de Californiconus californicus son notablemente generalistas; el caracol se alimenta de gusanos marinos, peces y otros moluscos, exhibiendo una flexibilidad no común en otros caracoles cono que tienen dietas especializadas. Este generalismo ecológico se acompaña de divergencia molecular y morfológica con respecto a especies cercanas.

Los registros fósiles indican su existencia desde el Pleistoceno tardío, destacando su continuidad evolutiva dentro de los ecosistemas costeros.

Mientras esta especie es central en la caracterización morfológica típica de los caracoles cono del Golfo de California, contrasta con el notablemente diferente Thylacodes riisei, que es más alargado y presenta formaciones radulares únicas.",Wikipedia: Californiconus californicus | Wikipedia: Californiconus
Alanbeuella_corrugata,115.785,Tonna_pennata,96.584,Thylacodes_riisei,569.429,"Alanbeuella corrugata, commonly known as the gaudy frog shell, belongs to the family Bursidae. The shell of this species can reach a maximum length of 75 mm. It is ovate, somewhat depressed, and ponderous with a chestnut color. The whorls are marked by two or three rows of large, livid chestnut-colored pimples, and the varices are granulously ridged. The columella displays granulously wrinkled white wrinkles. The outer lip is flatly fimbriated, sinuated at the upper part, with brown coloration radiated with whitish grooves. Alanbeuella corrugata inhabits marine environments at depths ranging from 2 to 137 meters and is distributed across the Atlantic Ocean off West Africa, the Canary Islands, Cape Verdes, Brazil, the Caribbean Sea, the Gulf of Mexico, and the Lesser Antilles. It shows morphological similarity to Tonna pennata, sharing traits like similar varices and coloration patterns, while contrasting starkly with Thylacodes riisei, which exhibits different shell morphology. Alanbeuella corrugata is characterized by a shape distance to mean of 115785, indicating a central typical form within Gulf gastropods.","Alanbeuella corrugata, comúnmente conocida como la concha de rana vistosa, pertenece a la familia Bursidae. La concha de esta especie puede alcanzar una longitud máxima de 75 mm. Es ovada, algo deprimida y pesada, con un color castaño. Las vueltas están marcadas por dos o tres filas de grandes granos castaño pálido, y las varices están granuladas. La columela muestra arrugas granuladas blancas. El labio exterior está finamente fimbriado, con una sinuación en la parte superior, con una coloración marrón irradiada con surcos blanquecinos. Alanbeuella corrugata habita en ambientes marinos a profundidades que van desde 2 a 137 metros y se distribuye en el océano Atlántico frente a África Occidental, las Islas Canarias, Cabo Verde, Brasil, el mar Caribe, el Golfo de México y las Antillas Menores. Muestra similitud morfológica con Tonna pennata, compartiendo características como varices y patrones de color similares, mientras contrasta marcadamente con Thylacodes riisei, que exhibe una morfología de concha diferente. Alanbeuella corrugata se caracteriza por una distancia de forma media de 115785, indicando una forma central típica dentro de los gasterópodos del Golfo.",Wikipedia: Alanbeuella corrugata | Wikipedia: Alanbeuella
Strombus_pugilis,116.324,Semicassis_granulata,111.217,Thylacodes_riisei,540.123,"Strombus pugilis, commonly known as the West Indian fighting conch, is a species of marine gastropod mollusk within the family Strombidae. This species is distributed from Bermuda through southeastern Florida, the Caribbean Sea, and south to Brazil. The shell of Strombus pugilis is robust, heavy, and characterized by a stromboid notch. It typically reaches sizes up to 130 mm, although commonly 90 mm, and consists of 8 to 9 whorls. The shell displays subsutural spines, more pronounced in the last whorl, varying from salmon-pink, cream, or yellow, to orange, with a distinct dark purple stain anteriorly. It inhabits sandy and muddy substrates from the intertidal zone to depths of 55 meters. Strombus pugilis is a herbivore, consuming plants and algae. The species exhibits morphological similarities to Semicassis granulata through its robust shell form, contrasting significantly with Thylacodes riisei, which may suggest a peripheral position relative to the mean shape typical of Gulf species. Reproduction can occur throughout the year, with observed spawning aggregations and copulation at depths between 8 and 10 meters. The shell is used by local fishermen and is a zootherapeutic product in Brazil. Imposex has been documented in the species due to organic tin exposure, leading to potential population-level impacts.","Strombus pugilis, comúnmente conocido como el caracol de pelea de las Indias Occidentales, es una especie de molusco gasterópodo marino dentro de la familia Strombidae. Esta especie se distribuye desde Bermuda hasta el sureste de Florida, el mar Caribe y hacia el sur hasta Brasil. La concha de Strombus pugilis es robusta, pesada y se caracteriza por una muesca estromboide. Normalmente alcanza tamaños de hasta 130 mm, aunque comúnmente 90 mm, y consiste en 8 a 9 vueltas. La concha exhibe espinas subsuturales, más pronunciadas en la última vuelta, variando de color entre rosa salmón, crema o amarillo, a naranja, con una mancha púrpura oscura distintiva en la parte anterior. Habita en sustratos arenosos y fangosos desde la zona intermareal hasta profundidades de 55 metros. Strombus pugilis es herbívoro, consumiendo plantas y algas. La especie muestra similitudes morfológicas con Semicassis granulata a través de su forma de concha robusta, contrastando significativamente con Thylacodes riisei, lo que puede sugerir una posición periférica respecto a la forma media típica de las especies del Golfo. La reproducción puede ocurrir durante todo el año, con agregaciones de desove y copulación observadas a profundidades entre 8 y 10 metros. La concha es utilizada por pescadores locales y es un producto zooterapéutico en Brasil. Se ha documentado el imposex en la especie debido a la exposición a compuestos de estaño orgánico, lo que lleva a posibles impactos a nivel poblacional.",Wikipedia: Strombus pugilis | Wikipedia: Strombus
Conus_spurius,116.677,Californiconus_californicus,59.496,Thylacodes_riisei,585.674,"Conus spurius, commonly known as the alphabet cone, is a species of predatory and venomous sea snail within the family Conidae. This species is found from East Florida to Venezuela and the West Indies. It has a maximum recorded shell length of 80 mm. The shell is characterized by its white coloration with revolving series of spots and irregular or cloud-like markings of orange, chestnut, or chocolate, which often form interrupted bands. The base of the shell displays grooves while the spire shows a single broad sulcus. Conus spurius inhabits environments from the surface to depths of 64 meters. During its larval stage, which lasts only a few hours, it swims before settling on the substrate as a juvenile, aided by ocean currents for range extension. The closest species morphologically is Californiconus californicus, sharing several shell features. Conus spurius exhibits a mean shape in the Gulf of California, suggesting it is a typical form. In contrast, Thylacodes riisei is the most morphologically different within the region.","Conus spurius, comúnmente conocido como el cono alfabeto, es una especie de caracol marino depredador y venenoso perteneciente a la familia Conidae. Esta especie se encuentra desde el este de Florida hasta Venezuela y las Indias Occidentales. Tiene una longitud de concha máxima registrada de 80 mm. La concha se caracteriza por su coloración blanca con series de manchas y marcas irregulares o en forma de nube de color naranja, castaño o chocolate, que a menudo forman bandas interrumpidas. La base de la concha presenta surcos mientras que la espira muestra un amplio sulco único. Conus spurius habita en entornos desde la superficie hasta profundidades de 64 metros. Durante su etapa larvaria, que dura solo unas pocas horas, nada antes de asentarse en el sustrato como juvenil, ayudado por corrientes oceánicas para la extensión de su rango. La especie más cercana morfológicamente es Californiconus californicus, compartiendo varios rasgos de la concha. Conus spurius exhibe una forma promedio en el Golfo de California, lo que sugiere que es una forma típica. En contraste, Thylacodes riisei es la más diferente morfológicamente dentro de la región.",Wikipedia: Conus spurius | Wikipedia: Conus
Littoraria_nebulosa,11.679,Amphithalamus_inclusus,5.648,Thylacodes_riisei,564.916,"Littoraria nebulosa is a species of sea snail in the family Littorinidae, commonly referred to as winkles or periwinkles. It has a maximum recorded shell length of 28 mm. These snails are typically found at a depth range of -1 m to 0 m, indicating they inhabit intertidal zones. Within the Gulf of California, Littoraria nebulosa is postulated to have an ecological role similar to other Littoraria species, such as feeding on algal films and perhaps participating in complex ecological interactions typical of the family. Amphithalamus inclusus, the most morphologically similar species, shares typical gastropod shell features such as coiling and aperture form, although specific common traits to Littoraria nebulosa are less explicitly defined in existing literature. The morphologically distinct Thylacodes riisei contrasts sharply with Littoraria nebulosa, potentially in suture definition and coloration. Littoraria nebulosa's distance to mean shape suggests it maintains a relatively central morphological profile typical of Gulf of California gastropods.","Littoraria nebulosa es una especie de caracol marino de la familia Littorinidae, comúnmente conocida como bígaros o caracoles de mar. Su longitud máxima registrada de la concha es de 28 mm. Estos caracoles generalmente se encuentran en un rango de profundidad de -1 m a 0 m, lo que indica que habitan zonas intermareales. Dentro del Golfo de California, se sugiere que Littoraria nebulosa tiene un papel ecológico similar al de otras especies de Littoraria, como alimentarse de películas de algas y posiblemente participar en interacciones ecológicas complejas típicas de la familia. Amphithalamus inclusus, la especie más morfológicamente similar, comparte características típicas de concha de gasterópodo, como el enrollamiento y la forma del ápice, aunque los rasgos específicos comunes a Littoraria nebulosa son menos explícitos en la literatura existente. Thylacodes riisei, morfológicamente distinta, contrasta marcadamente con Littoraria nebulosa, potencialmente en la definición de las suturas y la coloración. La distancia de Littoraria nebulosa a la forma media sugiere que mantiene un perfil morfológico relativamente central típico de los gasterópodos del Golfo de California.",Wikipedia: Littoraria nebulosa | Wikipedia: Littoraria
Cyphoma_mcgintyi,11.733,Anachis_nigrofusca,74.142,Thylacodes_riisei,610.039,"The species Cyphoma mcgintyi, along with Cyphoma signatum, is genetically homogenous with Cyphoma gibbosum, indicating they are morphological variations of a single species. Description of the shell shows it is elongated in shape, with a smooth and shiny dorsum which can be white or orange. The shell size ranges from 18 mm to 45 mm in length, characterized by a thick transversal ridge on the dorsum. The base and interior are white or pinkish, with a wide aperture. The species exhibits a mantle tissue which covers the shell when alive, displaying bright orange-yellow coloration with black markings. It lives in tropical waters of the western Atlantic Ocean from North Carolina to Brazil, including the Gulf of Mexico and the Gulf of California. Its habitat ranges from a depth of 0.3 m to 90 m, where it commonly preys on soft corals such as Briareum spp., Gorgonia spp., Plexaura spp., and Plexaurella spp.

Morphological similarity is noted with Anachis nigrofusca due to similar elongated shape and surface texture, while contrast is evident with Thylacodes riisei, likely due to significant differences in shell structure. The distance to mean shape indicates Cyphoma mcgintyi has a more typical or central morphology compared to the Gulf's population variance.","La especie Cyphoma mcgintyi, junto con Cyphoma signatum, es genéticamente homogenea con Cyphoma gibbosum, lo que indica que son variaciones morfológicas de una única especie. La descripción de la concha muestra que es de forma alargada, con un dorso liso y brillante que puede ser blanco o naranja. El tamaño de la concha varía entre 18 mm y 45 mm de longitud, caracterizado por un espolón transversal grueso en el dorso. La base y el interior son blancos o rosados, con una amplia abertura. La especie exhibe un tejido del manto que cubre la concha cuando está viva, mostrando una coloración amarillo-naranja brillante con marcas negras. Vive en las aguas tropicales del océano Atlántico occidental desde Carolina del Norte hasta Brasil, incluyendo el Golfo de México y el Golfo de California. Su hábitat varía de una profundidad de 0.3 m a 90 m, donde se alimenta comúnmente de corales blandos como Briareum spp., Gorgonia spp., Plexaura spp., y Plexaurella spp.

Se destaca la similitud morfológica con Anachis nigrofusca debido a su forma alargada y textura superficial similar, mientras que el contraste es evidente con Thylacodes riisei, probablemente debido a diferencias significativas en la estructura de la concha. La distancia a la forma media indica que Cyphoma mcgintyi tiene una morfología más típica o central en comparación con la variabilidad de la población del Golfo.",Wikipedia: Flamingo tongue snail | Wikipedia: Flamingo tongue snail
Stramonita_floridana,12.051,Cancellaria_reticulata,44.822,Caecum_heptagonum,612.892,"Stramonita floridana is a species of sea snail in the family Muricidae, commonly known as rock snails. The shell size of this species ranges from 50 to 80 mm. It inhabits the Western Atlantic Ocean, particularly around Florida, USA. The shell has an elevated spire with simple or nodulous whorls, and a moderate aperture that is extended anteriorly. The columella of the shell is rounded and simple. The shell of Stramonita floridana has been observed to have morphological similarities to Cancellaria reticulata, a species with a broader distribution and distinct reticulated pattern, while being morphologically quite different from Caecum heptagonum, a much smaller species with a very different shell shape. Stramonita floridana appears to represent a central or typical form within its genus in the Gulf of California, given its specific shell morphometrics and standard features for the group within this geographical range.","Stramonita floridana es una especie de caracol marino de la familia Muricidae, comúnmente conocidos como caracoles de roca. El tamaño de la concha de esta especie varía de 50 a 80 mm. Habita en el Océano Atlántico occidental, particularmente alrededor de Florida, EE.UU. La concha tiene una espiral elevada con vueltas simples o nodulosas, y una apertura moderada que se extiende anteriormente. La columela de la concha es redondeada y simple. Se ha observado que la concha de Stramonita floridana tiene similitudes morfológicas con Cancellaria reticulata, una especie con una distribución más amplia y un patrón reticulado distintivo, mientras es morfológicamente bastante diferente de Caecum heptagonum, una especie mucho más pequeña con una forma de concha muy diferente. Stramonita floridana parece representar una forma central o típica dentro de su género en el Golfo de California, dada su morfometría específica y características estándar para el grupo dentro de este rango geográfico.",Wikipedia: Stramonita floridana | Wikipedia: Stramonita
Anachis_nigrofusca,12.053,Anachis_varia,31.659,Thylacodes_riisei,592.114,"Anachis nigrofusca is a species of sea snail in the family Columbellidae. The shell length of Anachis nigrofusca reaches up to 7.8 mm. It has a smaller, conoid shape with blackish-brown coloration marked by livid, radiating, somewhat undulate, and inconspicuous lines. The shell comprises six whorls, which are flattened with a slightly impressed suture. It features numerous radiating costules that continue to the base, with small, spirally decussate interspaces and impressed lines. The sculpture is often negligible, with spiral striae conspicuous around the base. The aperture of the shell is oblong with a varicose and sinuate outer lip that is internally 7-dentate. The inner lip is conspicuous and nearly smooth. This species is found in the Gulf of California and the Pacific Ocean off Mexico. It shares morphological traits with Anachis varia, such as the shell shape and ribbing patterns. In contrast, it is significantly different from Thylacodes riisei, indicating a peripheral position in shell morphology typical for Gulf species.","Anachis nigrofusca es una especie de caracol marino de la familia Columbellidae. La longitud de su concha alcanza hasta 7.8 mm. Tiene una forma cónica más pequeña, de color marrón negruzco, marcada con líneas lívidas, radiantes, algo onduladas y poco llamativas. La concha consta de seis vueltas, que son aplanadas con una sutura ligeramente impresas. Presenta numerosas costulas radiales que continúan hasta la base, con espacios intercostales espiralados descásicamente pequeños y líneas impresas. A menudo, la escultura es insignificante, con estrías espirales conspicuas alrededor de la base. La abertura de la concha es oblonga, con un borde externo varicoso y sinuoso que es internamente 7-dentado. El labio interno es conspicuo y casi liso. Esta especie se encuentra en el Golfo de California y en el Océano Pacífico frente a México. Comparte características morfológicas con Anachis varia, como la forma de la concha y los patrones de costillas. En contraste, es significativamente diferente de Thylacodes riisei, indicando una posición periférica en la morfología de la concha típica de especies del golfo.",Wikipedia: Anachis nigrofusca | Wikipedia: Anachis
Crepidula_fornicata,12.092,Crepidula_maculosa,62.238,Thylacodes_riisei,588.776,"Crepidula fornicata, commonly known as the common slipper shell or common Atlantic slippersnail, is a species of medium-sized sea snail in the family Calyptraeidae. The shell, measuring 20–50 mm in size, can reach a maximum length of 56 mm. It is characterized by its arched, rounded shape and an interior white ""deck"" that resembles a boat or a slipper. Crepidula fornicata is a sequential hermaphrodite living in stacks, with larger females at the bottom and smaller males on top. It is native to the western Atlantic Ocean, from Nova Scotia to the Gulf of Mexico, and invasive in parts of Europe and the Pacific Northwest. Habitat includes bays, estuaries, and wave-sheltered areas down to 70 meters. The species is a filter feeder, consuming planktonic and detrital food items. It resembles Crepidula maculosa, sharing similar shell stacking and attachment behavior, contrasting with the more sessile Thylacodes riisei. The species' distance to mean shape is 12092, indicating a central phenotype typical of the Gulf of California.","Crepidula fornicata, conocida comúnmente como la lapa zapatilla común o el caracol zapatilla atlántica, es una especie de caracol marino de tamaño mediano en la familia Calyptraeidae. La concha, que mide entre 20–50 mm, puede alcanzar una longitud máxima de 56 mm. Está caracterizada por su forma arqueada y redondeada y un ""suelo"" interior blanco que se asemeja a un bote o una zapatilla. Crepidula fornicata es un hermafrodita secuencial que vive en pilas, con las hembras más grandes en la parte inferior y los machos más pequeños arriba. Es nativa del océano Atlántico occidental, desde Nueva Escocia hasta el Golfo de México, e invasiva en partes de Europa y el noroeste del Pacífico. Su hábitat incluye bahías, estuarios y áreas protegidas de las olas hasta 70 metros de profundidad. La especie es una filtradora, consumiendo alimentos planctónicos y detritales. Se asemeja a Crepidula maculosa, compartiendo un comportamiento similar de apilamiento y fijación de conchas, contrastando con el más sésil Thylacodes riisei. La distancia de la especie a la forma promedio es 12092, indicando un fenotipo central típico del Golfo de California.",Wikipedia: Crepidula fornicata | Wikipedia: Crepidula
Echinolittorina_angustior,123.269,Echinolittorina_ziczac,47.545,Thylacodes_riisei,565.437,"Echinolittorina angustior is a sea snail species in the family Littorinidae, commonly known as winkles or periwinkles. The genus Echinolittorina includes small marine gastropod mollusks. The maximum recorded shell length for Echinolittorina angustior is 17 mm, indicating its relatively small size. Its habitat is recorded at a minimum depth of 0 m, suggesting it occupies intertidal zones. Echinolittorina angustior shares morphological similarities with Echinolittorina ziczac, both possessing characteristic traits of the genus, such as dextral coiling and likely similar shell surface ornamentation typical of periwinkles, although specific shared traits are not detailed. It contrasts significantly with Thylacodes riisei, which is morphologically more divergent as indicated by a greater distance in shell shape metrics. The distance to mean shape is relatively central within the Gulf forms, suggesting it possesses typical species features for the region.","Echinolittorina angustior es una especie de caracol marino de la familia Littorinidae, comúnmente conocida como bígaros o burgaos. El género Echinolittorina incluye pequeños moluscos gastropodos marinos. La longitud máxima registrada de la concha de Echinolittorina angustior es de 17 mm, lo que indica su tamaño relativamente pequeño. Su hábitat se registra a una profundidad mínima de 0 m, lo que sugiere que ocupa zonas intermareales. Echinolittorina angustior comparte similitudes morfológicas con Echinolittorina ziczac, ambos poseyendo rasgos característicos del género, como enrollamiento hacia la derecha y probablemente una ornamentación de concha similar, típicamente de bígaros, aunque no se detallan rasgos compartidos específicos. Contrasta significativamente con Thylacodes riisei, que es morfológicamente más divergente, según lo indica una mayor distancia en las métricas de forma de concha. La distancia a la forma promedio es relativamente central dentro de las formas del Golfo, lo que sugiere que posee características típicas de especies para la región.",Wikipedia: Echinolittorina angustior | Wikipedia: Echinolittorina
Anachis_scalarina,124.089,Anachis_nigrofusca,5.068,Caecum_heptagonum,59.951,"Anachis scalarina is a species of sea snail within the family Columbellidae, commonly known as dove snails. The species is native to the Gulf of California and found along the Pacific Ocean coasts of Mexico and Panama. The shell of Anachis scalarina attains a length of 21 mm. It is characterized by a thin epidermis with fine growth ridges and a cancellated surface with sharp, continued ribs. The shell displays a principally brown color with a white band below the suture. The outer lip of the shell features strong teeth on the upper portion, and the young shell has a distinct, somewhat bent siphonal canal. Morphologically, Anachis scalarina is similar to Anachis nigrofusca, sharing traits like sharp ribbing and an elevated spire. In contrast, the species is morphologically distinct from Caecum heptagonum. Anachis scalarina's distinct features place it towards the periphery of typical Gulf gastropod morphology.","Anachis scalarina es una especie de caracol marino dentro de la familia Columbellidae, comúnmente conocidos como caracoles paloma. La especie es nativa del Golfo de California y se encuentra a lo largo de las costas del Océano Pacífico de México y Panamá. La concha de Anachis scalarina alcanza una longitud de 21 mm. Se caracteriza por un epidermis delgado con finos crecimientos y una superficie cancelada con costillas agudas y continuas. La concha presenta un color principalmente marrón con una banda blanca debajo de la sutura. El labio externo de la concha presenta fuertes dientes en la parte superior, y la concha joven tiene un canal sifonal algo doblado y distintivo. Morfológicamente, Anachis scalarina es similar a Anachis nigrofusca, compartiendo características como costillas afiladas y una espira elevada. En contraste, la especie es morfológicamente distinta de Caecum heptagonum. Las características distintas de Anachis scalarina lo colocan hacia la periferia de la morfología típica de los gasterópodos del Golfo.",Wikipedia: Anachis scalarina | Wikipedia: Anachis
Melongena_bispinosa,124.853,Acanthinucella_spirata,45.698,Caecum_heptagonum,618.956,"Melongena bispinosa is a marine gastropod mollusk in the family Melongenidae, known as crown conches. This species inhabits the tropical intertidal zone in the Gulf of California, often found in muddy substrates under mangrove trees. As carnivorous snails, they primarily prey on small bivalves such as clams, mussels, and oysters, and display cannibalistic behavior. The shell of Melongena bispinosa is variable, similar to other species in the genus Melongena, with coiling, ornamentation, and size attributes influenced by its tropical habitat. Morphologically, Melongena bispinosa resembles Acanthinucella spirata, sharing features like whorls and aperture shape. In contrast, the species Caecum heptagonum presents as the furthest in morphology, emphasizing a greater divergence within regional mollusks. The distance to the mean shape suggests that Melongena bispinosa holds a position closer to the central form typical of Gulf species.","Melongena bispinosa es un molusco gasterópodo marino de la familia Melongenidae, conocido como caracoles corona. Esta especie habita la zona intermareal tropical en el Golfo de California, encontrándose a menudo en sustratos fangosos bajo árboles de manglar. Como caracoles carnívoros, se alimentan principalmente de pequeños bivalvos como almejas, mejillones y ostras, y exhiben un comportamiento canibalístico. La concha de Melongena bispinosa es variable, similar a otras especies del género Melongena, con atributos de enrollamiento, ornamentación y tamaño influenciados por su hábitat tropical. Morfológicamente, Melongena bispinosa se asemeja a Acanthinucella spirata, compartiendo características como los verticilos y la forma de la abertura. En contraste, la especie Caecum heptagonum se presenta como la más alejada en cuanto a morfología, lo que enfatiza una mayor divergencia entre los moluscos regionales. La distancia a la forma media sugiere que Melongena bispinosa ocupa una posición más cercana a la forma central típica de las especies del golfo.",Wikipedia: Melongena bispinosa | Wikipedia: Melongena
Cassis_madagascariensis,125.223,Prunum_labiatum,65.011,Thylacodes_riisei,542.422,"Cassis madagascariensis, also known as the queen helmet, is a species of marine gastropod mollusc in the family Cassidae. It is the largest species within its family in the Atlantic Ocean. This species occurs in the tropical Western Atlantic, the Gulf of Mexico, and the Caribbean Sea. Cassis madagascariensis is distinguished by its large, heavy shell, which can reach a maximum length of 409 mm. The shell has a short spire, three rows of blunt knobs, and numerous spiral folds. Its aperture is elongated, with folds on both sides, and the shell color ranges from white to tan with potential brown markings and blotches.

The morphology of Cassis madagascariensis is notably similar to Prunum labiatum, as both share characteristics like the presence of elongated apertures and pronounced spiral ornamentation, though Cassis is larger and heavier. In contrast, it differs significantly from Thylacodes riisei, which represents a more disparate morphological form.

The shell of Cassis madagascariensis is often utilized in jewelry, especially for creating cameos, and is traditionally used in the Maldives as a remedy for flu symptoms by boiling the shell. Ecologically, this species is central to the typical Gulf forms due to its moderate distance from the mean shape, implying it does not exhibit extreme morphological divergence.","Cassis madagascariensis, también conocido como el casco de reina, es una especie de gasterópodo marino de la familia Cassidae. Es la especie más grande dentro de su familia en el Océano Atlántico. Esta especie se encuentra en el Atlántico occidental tropical, el Golfo de México y el Mar Caribe. Cassis madagascariensis se distingue por su concha grande y pesada, que puede alcanzar una longitud máxima de 409 mm. La concha tiene una espira corta, tres filas de protuberancias romas y numerosos pliegues espirales. Su apertura es alargada, con pliegues en ambos lados, y el color de la concha varía de blanco a tostado, con posibles marcas y manchas marrones.

La morfología de Cassis madagascariensis es notablemente similar a la de Prunum labiatum, ya que ambos comparten características como la presencia de aperturas alargadas y una llamativa ornamentación espiral, aunque Cassis es más grande y más pesada. En contraste, difiere significativamente de Thylacodes riisei, que representa una forma morfológica más dispar.

La concha de Cassis madagascariensis se utiliza a menudo en joyería, especialmente para crear camafeos, y se utiliza tradicionalmente en las Maldivas como remedio para los síntomas de la gripe al hervir la concha. Ecológicamente, esta especie es central para las formas típicas del Golfo debido a su distancia moderada de la forma media, lo que implica que no exhibe divergencia morfológica extrema.",Wikipedia: Cassis madagascariensis | Wikipedia: Cassis
Naria_turdus,125.446,Luria_cinerea,46.004,Thylacodes_riisei,571.006,"Naria turdus, known as the thrush cowrie, belongs to the family Cypraeidae. The shell of Naria turdus is oval, smooth, and shiny, typically measuring between 30 and 38 mm in length, with variations from 16 mm to 62 mm. The basic shell coloration may be whitish, yellowish, or greenish, adorned with brown spots that enlarge towards the sides, while the aperture interior can appear light purple. The long and wide aperture contains about 15 teeth on both the columellar and labial sides. The living cowrie reveals a yellowish or beige mantle with tree-shaped brown papillae. Distributed primarily in the Red Sea, Gulf of Oman, Indian Ocean, and various parts of Africa, Naria turdus has also been introduced to European and Mediterranean waters. The species inhabits shallow intertidal zones at depths ranging from 2 to 10 meters, favoring coral reefs or algal turf substrates. Morphologically, it is similar to the species Luria cinerea, sharing a smooth shell surface and colorful pattern. In contrast, Thylacodes riisei diverges significantly in shell morphology, illustrating a unique adaptation. Naria turdus shows a central position in morphological diversity within the Gulf of California, indicating a typical shell form of its geographic range.","Naria turdus, conocida como la lira tordo, pertenece a la familia Cypraeidae. La concha de Naria turdus es ovalada, lisa y brillante, y generalmente mide entre 30 y 38 mm de longitud, con variaciones de 16 mm a 62 mm. La coloración básica de la concha puede ser blanca, amarillenta o verdosa, adornada con manchas marrones que se agrandan hacia los lados, mientras que el interior de la abertura puede parecer de color púrpura claro. La abertura larga y amplia contiene aproximadamente 15 dientes en los lados columelares y labiales. El cowrie vivo muestra un manto amarillento o beige con papilas marrones en forma de árbol. Distribuida principalmente en el Mar Rojo, el Golfo de Omán, el Océano Índico y varias partes de África, Naria turdus también ha sido introducida en aguas europeas y mediterráneas. La especie habita zonas intermareales poco profundas a profundidades que oscilan entre 2 y 10 metros, prefiriendo los arrecifes de coral o los sustratos de césped de algas. Morfológicamente, es similar a la especie Luria cinerea, compartiendo una superficie de concha lisa y un patrón colorido. En contraste, Thylacodes riisei diverge significativamente en la morfología de la concha, ilustrando una adaptación única. Naria turdus muestra una posición central en la diversidad morfológica dentro del Golfo de California, indicando una forma de concha típica de su rango geográfico.",Wikipedia: Naria turdus | Wikipedia: Naria
Solenosteira_cancellaria,125.686,Gemophos_tinctus,49.294,Caecum_heptagonum,630.535,"Solenosteira cancellaria is a species of marine gastropod mollusc in the family Pisaniidae. Solenosteira species are characterized by their robust shells with pronounced spiral sculpturing and axial ribs, which are distinct across their whorls. The shell's texture includes transverse rounded ribs that begin near the suture and continue over the periphery, becoming obsolete toward the base. Notably, the protoconch is small, smooth, and bulbous, contributing to the shell's blunt appearance when its apex is lost. This morphological trait is especially similar to Gemophos tinctus, which shares a robust shell structure and similar ribbing patterns, though differs from Caecum heptagonum, known for its unique elongated form. Solenosteira cancellaria typically inhabits the Gulf of Mexico, where it presents a central morphotype typical of the region's gastropod fauna, with a distance to mean shape indicating a somewhat peripheral form.","Solenosteira cancellaria es una especie de molusco gasterópodo marino de la familia Pisaniidae. Las especies de Solenosteira se caracterizan por sus conchas robustas con marcado esculpido espiral y costillas axiales, que son distintivas en sus vueltas. La textura de la concha incluye costillas redondeadas transversales que comienzan cerca de la sutura y continúan sobre la periferia, volviéndose obsoletas hacia la base. Cabe destacar que el protoconcha es pequeño, liso y bulboso, lo que contribuye a la apariencia roma de la concha cuando se pierde su ápice. Este rasgo morfológico es especialmente similar al Gemophos tinctus, que comparte una estructura de concha robusta y patrones de costillaje similares, aunque difiere de Caecum heptagonum, conocido por su forma alargada única. Solenosteira cancellaria habita típicamente el Golfo de México, donde presenta un morfotipo central típico de la fauna de gasterópodos de la región, con una distancia a la forma media que indica una forma algo periférica.",Wikipedia: Solenosteira cancellaria | Wikipedia: Solenosteira
Anachis_varia,130.855,Anachis_nigrofusca,31.659,Thylacodes_riisei,597.847,"Anachis varia is a species of sea snail belonging to the family Columbellidae, commonly known as dove snails. The species is characterized by its oblong shell which is decussately-ribbed and has an acuminated apex. It comprises approximately 8-9 whorls, with the shell being brownish and variegated with whitish markings. The whorls are longitudinally ribbed, and the spaces between the ribs are grooved, leading to a textured appearance. The aperture of the shell is suboval, and the outer lip features a thickened exterior margin that is emarginated on the upper part. Anachis varia occurs in the Gulf of California and extends southwards to the Pacific Ocean off Costa Rica, Panama, and Ecuador.

It exhibits morphological similarities to Anachis nigrofusca, characterized by shared shell traits such as overall shape and ribbing. In contrast, Thylacodes riisei is notably different, highlighting the peripheral nature of the Anachis varia's morphology relative to typical Gulf forms as indicated by the distance to mean shape measurement of 130855.

As a member of the Anachis genus, the species shares the general traits of small to moderately sized marine snails thriving in tropical regions, featuring an oval-fusiform shell structure with elevated spires and longitudinal ribbing. The genus is known for having straight columellas and outer lips that are nearly straight, with a posterior sinus and internal crenulations.","Anachis varia es una especie de caracol marino perteneciente a la familia Columbellidae, comúnmente conocida como caracoles paloma. La especie se caracteriza por su concha oblonga que presenta costillas cruzadas y tiene un ápice acuminado. Comprende aproximadamente 8-9 vueltas, con la concha de color marrón y variada con marcas blanquecinas. Las vueltas están acanaladuras longitudinalmente, y los espacios entre las costillas son surcados, lo que lleva a una apariencia texturizada. La apertura de la concha es suboval y el labio externo presenta un margen exterior engrosado que está emarginado en la parte superior. Anachis varia se encuentra en el Golfo de California y se extiende hacia el sur hasta el Océano Pacífico frente a Costa Rica, Panamá y Ecuador.

Presenta similitudes morfológicas con Anachis nigrofusca, caracterizadas por rasgos de concha compartidos como forma general y acanaladuras. En contraste, Thylacodes riisei es notablemente diferente, destacando la naturaleza periférica de la morfología de Anachis varia en relación con las formas típicas del golfo como lo indica la medida de distancia a la forma media de 130855.

Como miembro del género Anachis, la especie comparte los rasgos generales de caracoles marinos pequeños o moderadamente grandes que prosperan en regiones tropicales, presentando una estructura de concha oval-fusiforme con espiras elevadas y acanaladuras longitudinales. Se conoce al género por tener columelas rectas y labios externos que son casi rectos, con un seno posterior y crenulación interna.",Wikipedia: Anachis varia | Wikipedia: Anachis
Gemophos_tinctus,132.361,Stramonita_floridana,48.091,Caecum_heptagonum,631.965,"Gemophos tinctus, known as the tinted cantharus or painted cantharus, is a sea snail species within the family Pisaniidae. The shell size varies from 19 mm to 32 mm. Gemophos tinctus is distributed in the Gulf of Mexico, the Caribbean Sea, off the Lesser Antilles, and the Atlantic Ocean from North Carolina to the northeast of Brazil. It inhabits saltwater environments and feeds on small algae. Morphologically, Gemophos tinctus shares similarities with Stramonita floridana, which also possesses similar size ranges and coiled shell structures. The morphological distinction from Caecum heptagonum indicates a significant divergence in shell forms and ecological adaptations. The moderate distance to mean shape suggests Gemophos tinctus occupies a typical form within Gulf species, neither extreme nor anomalous.","Gemophos tinctus, conocido como el cantharus tintado o cantharus pintado, es una especie de caracol marino de la familia Pisaniidae. El tamaño de la concha varía de 19 mm a 32 mm. Gemophos tinctus se distribuye en el Golfo de México, el Mar Caribe, cerca de las Antillas Menores y el Océano Atlántico desde Carolina del Norte hasta el noreste de Brasil. Habita en ambientes de agua salada y se alimenta de algas pequeñas. Morfológicamente, Gemophos tinctus comparte similitudes con Stramonita floridana, que también posee rangos de tamaño similares y estructuras de conchas enrolladas. La distinción morfológica de Caecum heptagonum indica una divergencia significativa en las formas de conchas y adaptaciones ecológicas. La distancia moderada a la forma media sugiere que Gemophos tinctus ocupa una forma típica dentro de las especies del Golfo, ni extrema ni anómala.",Wikipedia: Gemophos tinctus | Wikipedia: Gemophos
Acanthinucella_spirata,133.308,Melongena_bispinosa,45.698,Caecum_heptagonum,630.499,"Acanthinucella spirata is a species of predatory sea snail in the family Muricidae, known for its murex or rock snails. This species preys on Littorina and uses paralytic venom to hunt. The egg capsules measure 4-9 mm and contain 17-49 embryos. Found along the Pacific Ocean coast of North America, A. spirata inhabits rocky intertidal zones. Morphologically similar to Melongena bispinosa, these species share the robust, spiraled shells typical of muricids, whereas Caecum heptagonum features much smaller, simpler shells. The distance to mean shape indicates it as a typical Gulf form rather than a divergent morphology. Acanthinucella spirata was also historically utilized by Native American groups such as the Chumash.","Acanthinucella spirata es una especie de caracol marino depredador de la familia Muricidae, conocida por sus caracoles murex o de roca. Esta especie se alimenta de Littorina y utiliza veneno paralizante para cazar. Las cápsulas de huevecillos miden entre 4-9 mm y contienen entre 17-49 embriones. A. spirata se encuentra a lo largo de la costa del Océano Pacífico de América del Norte, habitando zonas intermareales rocosas. Similar en morfología a Melongena bispinosa, estas especies comparten conchas robustas y espiraladas típicas de los murícidos, mientras que Caecum heptagonum presenta conchas mucho más pequeñas y simples. La distancia a la forma media indica que es una forma típica del Golfo en lugar de una morfología divergente. Acanthinucella spirata fue utilizada históricamente por grupos nativos americanos como los Chumash.",Wikipedia: Acanthinucella spirata | Wikipedia: Acanthinucella
Tonna_galea,136.379,Pusula_pediculus,9.866,Caecum_heptagonum,546.601,"Tonna galea, commonly known as the giant tun, is a marine gastropod mollusc in the family Tonnidae. This very large sea snail is found in the North Atlantic Ocean, the Mediterranean Sea, and the Caribbean Sea. The ventricose shell of Tonna galea is notable for its large size, averaging 150 mm in height, with specimens sometimes as large as a man's head. The shell is light and thin, yet relatively solid and durable. It has a conical spire of six convex whorls, marked by wide, flat ribs and narrow superficial furrows. The shell's aperture is large and subovate, with reddish interior coloration and transverse ribs. The external shell surface is a reddish fawn color with brown and white blotches. In terms of habitat, Tonna galea prefers seabeds that are muddy or sandy, particularly with seagrass beds, and can be found at depths up to 120 meters. The species is carnivorous, primarily preying on sea cucumbers, and has a defense mechanism involving acidic saliva. Morphologically, Tonna galea is more similar to Pusula pediculus but contrasts sharply with Caecum heptagonum, showcasing a peripheral form relative to typical Gulf species.","Tonna galea, comúnmente conocida como tun gigante, es un molusco gasterópodo marino de la familia Tonnidae. Este caracol marino muy grande se encuentra en el Océano Atlántico Norte, el Mar Mediterráneo y el Mar Caribe. La concha ventriosa de Tonna galea es notable por su gran tamaño, con un promedio de 150 mm de altura, con especímenes a veces tan grandes como la cabeza de un hombre. La concha es ligera y delgada, aunque relativamente sólida y duradera. Tiene una espira cónica de seis vueltas convexas, marcada por costillas anchas y planas y surcos superficiales estrechos. La apertura de la concha es grande y subovada, con coloración interior rojiza y costillas transversales. La superficie externa de la concha tiene un color leonado rojizo con manchas marrones y blancas. En términos de hábitat, Tonna galea prefiere lechos marinos que sean fangosos o arenosos, particularmente con lechos de pastos marinos, y se puede encontrar a profundidades de hasta 120 metros. La especie es carnívora, alimentándose principalmente de pepinos de mar, y tiene un mecanismo de defensa que involucra saliva ácida. Morfológicamente, Tonna galea es más similar a Pusula pediculus, pero contrasta marcadamente con Caecum heptagonum, mostrando una forma periférica en relación a las especies típicas del Golfo.",Wikipedia: Tonna galea | Wikipedia: Tonna
Monoplex_parthenopeus,138.827,Stramonita_floridana,58.519,Caecum_heptagonum,625.868,"Monoplex parthenopeus, commonly known as the giant triton or giant hairy triton, is a marine gastropod mollusk in the family Cymatiidae. The maximum recorded shell length for this species is 180 mm, making it notably large among marine snails. It preys on other mollusks, indicating a predatory nature. Its distribution is globally widespread, with occurrences noted in the Western Atlantic Ocean and New Zealand. The species inhabits depths ranging from 0 to 75 meters, favoring marine environments where it can be trawled, as observed at depths of 40-60 meters off Akwa Ibom State, Nigeria. Notably, its life cycle features an extended planktonic period exceeding 300 days, allowing for a larval dispersal distance up to 4000 km, the longest of any marine invertebrate along North America's west coast. Morphologically, Monoplex parthenopeus bears similarities to Stramonita floridana, sharing traits such as shell robustness and surface texture. Conversely, it is morphologically distinct from Caecum heptagonum, differing fundamentally in size and shell structure. Regarding its fossil record, Monoplex parthenopeus dates back from the Miocene to the Quaternary period.","Monoplex parthenopeus, comúnmente conocido como el tritón gigante o tritón peludo gigante, es un molusco gasterópodo marino de la familia Cymatiidae. La longitud máxima registrada de la concha de esta especie es de 180 mm, lo que la hace notablemente grande entre los caracoles marinos. Se alimenta de otros moluscos, lo que indica una naturaleza depredadora. Su distribución es globalmente amplia, con presencia en el Atlántico Occidental y Nueva Zelanda. La especie habita profundidades que van de 0 a 75 metros, favoreciendo ambientes marinos donde se puede ser arrastrada por redes, como se observa a profundidades de 40-60 metros frente al estado de Akwa Ibom, Nigeria. Notablemente, su ciclo de vida presenta un período planctónico extendido que supera los 300 días, permitiendo una dispersión larval hasta 4000 km, la más larga de cualquier invertebrado marino a lo largo de la costa oeste de América del Norte. Morfológicamente, Monoplex parthenopeus tiene similitudes con Stramonita floridana, compartiendo características como la robustez de la concha y la textura de la superficie. Por el contrario, es morfológicamente distinto de Caecum heptagonum, diferenciándose fundamentalmente en tamaño y estructura de la concha. Respecto a su registro fósil, Monoplex parthenopeus data desde el Mioceno hasta el periodo Cuaternario.",Wikipedia: Monoplex parthenopeus | Wikipedia: Monoplex
Littoraria_angulifera,139.645,Echinolittorina_ziczac,63.168,Thylacodes_riisei,605.199,"Littoraria angulifera, commonly known as the mangrove periwinkle, is a marine gastropod mollusk in the family Littorinidae, found in the Caribbean Sea and the western Atlantic Ocean from Florida to Brazil, and also in the eastern Atlantic between Senegal and Angola. It inhabits the branches and prop roots of red mangroves (Rhizophora mangle), living mainly above sea level. The shell reaches a maximum length of 41 mm and usually has six whorls, with the initial whorl occupying half of the shell's length. Shell coloration varies widely, from slaty-brown through reddish brown to orange, dull yellow, and off-white. Smaller whorls feature white spots and darker streaks that merge on the largest whorl. Littoraria angulifera feeds on fungi and algae growing on mangroves. This species is ovoviviparous, brooding fertilized eggs inside the snail until the veliger larvae are released to become planktonic. The larvae develop into pediveliger larvae over nine weeks before undergoing metamorphosis and settling. Littoraria angulifera shows morphological similarity to Echinolittorina ziczac, but contrasts with Thylacodes riisei, indicating it may represent a typical Gulf form. In traditional Brazilian medicine, it is used for treating chesty cough and shortness of breath.","Littoraria angulifera, comúnmente conocida como el caracol de manglar, es un molusco gasterópodo marino de la familia Littorinidae, presente en el Caribe y el Atlántico occidental desde Florida hasta Brasil, y también en el Atlántico oriental entre Senegal y Angola. Habita en las ramas y raíces de los manglares rojos (Rhizophora mangle), viviendo principalmente por encima del nivel del mar. La concha alcanza una longitud máxima de 41 mm y generalmente tiene seis vueltas, con la primera ocupando la mitad de la longitud de la concha. La coloración de la concha varía ampliamente, desde marrón pizarra pasando por marrón rojizo hasta naranja, amarillo apagado y blanco opaco. Las vueltas más pequeñas presentan manchas blancas y rayas oscuras que se fusionan en la vuelta más grande. Littoraria angulifera se alimenta de hongos y algas que crecen en los manglares. Esta especie es ovovivípara, incubando los huevos fertilizados en su interior hasta que las larvas veligeras son liberadas para convertirse en planctónicas. Las larvas desarrollan pedivéligeras durante nueve semanas antes de sufrir metamorfosis y asentarse. Littoraria angulifera muestra similitud morfológica con Echinolittorina ziczac, pero contrasta con Thylacodes riisei, lo que sugiere que puede representar una forma típica del Golfo. En la medicina tradicional brasileña, se utiliza para tratar la tos persistente y la falta de aire.",Wikipedia: Littoraria angulifera | Wikipedia: Littoraria
Monoplex_nicobaricus,140.712,Acanthinucella_spirata,75.087,Caecum_heptagonum,611.299,"Monoplex nicobaricus, also known as the Nicobar hairy triton or goldmouth triton, is a medium-sized predatory sea snail belonging to the family Cymatiidae. It inhabits the Indo-Pacific and Western Atlantic oceans, including locations such as Brazil, the Gulf of Mexico, and the West Indies. The maximum recorded shell length of Monoplex nicobaricus is 90 mm. Its shell has a robust structure, characterized by distinct varices and a well-defined aperture. This species is known to inhabit depths ranging from the surface to a maximum of 36 m. Monoplex nicobaricus shares morphological similarities with Acanthinucella spirata, notably in the presence of pronounced axial sculptures and varices. In contrast, it is morphologically different from Caecum heptagonum, which exhibits a significantly smaller and simpler shell structure. The distance to mean shape for Monoplex nicobaricus is recorded as 140712, suggesting a divergence from typical Gulf forms.","Monoplex nicobaricus, conocido también como el tritón peludo de Nicobar o tritón boca de oro, es un caracol de mar depredador de tamaño mediano perteneciente a la familia Cymatiidae. Habita en los océanos Indo-Pacífico y Atlántico Occidental, incluyendo ubicaciones como Brasil, el Golfo de México y las Indias Occidentales. La longitud máxima registrada de su concha es de 90 mm. Su concha tiene una estructura robusta, caracterizada por varices distintivas y una apertura bien definida. Se sabe que esta especie habita en profundidades que van desde la superficie hasta un máximo de 36 m. Monoplex nicobaricus comparte similitudes morfológicas con Acanthinucella spirata, especialmente en la presencia de esculturas axiales pronunciadas y varices. En contraste, es morfológicamente diferente de Caecum heptagonum, que exhibe una estructura de concha significativamente más pequeña y sencilla. La distancia a la forma media para Monoplex nicobaricus se registra como 140712, lo que sugiere una divergencia de las formas típicas del Golfo.",Wikipedia: Monoplex nicobaricus | Wikipedia: Monoplex
Fasciolaria_tulipa,151.664,Cinctura_lilium,62.359,Caecum_heptagonum,633.087,"Fasciolaria tulipa, known as the true tulip, is a large sea snail in the family Fasciolariidae. It has a distinctive fusiform shell resembling a closed tulip flower. The shell is generally smooth with fine growth lines and small denticles on the inner edge of the outer lip. Its coloration is whitish to tan, featuring darker brownish blotches of various sizes, with symmetrical thin lines spiraling along the approximately nine whorls. The shell can reach lengths of between 6.4 to 24.1 cm. This species is common in the Gulf of Mexico, particularly around seagrass beds and sand flats, inhabiting benthic zones down to 73 meters. Fasciolaria tulipa exhibits cannibalistic behavior and preys on bivalves and other gastropods, such as the banded tulip Fasciolaria lilium. It is preyed upon by various marine predators including horse conchs and carnivorous crabs. The tulip snail employs its operculum and thrashes its muscular foot as defensive mechanisms against predation. Reproduction involves internal fertilization with distinct cycles, with peak spawning in October. Morphologically, it is similar to Cinctura lilium, sharing the fusiform shape and patterning, although differing in specific color and shell structure. In contrast, Caecum heptagonum is a far different form with which it shares little commonality.","Fasciolaria tulipa, conocida como la tulipán verdadero, es un caracol marino grande de la familia Fasciolariidae. El caparazón es fusiforme y se asemeja a una flor de tulipán cerrada. Generalmente es suave con líneas de crecimiento finas y pequeñas dentículas en el borde interno del labio externo. Su coloración es blanquecina a marrón claro, con manchas marrones más oscuras de varios tamaños, y líneas delgadas simétricas que espiralizan a lo largo de las aproximadamente nueve vueltas. El caparazón puede alcanzar longitudes de entre 6.4 a 24.1 cm. Esta especie es común en el Golfo de México, particularmente alrededor de lechos de pastos marinos y bancos de arena, habitando zonas bentónicas hasta 73 metros. Fasciolaria tulipa exhibe comportamiento caníbal y depreda bivalvos y otros gasterópodos, como el tulipán rayado Fasciolaria lilium. Es presa de diversos depredadores marinos, incluyendo las caracolas caballo y cangrejos carnívoros. El caracol tulipán utiliza su opérculo y agita su pie muscular como mecanismos de defensa contra la depredación. La reproducción involucra fertilización interna con ciclos distintos, alcanzando su pico de desove en octubre. Morfológicamente, es similar a Cinctura lilium, compartiendo la forma fusiforme y el patrón, aunque difiere en color específico y estructura del caparazón. En contraste, Caecum heptagonum es una forma muy diferente con la que comparte poca común.",Wikipedia: Fasciolaria tulipa | Wikipedia: Fasciolaria
Volutella_muricata,152.012,Cassis_madagascariensis,105.916,Thylacodes_riisei,539.596,"Volutella muricata, commonly known as the Caribbean vase, is a marine gastropod mollusk in the family Vasidae. The shell of this species is large and robust, measuring between 50 to 100 mm in length. Its elongated, conical shape resembles a vase, contributing to its common name. The shell features blunt spines on its shoulder and near the base, with an off-white surface covered by a black or dark brown periostracum. The aperture is typically white, and the columella exhibits five prominent folds, the first and third being the most pronounced. Volutella muricata is found widely in the Caribbean Sea, including reported sightings in Venezuela's Falcon, Nueva Esparta, and Dependencias Federales. These snails inhabit shallow waters and are often found in pairs. Their diet consists of worms and clams.

Morphologically, Volutella muricata shares similarities with Cassis madagascariensis, with both species having heavy, robust shells and strong axial sculpture. In contrast, Thylacodes riisei, the most morphologically divergent species, exhibits significant differences in shell form and ornamentation. Volutella muricata's distance to mean shape suggests it is a central form within typical Gulf of California mollusks, while showing a greater morphological divergence from peripheral species like Thylacodes riisei.","Volutella muricata, conocida comúnmente como el jarrón del Caribe, es un molusco gasterópodo marino de la familia Vasidae. La concha de esta especie es grande y robusta, midiendo entre 50 y 100 mm de longitud. Su forma alargada y cónica se asemeja a un jarrón, contribuyendo a su nombre común. La concha presenta espinas romas en el hombro y cerca de la base, con una superficie de color blanco hueso cubierta por un periostraco negro o marrón oscuro. La apertura es típicamente blanca, y la columela exhibe cinco pliegues prominentes, siendo el primero y el tercero los más pronunciados. Volutella muricata se encuentra ampliamente en el Mar Caribe, incluidas las observaciones reportadas en el estado venezolano de Falcon, Nueva Esparta y las Dependencias Federales. Estos caracoles habitan aguas poco profundas y a menudo se encuentran en pares. Su dieta consiste en gusanos y almejas.

Morfológicamente, Volutella muricata comparte similitudes con Cassis madagascariensis, siendo ambas especies con conchas pesadas y robustas y una fuerte escultura axial. En contraste, Thylacodes riisei, la especie más divergente morfológicamente, exhibe diferencias significativas en la forma y ornamentación de la concha. La distancia de Volutella muricata a una forma media sugiere que es una forma central dentro de los moluscos típicos del Golfo de California, mientras que muestra una mayor divergencia morfológica de especies periféricas como Thylacodes riisei.",Wikipedia: Volutella muricata | Wikipedia: Volutella
Polinices_hepaticus,156.013,Polinices_lacteus,56.323,Caecum_heptagonum,532.219,"Polinices hepaticus is a species of marine gastropod mollusk belonging to the family Naticidae, commonly known as moon snails. This predatory sea snail reaches a maximum shell length of 51 mm. Polinices hepaticus inhabits marine environments at depths ranging from 0 to 55 meters, indicative of its preference for shallow waters. Morphologically, the shell of Polinices hepaticus is similar to Polinices lacteus, displaying typical moon snail traits such as a rounded shape and smooth texture, aligning closely to the Gulf of California's typical forms. In contrast, Caecum heptagonum represents a more divergent morphological form. Polinices hepaticus demonstrates a central position as a distinctive Gulf of California form with a distance to mean shape of 156013.","Polinices hepaticus es una especie de molusco gasterópodo marino perteneciente a la familia Naticidae, comúnmente conocida como caracoles luna. Este caracol marino depredador alcanza una longitud máxima de concha de 51 mm. Polinices hepaticus habita en ambientes marinos a profundidades que varían de 0 a 55 metros, lo que indica su preferencia por aguas poco profundas. Morfológicamente, la concha de Polinices hepaticus es similar a la de Polinices lacteus, mostrando rasgos típicos de los caracoles luna como una forma redondeada y textura suave, alineándose estrechamente con las formas típicas del Golfo de California. En contraste, Caecum heptagonum representa una forma morfológica más divergente. Polinices hepaticus demuestra una posición central como una forma distintiva del Golfo de California con una distancia a la forma media de 156013.",Wikipedia: Polinices_hepaticus | Wikipedia: Polinices
Anachis_coronata,156.735,Anachis_vexillum,60.318,Caecum_heptagonum,626.694,"Anachis coronata is a species of marine gastropod mollusk belonging to the family Columbellidae, commonly known as dove snails. It occurs in the Gulf of California and the Pacific Ocean off Mexico and Panama. The shell of Anachis coronata attains a length of 5.5 mm. The shell varies significantly among specimens; some are slender and acuminate, featuring numerous fine ribs, while others have a shape more typical of Anachis varia with ribs spaced further apart and slight tubercular appearance. The upper whorls of the shell are smooth, and the outer lip of the shell is finely toothed with grooves. The shell exhibits fine coloration with brownish-purple pencilings on a light ground.

Anachis coronata shares morphological similarities with Anachis vexillum, being part of a highly polyphyletic genus that often features longitudinal ribs and an elevated spire, typical of the group. In contrast, it is morphologically quite different from Caecum heptagonum, a species characterized by a vastly different shell structure and appearance. The distance to the mean shape indicates that Anachis coronata is central in terms of its shell morphology within the diversity found in the Gulf of California.","Anachis coronata es una especie de molusco gasterópodo marino perteneciente a la familia Columbellidae, comúnmente conocida como caracoles paloma. Se encuentra en el Golfo de California y el Océano Pacífico frente a México y Panamá. La concha de Anachis coronata alcanza una longitud de 5.5 mm. La forma de la concha varía significativamente entre los especímenes; algunas son delgadas y acuminadas, con numerosas costillas finas, mientras que otras tienen una forma más típica de Anachis varia, con costillas más separadas y una apariencia tubercular ligera. Los últimos tramos de la concha son lisos, y el labio externo de la concha es finamente dentado con surcos. La concha muestra una coloración fina con trazos marrón-púrpura sobre un fondo claro.

Anachis coronata comparte similitudes morfológicas con Anachis vexillum, formando parte de un género altamente polifilético que a menudo presenta costillas longitudinales y una espira elevada, típica del grupo. En contraste, es morfológicamente muy diferente de Caecum heptagonum, una especie caracterizada por una estructura y apariencia de concha totalmente distinta. La distancia a la forma media indica que Anachis coronata es central en términos de su morfología de concha dentro de la diversidad encontrada en el Golfo de California.",Wikipedia: Anachis coronata | Wikipedia: Anachis
Olivella_minuta,161.096,Olivella_watermani,51.258,Thylacodes_riisei,624.484,"Olivella minuta, known as the minute dwarf olive, is a marine gastropod mollusk in the subfamily Olivellinae of the family Olividae. The species is characterized by a small, oblong shell, typically measuring between 6 mm and 15 mm in length, with a common size of 13 mm. The shell ends in a conical point at the anterior and displays brown patterns that can range from chevron to irregular lines and blotches. Olivella minuta is distributed primarily in tropical waters, including the Caribbean Sea, Gulf of Mexico, and waters off the Lesser Antilles, as well as the coasts of Colombia, Jamaica, Mexico, and as far south as Argentina. The shell features, such as the keel-like twist at the anterior end of the columella found in Olivella genera, indicate a morphological similarity to Olivella watermani. In contrast, it is morphologically dissimilar to Thylacodes riisei. Olivella minuta, with its typical shell size and form, represents a central structure among Gulf species.","Olivella minuta, conocida como la oliva enana minuto, es un molusco gasterópodo marino de la subfamilia Olivellinae de la familia Olividae. La especie se caracteriza por una concha pequeña y oblonga, que típicamente mide entre 6 mm y 15 mm de longitud, con un tamaño común de 13 mm. La concha termina en un punto cónico en el extremo anterior y presenta patrones marrones que pueden variar de chevron a líneas y manchas irregulares. Olivella minuta se distribuye principalmente en aguas tropicales, incluyendo el Mar Caribe, el Golfo de México y las aguas de las Antillas Menores, así como en las costas de Colombia, Jamaica, México y tan al sur como Argentina. Las características de la concha, como el giro tipo quilla en el extremo anterior de la columela que se encuentra en los géneros Olivella, indican una similitud morfológica con Olivella watermani. En contraste, es morfológicamente disímil a Thylacodes riisei. Olivella minuta, con su tamaño y forma de concha típica, representa una estructura central entre las especies del Golfo.",Wikipedia: Olivella minuta | Wikipedia: Olivella
Ficus_papyratia,166.219,Fulguropsis_texana,81.934,Caecum_heptagonum,630.115,"Ficus papyratia is a species of sea snail within the family Ficidae, known for the characteristic fig shells. The shell of Ficus papyratia is notably light and pyriform with a ventricose, ribbed, and cancellated texture. It has a very short spire, a large aperture, a smooth columella, and a straight elongated canal. The thin outer lip is entire and the shell lacks an umbilicus. The coloration and detailed sculpture of this species are not specified. Ficus papyratia shares morphological traits with the species Fulguropsis texana, particularly in shell structure and texture, while being distinct from Caecum heptagonum, which is heavily divergent in form. The species exhibits a peripheral distance to the mean shape, indicating its divergent form compared to typical Gulf assemblages.","Ficus papyratia es una especie de caracol marino de la familia Ficidae, conocida por las características conchas de higo. La concha de Ficus papyratia es notablemente ligera y de forma piriforme, con una textura ventruda, acanalada y cancelada. Tiene una espira muy corta, una gran apertura, una columela lisa y un canal alargado y recto. El labio exterior fino es entero y la concha carece de ombligo. La coloración y la escultura detallada de esta especie no están especificadas. Ficus papyratia comparte rasgos morfológicos con la especie Fulguropsis texana, particularmente en la estructura y textura de la concha, mientras es distinta de Caecum heptagonum, que es altamente divergente en su forma. La especie exhibe una distancia periférica al promedio de la forma, lo que indica su forma divergente en comparación con los ensamblajes típicos del Golfo.",Wikipedia: Ficus papyratia | Wikipedia: Ficus
Lobatus_raninus,168.669,Naria_turdus,95.606,Thylacodes_riisei,552.071,"Lobatus raninus, commonly known as the hawk-wing conch, belongs to the family Strombidae, which includes true conchs. It features a robust and solid shell with a distinctive stromboid notch, and coarse spiral ridges adorn the body whorl dorsally. The maximum shell length can reach up to 130 mm. The shell typically displays a brownish color with dispersed white spots, while both the inner and outer lips are cream or white. This species is distributed across the Caribbean Sea, Gulf of Mexico, and the Lesser Antilles. It inhabits shallow waters near seagrass beds with a recorded depth range from 0.3 m to 55 m. As a herbivore, like other Strombus species, Lobatus raninus feeds primarily on plant material. In terms of morphology, Lobatus raninus shows similarity to Naria turdus, sharing traits such as solid structure and spiraled patterning. In contrast, it is morphologically different from Thylacodes riisei, which suggests a divergent form. The distance to the mean shape indicates Lobatus raninus as a central, typical form characteristic of Gulf species.","Lobatus raninus, comúnmente conocido como el caracol alado de halcón, pertenece a la familia Strombidae, que incluye los vólvulos o caracoles verdaderos. Presenta una concha robusta y sólida con una muesca estromboide distintiva, y crestas en espiral gruesas adornan el casco dorsal del cuerpo. La longitud máxima de la concha puede alcanzar hasta los 130 mm. La concha suele mostrar un color marrón con manchas blancas dispersas, mientras que tanto los labios internos como externos son crema o blancos. Esta especie se distribuye en el mar Caribe, el golfo de México y las Antillas Menores. Habita en aguas poco profundas cerca de lechos de pastos marinos, con un rango de profundidad registrado de 0,3 m a 55 m. Como herbívoro, al igual que otras especies de Strombus, Lobatus raninus se alimenta principalmente de material vegetal. En términos de morfología, Lobatus raninus muestra similitud con Naria turdus, compartiendo rasgos como estructura sólida y patrón en espiral. En contraste, es morfológicamente diferente de Thylacodes riisei, lo que sugiere una forma divergente. La distancia a la forma promedio indica que Lobatus raninus es una forma central, típica de las especies del Golfo.",Wikipedia: Lobatus raninus | Wikipedia: Lobatus
Ranularia_cynocephala,169.237,Fulguropsis_spirata,105.452,Caecum_heptagonum,598.607,"Ranularia cynocephala is a species of predatory sea snail belonging to the family Cymatiidae. The maximum recorded shell length is 84 mm. This marine gastropod is found at depths ranging from 0 to 137 meters, indicating its adaptability to various marine environments. Morphologically, it shares similarities with Fulguropsis spirata, notably in the shell structure and predatory nature. In contrast, it is morphologically distinct from Caecum heptagonum. Based on its distance to mean shape (169237), it is considered nearer to a typical Gulf form than the most morphologically divergent species. The genus Ranularia comprises predatory sea snails, emphasizing their role in marine ecosystems.","Ranularia cynocephala es una especie de caracol marino depredador perteneciente a la familia Cymatiidae. La longitud máxima registrada de la concha es de 84 mm. Este gasterópodo marino se encuentra a profundidades que van de los 0 a los 137 metros, lo que indica su adaptabilidad a diversos entornos marinos. Morfológicamente, comparte similitudes con Fulguropsis spirata, notablemente en la estructura de la concha y su naturaleza depredadora. En contraste, es morfológicamente distinto de Caecum heptagonum. Según su distancia a la forma media (169237), se considera más cercano a una forma típica del Golfo que la especie más divergente morfológicamente. El género Ranularia comprende caracoles marinos depredadores, lo que destaca su papel en los ecosistemas marinos.",Wikipedia: Ranularia cynocephala | Wikipedia: Ranularia
Melongena_melongena,169.339,Pusula_pediculus,124.203,Caecum_heptagonum,566.499,"Melongena melongena is a marine gastropod mollusk belonging to the genus Melongena within the family Melongenidae. The morphology of Melongena melongena is distinct from its closest and most morphologically similar species, Pusula pediculus, yet the shell may exhibit common traits such as similar spiraling patterns and a generally elongated form. In contrast, the shell structure is notably different from Caecum heptagonum, which has a much more divergent shell morphology. Melongena melongena appears to be more closely aligned with typical Gulf forms rather than being highly divergent. This species has a central position in relation to the mean shape typical of Gulf species, suggesting it is relatively representative of the region's gastropod morphology.","Melongena melongena es un molusco gasterópodo marino perteneciente al género Melongena dentro de la familia Melongenidae. La morfología de Melongena melongena se distingue de su especie más cercana y morfológicamente similar, Pusula pediculus, aunque el caparazón puede presentar características comunes como patrones de espiral similares y una forma generalmente alargada. En contraste, la estructura del caparazón es notablemente diferente de la de Caecum heptagonum, que tiene una morfología de caparazón mucho más divergente. Melongena melongena parece estar más alineada con las formas típicas del Golfo en lugar de ser muy divergente. Esta especie tiene una posición central en relación a la forma media típica de las especies del Golfo, lo que sugiere que es relativamente representativa de la morfología de los gasterópodos de la región.",Wikipedia: Melongena
Cinctura_lilium,169.881,Fasciolaria_tulipa,62.359,Caecum_heptagonum,650.312,"Cinctura lilium, commonly known as the banded tulip, is a species of sea snail in the family Fasciolariidae. The shell of C. lilium is smaller than that of the closely related Fasciolaria tulipa, with color splotches appearing as a redder color and blue in rare areas. The stripes on the shell, which lend the species its common name, are spaced further apart. It typically reaches a length of 57 to 105 mm. Cinctura lilium is found along the coastlines of North and South Carolina and in the Gulf of Mexico, extending from the Florida coast to the Gulf coast of Texas and south into Mexico, as well as in the Caribbean Sea. Its habitat includes sand and muddy sand substrates from depths of approximately 0.6 to 46 meters. Little is known about its diet, but it is presumed to consume small gastropods and bivalves. The species shares morphological similarities with Fasciolaria tulipa, such as a fusiform shell shape; however, its smaller size and distinct coloration set it apart. Cinctura lilium is considered morphologically central within Gulf of California forms, whereas Caecum heptagonum is notably distinct.","Cinctura lilium, comúnmente conocida como el tulipán con bandas, es una especie de caracol marino de la familia Fasciolariidae. La concha de C. lilium es más pequeña que la de la especie relacionada Fasciolaria tulipa, presentando manchas de color más rojizas y azules en áreas raras. Las rayas en la concha, que dan nombre común a la especie, están más separadas. Típicamente alcanza una longitud de 57 a 105 mm. Cinctura lilium se encuentra a lo largo de las costas de Carolina del Norte y del Sur y en el Golfo de México, desde la costa de Florida hasta la costa del Golfo de Texas y al sur en México, así como en el Mar Caribe. Su hábitat incluye sustratos de arena y arena fangosa a profundidades de aproximadamente 0.6 a 46 metros. Se sabe poco sobre su dieta, pero se presume que consume pequeños gastrópodos y bivalvos. La especie comparte similitudes morfológicas con Fasciolaria tulipa, como una forma de concha fusiforme; sin embargo, su menor tamaño y coloración distintiva la diferencian. Cinctura lilium se considera morfológicamente central dentro de las formas del Golfo de California, mientras que Caecum heptagonum es notablemente distinto.",Wikipedia: Cinctura lilium | Wikipedia: Cinctura
Caesia_fossata,17.214,Stramonita_floridana,92.342,Caecum_heptagonum,632.732,"Caesia fossata is a marine gastropod mollusk included in the subfamily Nassariinae of the family Nassariidae. The shell of Caesia fossata is bucciniform, characterized by an elevated spire and rugged whorls. The inner lip displays a spreading, corrugated callus, while the outer lip is denticulate and lirate internally but not variced externally. 

Geographically, the species inhabits marine environments, though specific details on its distribution within the Gulf of California are not provided. Morphologically, Caesia fossata shares similarities with Stramonita floridana, primarily in shell shape and robustness, highlighting common traits such as a bucciniform appearance. In contrast, Caesia fossata significantly differs from Caecum heptagonum, which could be observed through differing shell characteristics such as shape and ornamentation. 

In terms of the species' typicality, Caesia fossata's distance to mean shape indicates a central position within the Gulf of California species assemblage, suggesting it represents a typical marine form of this region.","Caesia fossata es un molusco gasterópodo marino incluido en la subfamilia Nassariinae de la familia Nassariidae. La concha de Caesia fossata es bucciniforme, caracterizada por una espira elevada y vueltas rugosas. El labio interno muestra una callosidad extendida y corrugada, mientras que el labio externo es denticulado y lirado internamente, pero no varicado externamente.

Geográficamente, la especie habita ambientes marinos, aunque no se proporcionan detalles específicos sobre su distribución en el Golfo de California. Morfológicamente, Caesia fossata comparte similitudes con Stramonita floridana, principalmente en la forma y robustez de la concha, destacando características comunes como una apariencia bucciniforme. En contraste, Caesia fossata difiere significativamente de Caecum heptagonum, lo cual podría observarse en características como forma y ornamentación de las conchas. 

En términos de tipicidad de la especie, la distancia de Caesia fossata a la forma promedio indica una posición central dentro del conjunto de especies del Golfo de California, sugiriendo que representa una forma marina típica de esta región.",Wikipedia: Caesia (gastropod) | Wikipedia: Caesia
Bostrycapulus_aculeatus,172.968,Calyptraea_spirata,70.899,Thylacodes_riisei,553.499,"Bostrycapulus aculeatus, commonly known as the spiny slipper snail, belongs to the family Calyptraeidae. The species distribution includes Florida and the Bahamas. Bostrycapulus aculeatus has a maximum recorded shell length of 30 mm. The species resides at depths ranging from 0 to 80 meters. The shell of Bostrycapulus aculeatus is similar in morphology to Calyptraea spirata, also a member of Calyptraeidae, sharing characteristics typical of slipper snails, such as a domed shape and the presence of a septum. In contrast, it is morphologically distinct from Thylacodes riisei. The distance to mean shape indicates that Bostrycapulus aculeatus presents a central form typical to the Gulf of California.","Bostrycapulus aculeatus, comúnmente conocido como el caracol babosa espinoso, pertenece a la familia Calyptraeidae. La distribución de la especie incluye Florida y las Bahamas. Bostrycapulus aculeatus tiene una longitud máxima de concha registrada de 30 mm. La especie reside en profundidades que van desde 0 hasta 80 metros. La concha de Bostrycapulus aculeatus es similar en morfología a Calyptraea spirata, también miembro de Calyptraeidae, compartiendo características típicas de caracoles babosa, como una forma abovedada y la presencia de un tabique. En contraste, es morfológicamente distinto de Thylacodes riisei. La distancia a la forma media indica que Bostrycapulus aculeatus presenta una forma central típica del Golfo de California.",Wikipedia: Bostrycapulus aculeatus | Wikipedia: Bostrycapulus
Turbinella_angulata,174.202,Cinctura_lilium,89.758,Caecum_heptagonum,669.659,"Turbinella angulata, commonly known as the West Indian chank shell or Lamp Shell, is a large tropical sea snail in the family Turbinellidae. It is found in the Western Atlantic Ocean, ranging from the Florida Keys and Bahamas south to Cuba, Dominican Republic, Jamaica, Haiti, and on the Caribbean coast of Mexico, Belize, Honduras, Nicaragua, Costa Rica, Panama, and Colombia. The shell size ranges between 12.7 to 49.6 centimeters and is characterized by its heavy, fusiform shape with a sculpture of 8 to 10 prominent ribs angled at the shoulder. The columella has three strong folds, and the external shell surface is generally white, with the inner areas showing pink or orange hues. Turbinella angulata inhabits reef-associated environments, residing in subtidal and offshore mud, rock or sand beds, and mangrove lagoons at depths ranging from 0 to 45 meters. Its morphology is somewhat similar to the species Cinctura lilium, sharing attributes like the fusiform shape and prominent shoulder ribs. The distance to mean shape for Turbinella angulata is 174202, suggesting it is a central form typical of the Gulf environment. In contrast, Caecum heptagonum is the most morphologically different species, highlighting Turbinella angulata's distinctive shell features compared to more tubular forms.","Turbinella angulata, comúnmente conocida como concha chank de las Indias Occidentales o concha de lámpara, es un caracol marino tropical grande de la familia Turbinellidae. Se encuentra en el Océano Atlántico occidental, desde los Cayos de Florida y las Bahamas hacia el sur hasta Cuba, República Dominicana, Jamaica, Haití, y en la costa caribeña de México, Belice, Honduras, Nicaragua, Costa Rica, Panamá y Colombia. El tamaño de la concha varía de 12.7 a 49.6 centímetros y se caracteriza por su forma pesada y fusiforme con una escultura de 8 a 10 costillas prominentes anguladas en el hombro. La columela presenta tres fuertes pliegues, y la superficie externa de la concha es generalmente blanca, mientras que las áreas internas muestran tonos rosados o anaranjados. Turbinella angulata habita ambientes asociados a arrecifes, residiendo en lodo submareal y costa afuera, camas de roca o arena, y lagunas de manglar a profundidades que van de 0 a 45 metros. Su morfología es algo similar a la especie Cinctura lilium, compartiendo atributos como la forma fusiforme y costillas prominentes en el hombro. La distancia a la forma media para Turbinella angulata es 174202, lo que sugiere que es una forma central típica del entorno del Golfo. En contraste, Caecum heptagonum es la especie más morfológicamente diferente, resaltando las características distintivas de la concha de Turbinella angulata en comparación con formas más tubulares.",Wikipedia: Turbinella angulata | Wikipedia: Turbinella
Bifurcium_bicanaliferum,174.928,Solenosteira_cancellaria,96.772,Caecum_heptagonum,646.087,"Bifurcium bicanaliferum is a species of sea snail within the family Columbellidae, also known as dove snails. Morphologically, Bifurcium bicanaliferum exhibits traits typical of the Columbellidae, such as elongated and spiral shells adapted for carnivorous feeding habits. This species was initially discovered off the Galapagos Islands. Morphologically similar to Solenosteira cancellaria, Bifurcium bicanaliferum may share shell characteristics such as varices and axial ribs. In contrast, Caecum heptagonum is remarkably different with a distance of 646087 to the mean shape of Bifurcium bicanaliferum. This species, with a distance to mean shape of 174928, is considered near the central morphological form typical of the Gulf of California and is part of the diverse marine gastropod fauna present in the region.","Bifurcium bicanaliferum es una especie de caracol marino de la familia Columbellidae, también conocidos como caracoles paloma. Morfológicamente, Bifurcium bicanaliferum exhibe características típicas de los Columbellidae, como conchas alargadas y en espiral adaptadas para hábitos alimenticios carnívoros. Esta especie fue descubierta inicialmente frente a las Islas Galápagos. Morfológicamente similar a Solenosteira cancellaria, Bifurcium bicanaliferum puede compartir características de concha como varices y costillas axiales. En contraste, Caecum heptagonum es notablemente diferente con una distancia de 646087 a la forma media de Bifurcium bicanaliferum. Esta especie, con una distancia a la forma media de 174928, se considera cercana a la forma morfológica central típica del Golfo de California y forma parte de la diversa fauna de gasterópodos marinos presente en la región.",Wikipedia: Bifurcium | Wikipedia: Columbellidae
Polinices_lacteus,176.528,Naticarius_canrena,40.268,Caecum_heptagonum,565.755,"Polinices lacteus, commonly known as a moon snail, is a species of predatory sea snail within the family Naticidae. This species is known to inhabit a wide geographic range, discovered from the southern Atlantic coastlines, including the Caribbean Sea, Canary Islands, Angolan coast, Cape Verde, along nearly the full coastline of South America, and in the Gulf of Mexico. 

Morphologically, the shell of Polinices lacteus can reach a maximum length of 40 mm. The shell typically features a thin, yellowish periostracum, with an operculum that is thin, horny, and varies in color from yellow to amber-red. Polinices lacteus inhabits marine environments from shallow waters at sea level down to depths of about 120 meters. 

Polinices lacteus shares morphological similarities with Naticarius canrena, another species within the family Naticidae, as both feature similarly shaped, rounded shells often associated with moon snails. In contrast, it is significantly different from Caecum heptagonum, which exhibits a completely distinct shell morphology characterized by its elongated and tubular shape. 

In relation to other species within its range, Polinices lacteus is a central form, typical of the Gulf fauna, indicating morphological characteristics that are more representative of its family as compared to the peripheral forms like Caecum heptagonum.","Polinices lacteus, comúnmente conocido como caracol luna, es una especie de caracol marino depredador dentro de la familia Naticidae. Se sabe que esta especie habita una amplia gama geográfica, descubierta desde las costas del Atlántico sur, que incluye el Mar Caribe, las Islas Canarias, la costa de Angola, Cabo Verde, a lo largo de casi toda la costa de América del Sur y en el Golfo de México.

Morfológicamente, la concha de Polinices lacteus puede alcanzar una longitud máxima de 40 mm. La concha típicamente presenta un periostraco delgado y amarillento, con un opérculo que es delgado, córneo y varía en color de amarillo a ámbar-rojo. Polinices lacteus habita en ambientes marinos desde aguas poco profundas a nivel del mar hasta profundidades de unos 120 metros.

Polinices lacteus comparte similitudes morfológicas con Naticarius canrena, otra especie dentro de la familia Naticidae, ya que ambas presentan conchas de forma redondeada, típicas de los caracoles lunas. En contraste, es significativamente diferente de Caecum heptagonum, que exhibe una morfología de concha completamente distinta caracterizada por su forma alargada y tubular.

En relación con otras especies dentro de su rango, Polinices lacteus es una forma central, típica de la fauna del Golfo, lo que indica características morfológicas más representativas de su familia en comparación con las formas periféricas como Caecum heptagonum.",Wikipedia: Polinices lacteus | Wikipedia: Polinices
Naticarius_canrena,179.088,Polinices_lacteus,40.268,Caecum_heptagonum,57.332,"Naticarius canrena, commonly known as a predatory moon snail, is a marine gastropod mollusk in the family Naticidae. The maximum recorded shell length of Naticarius canrena is 65 mm. They are predatory creatures primarily feeding on bivalves, but they may attack other shelled mollusks, including fellow moon snails. Naticarius canrena inhabits a range of depths, from the intertidal zone down to 101 meters, with specimens found as deep as 400 feet off the coast of Barbados. Their habitat includes sandy substrates where they hunt by ploughing through the sand. The shell of Naticarius canrena is globular, a typical shape within their family. Morphologically, they show similarity with Polinices lacteus, especially in shell coiling and texture, contrasting starkly with Caecum heptagonum, the most morphologically divergent species in comparison. This species can be regarded as exhibiting a central form typical of the Gulf's mangrove and sandy environments. Females produce sand collars during the breeding season, unique reproductive structures of moon snails. These structures are egg masses with sand grains embedded in a gelatinous matrix. Embryos develop within, eventually dispersing as planktonic larvae.","Naticarius canrena, comúnmente conocido como caracol luna depredador, es un molusco gasterópodo marino de la familia Naticidae. La longitud máxima registrada de la concha de Naticarius canrena es de 65 mm. Son criaturas depredadoras que se alimentan principalmente de bivalvos, pero pueden atacar a otros moluscos con concha, incluidos otros caracoles luna. Naticarius canrena habita en una variedad de profundidades, desde la zona intermareal hasta los 101 metros, con especímenes encontrados a profundidades de hasta 400 pies frente a la costa de Barbados. Su hábitat incluye sustratos arenosos donde cazan arando a través de la arena. La concha de Naticarius canrena es globular, una forma típica dentro de su familia. Morfológicamente, muestran similitud con Polinices lacteus, especialmente en el enrollamiento y textura de la concha, en contraste marcado con Caecum heptagonum, la especie más divergente morfológicamente en comparación. Esta especie se puede considerar como que exhibe una forma central típica de los ambientes de manglares y arenales del Golfo. Las hembras producen collares de arena durante la temporada de reproducción, estructuras reproductivas únicas de los caracoles luna. Estas estructuras son masas de huevos con granos de arena incrustados en una matriz gelatinosa. Los embriones se desarrollan en su interior, eventualmente dispersándose como larvas planctónicas.",Wikipedia: Naticarius canrena | Wikipedia: Naticarius
Fulguropsis_spirata,183.767,Ficus_papyratia,83.744,Caecum_heptagonum,619.658,"Fulguropsis spirata, commonly known as the pear whelk or Gulf pear whelk, is a marine gastropod mollusk belonging to the family Busyconidae. This species is distributed from the Caribbean to the western Gulf of Mexico. Adult pear whelks can reach a size of up to 15 cm (5.9 inches). The shell is characterized by a thin structure, a long siphonal canal, and a short, flattened spire. The coloration typically includes a cream background with possible axial brown streaks, similar to the lightning whelk. Its egg case resembles those of the lightning whelk and knobbed whelk but is smaller and thinner, with spiked edges. Fulguropsis spirata exhibits morphological similarities with Ficus papyratia, such as shared traits in shell structure. In contrast, it is significantly different from Caecum heptagonum. The species' distance to mean shape suggests it is a central form typical of the Gulf region rather than a divergent peripheral form.","Fulguropsis spirata, conocida comúnmente como el caracol pera o caracol pera del Golfo, es un molusco gasterópodo marino perteneciente a la familia Busyconidae. Esta especie está distribuida desde el Caribe hasta el oeste del Golfo de México. Los caracoles pera adultos pueden alcanzar un tamaño de hasta 15 cm (5.9 pulgadas). La concha se caracteriza por una estructura delgada, un canal sifonal largo y una espira corta y aplanada. La coloración típicamente incluye un fondo crema con posibles rayas marrones axiales, similar a la del caracol relámpago. Su cápsula de huevo se asemeja a las del caracol relámpago y el caracol perilla pero es más pequeña y delgada, con bordes espinosos. Fulguropsis spirata exhibe similitudes morfológicas con Ficus papyratia, como rasgos compartidos en la estructura de la concha. En contraste, es significativamente diferente de Caecum heptagonum. La distancia de la especie a la forma media sugiere que es una forma central típica de la región del Golfo en lugar de una forma periférica divergente.",Wikipedia: Fulguropsis spirata | Wikipedia: Fulguropsis
Olivella_watermani,185.132,Agaronia_griseoalba,50.411,Thylacodes_riisei,647.847,"Olivella watermani is a small sea snail, a marine gastropod mollusk in the subfamily Olivellinae within the family Olividae, commonly referred to as the olives. The shell of Olivella watermani is described as solid, with around four whorls and a short conic spire. The suture is deep and narrow, while the columellar area features a strong raised callus, upper and lower columellar plications, and a lip that is about four-fifths of the shell's length. The upper third of the aperture is closed off by the heavy callus. The shell's coloration is white, adorned with three rather obscure suffused bands of pink, orange, or yellow spots on the last whorl. The size of the shell ranges from approximately 9.6 mm to 10.5 mm in length and about 4.5 mm to 4.6 mm in width. This species has been initially found dredged off Palm Beach, Florida, at a depth of 80 fathoms. Olivella watermani shares morphological similarities with Agaronia griseoalba due to the presence of a similar elongated shell shape and decorative banding, whereas the Thylacodes riisei represents a more distant morphological design, highlighting Olivella watermani's peripheral placement in terms of morphology within its range.","Olivella watermani es un pequeño caracol marino, un molusco gasterópodo marino de la subfamilia Olivellinae dentro de la familia Olividae, comúnmente conocida como las olivas. La concha de Olivella watermani se describe como sólida, con alrededor de cuatro vueltas y una corta espiral cónica. La sutura es profunda y estrecha, mientras que el área columelar presenta un callo elevado fuerte, plicaciones columelares superiores e inferiores, y un labio que abarca aproximadamente cuatro quintas partes de la longitud de la concha. El tercio superior de la abertura está cerrado por el callo pesado. La coloración de la concha es blanca, adornada con tres bandas más bien difusas de color rosa, naranja o amarillo en el último giro. El tamaño de la concha varía de aproximadamente 9.6 mm a 10.5 mm de longitud y alrededor de 4.5 mm a 4.6 mm de ancho. Esta especie se encontró inicialmente dragada frente a Palm Beach, Florida, a una profundidad de 80 brazas. Olivella watermani comparte similitudes morfológicas con Agaronia griseoalba debido a la presencia de una forma de concha alargada similar y bandas decorativas, mientras que Thylacodes riisei representa un diseño morfológico más distante, destacando la ubicación periférica de Olivella watermani en términos de morfología dentro de su rango.",Wikipedia: Olivella watermani | Wikipedia: Olivella
Agathotoma_alcippe,189.204,Crassispira_cubana,66.026,Caecum_heptagonum,655.237,"Agathotoma alcippe is a marine gastropod mollusk in the family Mangeliidae. The shell of this species is small, varying in length from 5 mm to 11 mm, and is subcylindrical and turreted. It is characterized by a projecting, minute subglobular apex composing about 1½ smooth whorls in the protoconch, followed by approximately 4½ sculptured whorls in the teleoconch. The shell displays a uniform cover of minute, close-set spiral threads. The axial sculpture consists of prominent, slightly oblique ribs (seven or eight on the body whorl) with wider interspaces. The ribs do not continue across the spire and are notably visible at the shoulder. The distinct and appressed suture contributes to the shell's turreted appearance. The aperture is narrow, with a thick, striated outer lip that is smooth inside. The anal sulcus is conspicuous but not deep, and the siphonal canal is barely differentiated. Agathotoma alcippe displays a whitish or pale brownish coloration. The species occurs in marine environments off the Sea of Cortez, Western Mexico, and further south to Panama and the Galápagos Islands. Morphologically, Agathotoma alcippe is central within its species complex in the Gulf of California. It shows notable similarity to Crassispira cubana, sharing characteristics such as the turreted shell shape and prominent axial ribs. In contrast, Agathotoma alcippe differs greatly from Caecum heptagonum, which represents the most morphologically distant species.","Agathotoma alcippe es un molusco gasterópodo marino de la familia Mangeliidae. La concha de esta especie es pequeña, variando en longitud de 5 mm a 11 mm, y es subcylindrica y con forma de torre. Se caracteriza por un ápice subglobular proyectado y pequeño que compone alrededor de 1½ vueltas lisas en el protoconquili, seguido por aproximadamente 4½ vueltas esculpidas en el teleoconquili. La concha muestra una cobertura uniforme de hilos espirales finamente ajustados. La escultura axial consta de costillas prominentes, ligeramente oblicuas (siete u ocho en la vuelta principal) con espacios más amplios entre ellas. Las costillas no se continúan a través de la espira y son notables en el hombro. La sutura, distinta y apretada, contribuye al aspecto en forma de torre de la concha. La apertura es estrecha, con un labio exterior grueso y estriado, que es liso por dentro. El surco anal es visible pero no profundo, y el canal sifonal está apenas diferenciado. Agathotoma alcippe presenta una coloración blanquecina o marrón pálido. La especie se encuentra en ambientes marinos frente al Mar de Cortés, en el oeste de México, y más al sur hacia Panamá y las Islas Galápagos. Morfológicamente, Agathotoma alcippe está central dentro de su complejo de especies en el Golfo de California. Muestra una similitud notable con Crassispira cubana, compartiendo características como la forma de concha con torre y costillas axiales prominentes. En contraste, Agathotoma alcippe difiere notablemente de Caecum heptagonum, que representa la especie más distante morfológicamente.",Wikipedia: Agathotoma alcippe | Wikipedia: Agathotoma
Charonia_variegata,190.142,Anachis_coronata,82.723,Caecum_heptagonum,641.899,"Charonia variegata, commonly known as the Caribbean Triton's trumpet, is a large marine gastropod mollusk within the family Charoniidae. This species is found in the western Atlantic, ranging from North Carolina to Brazil. The shells of Charonia species are notably large with a fusiform shape and typically display whitish coloration with brown or yellow markings. Charonia variegata exhibits a shell size ranging from 100 to 385 mm in length. The genus Charonia dates back to the Cretaceous in the fossil record and is known for its predatory behavior, feeding on other mollusks and starfish. An important feature of their feeding approach involves using their muscular foot and radula to penetrate and paralyze prey. Unlike many gastropods, Charonia species exhibit separate sexes and reproduction involves internal fertilization, with the release of free-swimming larvae.

Morphologically, Charonia variegata shares similarities with Anachis coronata, particularly in the patterning and color variations along the shell surface. In contrast, Caecum heptagonum, the most morphologically different species, shows distinct differences in shell morphology and size. The placement of C. variegata with a high distance to mean shape indicates a more typical representation of the Gulf’s morphological diversity compared to other marine gastropods in its habitat.","Charonia variegata, comúnmente conocida como la trompeta de Tritón del Caribe, es un gran molusco gasterópodo marino de la familia Charoniidae. Esta especie se encuentra en el Atlántico occidental, desde Carolina del Norte hasta Brasil. Las conchas de las especies de Charonia son notablemente grandes con una forma fusiforme y típicamente presentan una coloración blanquecina con marcas marrones o amarillas. Charonia variegata exhibe un tamaño de concha que varía de 100 a 385 mm de longitud. El género Charonia se remonta al Cretácico en el registro fósil y es conocido por su comportamiento depredador, alimentándose de otros moluscos y estrellas de mar. Una característica importante de su enfoque alimenticio implica el uso de su pie muscular y rádula para penetrar y paralizar a sus presas. A diferencia de muchos gasterópodos, las especies de Charonia presentan sexos separados y su reproducción involucra fertilización interna, con la liberación de larvas de vida libre.

Morfológicamente, Charonia variegata comparte similitudes con Anachis coronata, particularmente en el patrón y variaciones de color a lo largo de la superficie de la concha. En contraste, Caecum heptagonum, la especie más morfológicamente diferente, muestra diferencias distintivas en la morfología y tamaño de la concha. La ubicación de C. variegata con una alta distancia a la forma media indica una representación más típica de la diversidad morfológica del Golfo en comparación con otros gasterópodos marinos en su hábitat.",Wikipedia: Charonia variegata | Wikipedia: Charonia
Calyptraea_spirata,191.898,Antisabia_panamensis,55.449,Terebra_taurina,537.922,"Calyptraea spirata is a species within the genus Calyptraea, commonly known as Chinese hat snails, which are marine gastropod mollusks in the family Calyptraeidae. Though little specific information is available for C. spirata, the genus is characterized by small, cap-like shells that resemble a Chinese hat. These snails are marine and can be found in various ocean habitats.

C. spirata bears morphological similarity to Antisabia panamensis, sharing traits such as the cap-like shape of the shell. In contrast, Terebra taurina is the most morphologically divergent species from C. spirata, possessing an elongated and tower-like shell typical of the family Terebridae.

The distance to the mean shape of C. spirata (191,898) suggests it occupies a somewhat peripheral position in terms of morphology within its ecological surroundings, indicating divergence from the more common forms in the Gulf of California.","Calyptraea spirata es una especie dentro del género Calyptraea, comúnmente conocida como caracol sombrero chino, que es un molusco gasterópodo marino de la familia Calyptraeidae. Aunque existe poca información específica sobre C. spirata, el género se caracteriza por conchas pequeñas en forma de capucha que recuerdan a un sombrero chino. Estos caracoles son marinos y se pueden encontrar en varios hábitats oceánicos.

C. spirata comparte similitudes morfológicas con Antisabia panamensis, compartiendo rasgos como la forma en capucha de la concha. En contraste, Terebra taurina es la especie más morfológicamente divergente de C. spirata, poseyendo una concha alargada y en forma de torre típica de la familia Terebridae.

La distancia a la forma media de C. spirata (191,898) sugiere que ocupa una posición algo periférica en términos de morfología dentro de su entorno ecológico, indicando divergencia de las formas más comunes en el Golfo de California.",Wikipedia: List of marine molluscs of Angola | Wikipedia: Calyptraea
Antisabia_panamensis,192.224,Calyptraea_spirata,55.449,Terebra_taurina,548.595,"Antisabia panamensis is a marine gastropod mollusk within the family Hipponicidae, commonly known as hoof snails. These sedentary snails are found in colonies living commensally on the underside of stones or attached to larger gastropods and invertebrates. This commensal lifestyle results in morphological adaptations such as a thin basal plate, a very long snout, and a small osphradium. Within the colonies, larger females are surrounded by numerous smaller males, and the females keep the egg mass inside their shell until hatching.

Antisabia panamensis shares morphological similarities with Calyptraea spirata, particularly in its limpet-like shell shape which is attached loosely to substrates. In contrast, Terebra taurina, which is the most different morphologically, exhibits an elongated, spiraled shell typical of auger snails, demonstrating significant divergence in shell form.

The distance to mean shape indicates Antisabia panamensis is centrally typical in terms of morphology for shell forms in the Gulf of California, as it shows moderate divergence in shell characteristics from average gastropod forms within the region, compared to its morphological neighbors.","Antisabia panamensis es un molusco gasterópodo marino dentro de la familia Hipponicidae, comúnmente conocido como caracol de pezuña. Estos caracoles sedentarios se encuentran en colonias, viviendo de manera comensal en la parte inferior de piedras o adheridos a gasterópodos e invertebrados más grandes. Este estilo de vida comensal resulta en adaptaciones morfológicas como una placa basal delgada, un hocico muy largo y un pequeño osfradio. Dentro de las colonias, las hembras más grandes están rodeadas por numerosos machos más pequeños, y las hembras mantienen la masa de huevos dentro de su caparazón hasta que eclosionan.

Antisabia panamensis comparte similitudes morfológicas con Calyptraea spirata, particularmente en su forma de caparazón similar a una lapa que se adhiere de manera suelta a los sustratos. En contraste, Terebra taurina, que es la más diferente morfológicamente, presenta un caparazón alargado y espiralado típico de los caracoles de barrena, demostrando una divergencia significativa en la forma del caparazón.

La distancia a la forma media indica que Antisabia panamensis es centralmente típico en términos de morfología para las formas de conchas en el Golfo de California, ya que muestra una divergencia moderada en las características del caparazón de las formas promedio de gasterópodos dentro de la región, en comparación con sus vecinos morfológicos.",Wikipedia: Antisabia panamensis | Wikipedia: Antisabia
Aspella_hastula,193.268,Crassispira_cubana,63.259,Caecum_heptagonum,646.053,"Aspella hastula is a species of sea snail in the family Muricidae, known commonly as murex snails or rock snails. This species is recognized for a shell morphology that is similar to Crassispira cubana, showing comparable traits such as conical shape and robust spirals. The shell is generally elongated with pronounced axial ribs and a tightly coiled spire. Unlike Caecum heptagonum, which has a distinct tubular form and flat, smooth surfaces, Aspella hastula exhibits characteristic features of the Muricidae family with spiral sculptures and a variced structure. In the Gulf of California, Aspella hastula is positioned relatively centrally in terms of its morphological traits, making it a typical form in the region's marine biodiversity.","Aspella hastula es una especie de caracol de mar en la familia Muricidae, conocida comúnmente como caracoles murex o caracoles de roca. Esta especie se reconoce por una morfología de concha similar a Crassispira cubana, mostrando rasgos comparables como forma cónica y espirales robustas. La concha es generalmente alargada con costillas axiales pronunciadas y una espiral fuertemente enrollada. A diferencia de Caecum heptagonum, que tiene una forma tubular distintiva y superficies lisas y planas, Aspella hastula exhibe características típicas de la familia Muricidae con esculturas espirales y una estructura varicosa. En el Golfo de California, Aspella hastula está posicionada relativamente de forma central en términos de sus rasgos morfológicos, lo que la convierte en una forma típica en la biodiversidad marina de la región.",Wikipedia: Aspella hastula | Wikipedia: Aspella
Anachis_vexillum,194.437,Crassispira_cubana,42.011,Caecum_heptagonum,645.375,"Anachis vexillum, commonly referred to as the flag columbella, belongs to the family Columbellidae, which are known as dove snails. This species is found in the Gulf of California, Mexico. Its shell is acuminately oblong and somewhat turreted, with a yellowish appearance conspicuously striped longitudinally with dark-brown coloration. The shell comprises eight whorls, which are somewhat swollen at the upper part and are longitudinally ribbed. The body whorl is concavely contracted, and the small aperture has a bluish interior.

The genus Anachis, which is highly polyphyletic, includes small to moderately sized species thriving in all tropical regions. Anachis shells are oval-fusiform and strongly ribbed longitudinally, featuring an elevated spire.

Anachis vexillum is morphologically similar to Crassispira cubana, which also displays a fusiform shell with prominent ribbing, suggesting similar ecological adaptations.

In contrast, Caecum heptagonum, identified as the most morphologically different species, exhibits different shell characteristics.

The distance to mean shape indicates that Anachis vexillum has a somewhat divergent form compared to the typical shell morphology found in the Gulf of California.","Anachis vexillum, comúnmente denominada como la Columbella bandera, pertenece a la familia Columbellidae, conocidos como caracoles paloma. Esta especie se encuentra en el Golfo de California, México. Su concha es oblonga y algo torreta, con una apariencia amarillenta conspicuamente rayada longitudinalmente con una coloración marrón oscuro. La concha tiene ocho vueltas, que están algo hinchadas en la parte superior y tienen costillas longitudinales. La vuelta corporal está concavamente contraída, y la pequeña abertura tiene un interior azulado.

El género Anachis, que es altamente polifilético, incluye especies pequeñas a moderadamente grandes que prosperan en todas las regiones tropicales. Las conchas de Anachis son ovaladas-fusiformes y fuertemente ribeteadas longitudinalmente, con una espira elevada.

Anachis vexillum es morfológicamente similar a Crassispira cubana, que también exhibe una concha fusiforme con costillas prominentes, lo que sugiere adaptaciones ecológicas similares.

En contraste, Caecum heptagonum, identificado como la especie más morfológicamente diferente, exhibe características diferentes de la concha.

La distancia a la forma media indica que Anachis vexillum tiene una forma algo divergente en comparación con la morfología típica de conchas en el Golfo de California.",Wikipedia: Anachis vexillum | Wikipedia: Anachis
Cymatium_femorale,196.286,Acanthinucella_spirata,13.661,Caecum_heptagonum,628.361,"Cymatium femorale, commonly known as the angular triton shell, is a predatory sea snail in the family Cymatiidae. It is found predominantly in the West Indies, with its distribution extending in the Western Atlantic around the eastern Caribbean islands down to Bahia, Brazil. The shell size ranges from 175 to 212 mm in length. It features an angular form with approximately seven whorls, each possessing two prominent axial varices forming sharp ridges. The shell exhibits spiral ridges with coarse knobs that create large nodules at the lip. The coloration varies, displaying brown, white, and gray tones. Cymatium femorale inhabits marine waters at depths ranging from 0.6 to 150 m. Its diet includes clams, sea urchins, and other snails, employing a radula for predation. Reproductively, it is a broadcast spawner. The species shows morphological similarities with Acanthinucella spirata, sharing the characteristic of angular shell form and varices. In contrast, it differs greatly from Caecum heptagonum, known for a distinct shell morphology. With a distance to mean shape of 196286, Cymatium femorale exhibits a typical form within the local diversity of Gulf species, less divergent than Caecum heptagonum.","Cymatium femorale, conocido comúnmente como la concha de tritón angular, es un caracol marino depredador de la familia Cymatiidae. Se encuentra predominantemente en las Indias Occidentales, con una distribución que se extiende en el Atlántico Occidental alrededor de las islas del Caribe oriental hasta Bahía, Brasil. El tamaño de la concha varía de 175 a 212 mm de longitud. Presenta una forma angular con aproximadamente siete vueltas, cada una con dos varices axiales prominentes que forman crestas afiladas. La concha exhibe crestas espirales con nudos gruesos que crean grandes nódulos en el borde. La coloración varía, mostrando tonos de marrón, blanco y gris. Cymatium femorale habita en aguas marinas a profundidades que oscilan entre 0,6 y 150 m. Su dieta incluye almejas, erizos de mar y otros caracoles, utilizando una rádula para la depredación. Reproductivamente, es un desovador de difusión. La especie muestra similitudes morfológicas con Acanthinucella spirata, compartiendo la característica de forma angular de la concha y varices. En contraste, difiere en gran medida de Caecum heptagonum, conocido por una morfología de concha distinta. Con una distancia a la forma media de 196286, Cymatium femorale exhibe una forma típica dentro de la diversidad local de especies del Golfo, menos divergente que Caecum heptagonum.",Wikipedia: Cymatium femorale | Wikipedia: Cymatium
Phyllonotus_pomum,199.476,Chicoreus_florifer,122.216,Caecum_heptagonum,633.296,"Phyllonotus pomum, commonly known as the apple murex, is a species of large sea snail classified within the family Muricidae. The adult shell size ranges from 44 mm to 133 mm. This gastropod exhibits a fusiformly oblong, thick, and solid shell. Its surface is notably rough, with transversely conspicuous ridging, and is tuberculated between the three varices. Each varix tends to be adorned with complex laminae. The shell color varies from fulvous to reddish brown, while the columella and aperture interior exhibit ochraceous yellow with the columellar lip displaying a slightly wrinkled texture. The outer lip is strongly toothed, accentuated by three black-brown spots, and the canal appears short, compressed, and recurved. This species is distributed in the Caribbean Sea, the Gulf of Mexico, and the lesser Antilles, spanning the Atlantic Ocean from North Carolina to Northern Brazil. Phyllonotus pomum shares morphological similarities with Chicoreus florifer, particularly in features like the adorned varices, while differing substantially from the Caecum heptagonum in shell shape and ornamentation. With a distance to mean shape of 199476, it represents a typical form found in the Gulf. Historically part of the subgenus Chicoreus, Phyllonotus was elevated to genus status in 2011.","Phyllonotus pomum, conocido comúnmente como múrex de manzana, es una especie de caracol marino grande clasificado dentro de la familia Muricidae. El tamaño del caparazón adulto varía de 44 mm a 133 mm. Este gasterópodo exhibe un caparazón fusiforme, oblongado, grueso y sólido. Su superficie es notablemente rugosa, con nervaduras transversales conspicuas y está tuberculado entre las tres varices. Cada varice tiende a estar adornada con láminas complejas. El color del caparazón varía de fulvo a marrón rojizo, mientras que la columela y el interior de la apertura exhiben amarillo ocre con el labio columelar mostrando una textura ligeramente arrugada. El labio exterior está fuertemente dentado, acentuado con tres manchas marrón-negras, y el canal aparece corto, comprimido y curvado. Esta especie se distribuye en el Mar Caribe, el Golfo de México y las Antillas Menores, abarcando el Océano Atlántico desde Carolina del Norte hasta el norte de Brasil. Phyllonotus pomum comparte similitudes morfológicas con Chicoreus florifer, especialmente en características como las varices adornadas, mientras que difiere sustancialmente del Caecum heptagonum en la forma del caparazón y la ornamentación. Con una distancia a la forma media de 199476, representa una forma típica encontrada en el Golfo. Históricamente parte del subgénero Chicoreus, Phyllonotus fue elevado a la categoría de género en 2011.",Wikipedia: Phyllonotus pomum | Wikipedia: Phyllonotus
Bailya_anomala,200.432,Anachis_vexillum,49.352,Caecum_heptagonum,63.665,"Bailya anomala is a marine gastropod mollusk belonging to the genus Bailya within the family Pisaniidae. The shell of Bailya anomala exhibits a fusiform shape, characterized by axial ribs crossed by spiral lines. These intersections often form beads, providing a distinctive texture to the shell surface. The shell coloration ranges from yellowish to mahogany-brown, accented with broad white bands that occur both on the body whorl and intermittently across the spire. Morphologically similar to Anachis vexillum, Bailya anomala shares features such as pronounced ribs and spiral ornamentation, although the latter usually presents more subdued ribbing and larger varices. Bailya anomala, unlike the morphologically distant Caecum heptagonum which lacks such ornamentation, displays a central form typical of species found in the Gulf of California. Occurring around coastal waters, with a preference for rocky substrates, this species is adapted for marine environments within these regions. Its reproductive and ecological interactions are aligned with the general characteristics of other Bailya species.","Bailya anomala es un molusco gasterópodo marino perteneciente al género Bailya dentro de la familia Pisaniidae. La concha de Bailya anomala presenta forma fusiforme, caracterizada por costillas axiales cruzadas por líneas espirales. Estas intersecciones suelen formar cuentas, proporcionando una textura distintiva a la superficie de la concha. La coloración de la concha varía de amarillenta a marrón caoba, acentuada con bandas blancas anchas que ocurren tanto en la vuelta del cuerpo como intermitentemente a través de la espira. Morfológicamente similar a Anachis vexillum, Bailya anomala comparte características como costillas pronunciadas y ornamentación espiral, aunque esta última generalmente presenta un ribeteado más tenue y mayores varices. Bailya anomala, a diferencia del morfológicamente distante Caecum heptagonum que carece de tal ornamentación, presenta una forma central típica de las especies que se encuentran en el Golfo de California. Se encuentra en aguas costeras, con preferencia por sustratos rocosos, adaptándose a los ambientes marinos dentro de estas regiones. Sus interacciones reproductivas y ecológicas están alineadas con las características generales de otras especies de Bailya.",Wikipedia: Bailya anomala | Wikipedia: Bailya
Triplofusus_giganteus,201.204,Cinctura_lilium,75.792,Caecum_heptagonum,665.265,"Triplofusus giganteus, commonly known as the Florida horse conch or giant horse conch, is a large predatory sea snail found in subtropical and tropical regions. It belongs to the family Fasciolariidae. The shell can reach up to 604.8 mm in length, though sizes have recently declined due to overharvesting, ranging between 341-400 mm. The shell features spiral cords and axial ribs, forming knobs on some whorls. Juvenile shells are bright orange, while adults exhibit greyish white to salmon-orange colors. This species inhabits sand, weed, and mud flats from the low intertidal to depths of about 100 m. Triplofusus giganteus preys on large gastropods, including tulip shells (Fasciolaria tulipa), lightning whelks (Sinistrofulgur perversum), and queen conchs (Lobatus gigas), and is occasionally cannibalistic during food scarcity. It reaches reproductive maturity between six to seven years and lays up to 400 egg capsules per spawning event. The species is a central form in the Gulf of California, morphologically similar to Cinctura lilium, sharing shell size ranges and sculptural elements. In contrast, Caecum heptagonum, being the furthest morphologically, presents significant differences in shell morphology and ecological niches.","Triplofusus giganteus, conocido comúnmente como el caracol gigante de Florida o caracol gigante, es un gran caracol marino depredador encontrado en regiones subtropicales y tropicales. Pertenece a la familia Fasciolariidae. La concha puede alcanzar hasta 604.8 mm de longitud, aunque recientemente los tamaños han disminuido debido a la sobreexplotación, oscilando entre 341-400 mm. La concha presenta cordones espirales y costillas axiales, formando protuberancias en algunas vueltas. Las conchas juveniles son de color naranja brillante, mientras que los adultos exhiben colores blanco grisáceo a salmón-naranja. Esta especie habita en planos de arena, algas y lodo, desde la zona intermareal baja hasta profundidades de aproximadamente 100 m. Triplofusus giganteus se alimenta de grandes gasterópodos, incluidos los caracoles tulipán (Fasciolaria tulipa), los volutas relámpago (Sinistrofulgur perversum) y los caracoles reina (Lobatus gigas), y ocasionalmente es caníbal durante la escasez de alimento. Alcanza la madurez reproductiva entre seis y siete años y deposita hasta 400 cápsulas de huevos por evento de desove. La especie es una forma central en el Golfo de California, similar morfológicamente a Cinctura lilium, compartiendo rangos de tamaño de la concha y elementos esculturales. En contraste, Caecum heptagonum, siendo la morfológicamente más distante, presenta diferencias significativas en la morfología de la concha y nichos ecológicos.",Wikipedia: Triplofusus giganteus | Wikipedia: Triplofusus
Crassispira_cubana,205.659,Anachis_vexillum,42.011,Caecum_heptagonum,648.738,"Crassispira cubana is a marine gastropod mollusk belonging to the family Pseudomelatomidae. The shell of C. cubana varies in length from 10 mm to 27 mm and is characterized by its dark sienna-brown color with an elegant fusiform shape. The shell comprises eight whorls, adorned with very closely and finely longitudinal costae numbering about sixteen on the body whorl. It is slightly oblique and warm-brown with a spiral white band just below the sutures. The surface is crossed with uniform spiral raised lines extending nearly to the base of the body whorl. The medium-sized aperture is narrow, with the outer lip rather incrassate. The anal sinus is well expressed, located just below the suture, and the columellar margin appears straight. The siphonal canal is very short.

Crassispira cubana occupies marine habitats found off Cuba, the Gulf of Mexico, and the Lesser Antilles, with beached shells reported from Palm Beach County, Florida. In terms of morphology, Crassispira cubana shares similarities with Anachis vexillum, indicated by its fusiform shell and similar coloration. In contrast, it differs significantly from Caecum heptagonum, which is more morphologically divergent.

The genus Crassispira, occurring since the Eocene, is known for small predatory snails with narrow, high-spired shells characterized by axial ribs overridden by spirals, forming beads or nodules, and a truncated anterior canal. The deep anal sinus and strong subsutural collar also define the genus.

Crassispira cubana's distance to mean shape suggests it is central, implying it maintains a typical form common to Gulf species.","Crassispira cubana es un molusco gasterópodo marino perteneciente a la familia Pseudomelatomidae. La concha de C. cubana varía en longitud entre 10 mm y 27 mm, y se caracteriza por su color marrón oscuro sienna con una forma fusiforme elegante. La concha consta de ocho vueltas, adornadas con costillas longitudinales muy cercanas y finas, con unas dieciséis en la vuelta del cuerpo. Es ligeramente oblicua y de color marrón cálido con una banda espiral blanca justo debajo de las suturas. La superficie está cruzada con líneas espirales uniformes en relieve que se extienden casi hasta la base de la vuelta del cuerpo. La abertura de tamaño medio es estrecha, con el labio exterior bastante engrosado. El seno anal está bien expresado, ubicado justo debajo de la sutura, y el margen columelar aparece recto. El canal sifonal es muy corto.

Crassispira cubana ocupa hábitats marinos y se encuentra frente a Cuba, el Golfo de México y las Antillas Menores, con conchas varadas reportadas en el condado de Palm Beach, Florida. En términos de morfología, Crassispira cubana comparte similitudes con Anachis vexillum, indicado por su concha fusiforme y coloración similar. En contraste, difiere significativamente de Caecum heptagonum, que es más divergente morfológicamente.

El género Crassispira, presente desde el Eoceno, es conocido por pequeños caracoles depredadores con conchas de espira alta y estrecha, caracterizadas por costillas axiales superpuestas por espirales que forman cuentas o nódulos, y un canal anterior truncado. El profundo seno anal y el fuerte collar subsutural también definen el género.

La distancia de Crassispira cubana a la forma media sugiere que es central, lo que implica que mantiene una forma típica común en especies del Golfo.",Wikipedia: Crassispira cubana | Wikipedia: Crassispira
Macrostrombus_costatus,210.701,Calyptraea_conica,136.497,Terebra_taurina,551.685,"Macrostrombus costatus, commonly known as the milk conch, is a large sea snail species in the family Strombidae. This species is distributed across the Caribbean Sea, Gulf of Mexico, and the Lesser Antilles, as well as the Atlantic Ocean from North Carolina to East Brazil. The milk conch typically inhabits shallow-water back reef areas like algal banks, seagrass beds, and patch reefs at depths ranging from 2 to 55 meters.

Morphologically, the shell of Macrostrombus costatus is characterized by a high spire and flaring lip, with a maximum recorded shell length of 23.1 cm. The shell exterior is light cream-colored, while the interior is milky white, providing the common name 'milk conch'. The species is herbivorous, feeding on algae as adults and phytoplankton as larvae. Reproduction involves external sex organs, with spawning occurring from November to May.

Macrostrombus costatus exhibits similarities with Calyptraea conica, sharing traits such as the conical shape and the smooth surface typical of Gulf conchs. In contrast, it is morphologically distant from Terebra taurina, featuring less elongate, spiral shells.

The average shape of M. costatus is central within the Gulf region, reflecting a typical form among conchs. This species is harvested for its meat and ornamental shell, posing potential threats to its population.","Macrostrombus costatus, conocido comúnmente como el concha lechosa, es una especie de caracol marino grande en la familia Strombidae. Esta especie se distribuye a través del Mar Caribe, el Golfo de México y las Antillas Menores, así como el Océano Atlántico desde Carolina del Norte hasta el Este de Brasil. El concha lechosa normalmente habita en áreas poco profundas de arrecifes traseros como bancos de algas, lechos de pastos marinos y arrecifes de parches, a profundidades que oscilan entre 2 y 55 metros.

Morfológicamente, la concha de Macrostrombus costatus se caracteriza por una espira alta y un borde en forma de llamarada, con una longitud máxima de concha registrada de 23.1 cm. El exterior de la concha es de color crema claro, mientras que el interior es blanco lechoso, proporcionando el nombre común 'concha lechosa'. La especie es herbívora, alimentándose de algas como adultos y de fitoplancton como larvas. La reproducción involucra órganos sexuales externos, con desove ocurriendo de noviembre a mayo.

Macrostrombus costatus exhibe similitudes con Calyptraea conica, compartiendo rasgos como la forma cónica y la superficie lisa típica de los conchas del Golfo. En contraste, es morfológicamente distante de Terebra taurina, presentando conchas espirales menos elongadas.

La forma promedio de M. costatus es central dentro de la región del Golfo, reflejando una forma típica entre los conchas. Esta especie se cosecha por su carne y concha ornamental, lo que plantea amenazas potenciales para su población.",Wikipedia: Macrostrombus costatus | Wikipedia: Strombus costatus
Aspella_pyramidalis,212.025,Melanella_eburnea,85.907,Thylacodes_riisei,671.819,"Aspella pyramidalis is a marine gastropod mollusk in the family Muricidae, commonly known as murex snails or rock snails. It is a species typically found in the Gulf of California, contributing to the central diversity of marine gastropods in this region. The shell morphology of Aspella pyramidalis is characterized by its pyramidal shape, indicative of its species name, with a robust and well-defined axial and spiral sculpture. The shell has pronounced varices and may display a range of ornamentation typical of muricid snails. Aspella pyramidalis shares some morphological similarities with Melanella eburnea, despite their taxonomic distance, such as the presence of strong whorls and similar surface texture. In contrast, the species is notably different from Thylacodes riisei, which exhibits a much more divergent morphology. The distance to the mean shape indicates that Aspella pyramidalis represents a central form among Gulf gastropods, rather than a peripheral or divergent species.","Aspella pyramidalis es un molusco gasterópodo marino de la familia Muricidae, comúnmente conocidos como caracoles murex o caracoles de roca. Es una especie típicamente encontrada en el Golfo de California, contribuyendo a la diversidad central de gasterópodos marinos en esta región. La morfología de la concha de Aspella pyramidalis se caracteriza por su forma piramidal, indicativa de su nombre de especie, con una escultura axial y espiral robusta y bien definida. La concha tiene varices pronunciadas y puede mostrar una gama de ornamentación típica de los caracoles murícidos. Aspella pyramidalis comparte algunas similitudes morfológicas con Melanella eburnea, a pesar de su distancia taxonómica, como la presencia de fuertes espirales y textura superficial similar. En contraste, la especie es notablemente diferente de Thylacodes riisei, que exhibe una morfología mucho más divergente. La distancia a la forma media indica que Aspella pyramidalis representa una forma central entre los gasterópodos del Golfo, más que una especie periférica o divergente.",Wikipedia: Aspella pyramidalis | Wikipedia: Aspella
Oliva_sayana,212.355,Agaronia_griseoalba,35.966,Thylacodes_riisei,658.182,"Oliva sayana, commonly known as the lettered olive, is a species of predatory sea snail in the family Olividae. It can be found in coastal regions ranging from North Carolina to Florida, extending into the Gulf of Mexico and reaching southern Mexico. Occasionally, it might be observed in Brazil. These marine gastropods inhabit shallow sand flats near inlets in near-shore waters. The shell, cylindrical in shape with a short spire, typically measures around 6 cm but can reach up to 9.1 cm in length. It features a smooth, shiny surface with a narrow aperture extending almost the entire length of the shell, ending in a notch. The suture is distinctively V-cut and deep. Shell coloration varies from cream to greyish, marked by reddish-brown zigzag patterns resembling letters. As carnivorous sand-burrowers, O. sayana feeds on bivalves and small crustaceans, aiding its predatory lifestyle. These snails also produce floating egg capsules, with young being free-swimming upon hatching. Oliva sayana shares morphological similarities with Agaronia griseoalba, particularly in shell shape and ornamentation. In contrast, it diverges significantly from Thylacodes riisei. The distance to its mean shape, which is 212355, indicates a form typical of Gulf of California representatives.","Oliva sayana, comúnmente conocida como la oliva con letras, es una especie de caracol de mar depredador en la familia Olividae. Se encuentra en regiones costeras que van de Carolina del Norte a Florida, extendiéndose por el Golfo de México y llegando al sur de México. Ocasionalmente, se puede observar en Brasil. Estos gasterópodos marinos habitan en aguas poco profundas en planos de arena cerca de las entradas costeras. La concha, de forma cilíndrica con una espira corta, generalmente mide alrededor de 6 cm pero puede alcanzar hasta 9.1 cm de longitud. Presenta una superficie lisa y brillante con una abertura estrecha que se extiende casi por toda la longitud de la concha, terminando en una muesca. La sutura es distintivamente en forma de V y profunda. La coloración de la concha varía de crema a grisácea, marcada por patrones en zigzag marrón-rojizos parecidos a letras. Como excavadores en la arena carnívoros, O. sayana se alimenta de bivalvos y pequeños crustáceos, favoreciendo su estilo de vida depredador. Estos caracoles también producen cápsulas de huevos flotantes, y los jóvenes son nadadores libres al emerger. Oliva sayana comparte similitudes morfológicas con Agaronia griseoalba, particularmente en la forma y ornamentación de la concha. En contraste, se distingue significativamente de Thylacodes riisei. La distancia a su forma media, que es de 212355, indica una forma típica de los representantes del Golfo de California.",Wikipedia: Lettered olive | Wikipedia: Olive snail
Agaronia_griseoalba,215.709,Agaronia_propatula,29.876,Thylacodes_riisei,664.058,"Agaronia griseoalba is a species of sea snail in the family Olividae, known commonly as the olives. It has a shell length ranging from 36 mm to 39 mm. The shell is greyish-white with faint grey shadows that mark growth streaks. Vertical rows of pale brown spots are present at the start of the body whorl on the ventral side. The spire is relatively short and constitutes approximately one-third of the total shell length, and it has a moderately expanded aperture with a somewhat thick outer lip. The basal band of the shell is primarily white with a subtle yellowish tint in its lower section. This species is distributed in the Mexican part of the North Pacific Ocean as well as off Costa Rica, Panama, Nicaragua, and El Salvador. Agaronia griseoalba is most morphologically similar to Agaronia propatula, sharing a comparable oliviform shell shape and appearance. Its distance to the mean shape suggests it is typical of Gulf species forms. In contrast, it is most morphologically divergent from Thylacodes riisei, another gastropod from the region.","Agaronia griseoalba es una especie de caracol marino de la familia Olividae, conocida comúnmente como las olivas. Tiene una longitud de concha que varía entre 36 mm y 39 mm. La concha es de color blanco grisáceo con sombras grises tenues que marcan las estrías de crecimiento. Existen filas verticales de manchas marrones pálidas al inicio de la vuelta del cuerpo en el lado ventral. La espira es relativamente corta y constituye aproximadamente un tercio de la longitud total de la concha, y tiene una apertura moderadamente expandida con un labio externo algo grueso. La banda basal de la concha es principalmente blanca con un sutil tono amarillento en su sección inferior. Esta especie está distribuida en la parte mexicana del Océano Pacífico Norte, así como frente a Costa Rica, Panamá, Nicaragua y El Salvador. Agaronia griseoalba es más morfológicamente similar a Agaronia propatula, compartiendo una forma de concha oliviforme comparable. Su distancia respecto a la forma media sugiere que es típica de los ejemplares del Golfo. En contraste, es morfológicamente más divergente de Thylacodes riisei, otro gasterópodo de la región.",Wikipedia: Agaronia griseoalba | Wikipedia: Agaronia
Calyptraea_conica,217.024,Antisabia_panamensis,63.413,Terebra_taurina,565.567,"Calyptraea conica, commonly referred to as the Chinese hat snail, is a marine gastropod mollusk belonging to the family Calyptraeidae. The genus Calyptraea is characterized by its distinct cup-and-saucer shaped shells, resembling a Chinese hat. These snails exhibit a conical shell structure that is typically coiled irregularly without a distinct apex. The shell surface is smooth, lacking prominent varices or ribs, and is usually light-colored. Calyptraea conica is native to marine environments and is primarily found in the Gulf of California.

Morphologically, Calyptraea conica shares similarities with Antisabia panamensis, including their conical shell shape and moderate size. However, it contrasts greatly with Terebra taurina, which is known for its elongated, spirally sculptured shell with an extended siphonal canal, representative of a more divergent form.

The species exhibits peripheral characteristics in terms of its shell morphology, having a considerable distance from the mean shape typical of other gastropods in the region.

Calyptraea conica inhabits rocky substrates where it can attach itself securely, feeding primarily by filter feeding detritus and plankton. This species plays an ecological role within its habitat but does not have any noted symbiotic relationships or particular reproductive strategies documented in available sources.","Calyptraea conica, comúnmente conocida como el caracol sombrero chino, es un molusco gasterópodo marino perteneciente a la familia Calyptraeidae. El género Calyptraea se caracteriza por sus distintivas conchas en forma de taza y platillo, que se asemejan a un sombrero chino. Estos caracoles presentan una estructura de concha cónica que generalmente se enrolla de manera irregular sin un ápice distintivo. La superficie de la concha es lisa, carece de prominentes varices o costillas, y generalmente es de color claro. Calyptraea conica es nativa de ambientes marinos y se encuentra principalmente en el Golfo de California.

Morfológicamente, Calyptraea conica comparte similitudes con Antisabia panamensis, incluidas su forma de concha cónica y tamaño moderado. Sin embargo, contrasta mucho con Terebra taurina, conocida por su concha alargada con escultura espiral y canal sifonal extendido, representativa de una forma más divergente.

La especie exhibe características periféricas en términos de su morfología de concha, presentando una distancia considerable respecto a la forma media típica de otros gasterópodos en la región.

Calyptraea conica habita en sustratos rocosos donde puede adherirse de manera segura, alimentándose principalmente mediante el filtrado de detritos y plancton. Esta especie desempeña un papel ecológico dentro de su hábitat, pero no tiene relaciones simbióticas notables ni estrategias reproductivas particulares documentadas en las fuentes disponibles.",Wikipedia: Calyptraea conica | Wikipedia: Calyptraea
Fulguropsis_texana,2.184,Ficus_papyratia,81.934,Caecum_heptagonum,660.671,"Fulguropsis texana is part of the family Busyconidae, commonly known as the crown conches. This species belongs to the genus Fulguropsis, which includes various marine gastropods. Fulguropsis texana, described by Hollister in 1958, displays morphological similarities with Ficus papyratia, indicating shared traits such as the shell structure. Conversely, it is significantly different from Caecum heptagonum, highlighting its unique morphological features. The genus Fulguropsis typically exhibits shells with long siphonal canals and a flattened spire, characteristics that may be observable in Fulguropsis texana. The species forms part of the ecological framework within the Gulf of California, contributing to the diverse marine life of the region.","Fulguropsis texana forma parte de la familia Busyconidae, comúnmente conocida como los caracoles corona. Esta especie pertenece al género Fulguropsis, que incluye varios gasterópodos marinos. Fulguropsis texana, descrita por Hollister en 1958, muestra similitudes morfológicas con Ficus papyratia, lo que indica características compartidas como la estructura de la concha. Por el contrario, es significativamente diferente de Caecum heptagonum, lo que resalta sus características morfológicas únicas. El género Fulguropsis generalmente exhibe conchas con canales sifonales largos y una espira aplastada, características que pueden observarse en Fulguropsis texana. La especie forma parte del marco ecológico del Golfo de California, contribuyendo a la diversa vida marina de la región.",Wikipedia: Fulguropsis texana | Wikipedia: Fulguropsis
Agaronia_propatula,226.852,Olivella_nivea,24.464,Thylacodes_riisei,671.662,"Agaronia propatula is a species of sea snail belonging to the family Olividae, commonly known as olive snails. The shell is ovate-oblong, slightly swollen towards the base, and exhibits a pale ochraceous color with sparse longitudinal zigzag brown lines and darker transverse hair-like lines, along with scattered spots. The shell measures between 25 mm and 56 mm in length. The aperture is wide and effuse anteriorly, and the columella displays a few oblique plaits at the front. Agaronia propatula is distributed along the Pacific Ocean coasts of Central America, Colombia, and Ecuador.

This species is characterized by its ecological adaptability to various tropical and subtropical marine environments, typically found in shallow waters over sandy and muddy substrates. The species is noted for cannibalistic behavior, where intraspecific predation pressure does not trigger autotomy even at size-dependent levels.

Morphologically, Agaronia propatula is distantly related to Thylacodes riisei, highlighting significant divergence in shell traits. However, it exhibits closer resemblance to Olivella nivea, sharing similar oliviform shell characteristics.

Agaronia propatula has a peripheral position concerning the average form typical of the Gulf region, suggesting divergence from the common gastropod morphology found there.","Agaronia propatula es una especie de caracol marino perteneciente a la familia Olividae, comúnmente conocida como caracoles oliva. La concha es ovada-oblonga, ligeramente hinchada hacia la base, y presenta un color ocráceo pálido con líneas marrones en zigzag longitudinales dispersas y líneas más oscuras similares a cabellos transversales, junto con manchas dispersas. La concha mide entre 25 mm y 56 mm de longitud. La apertura es ancha y se expande anteriormente, y la columela exhibe unos cuantos pliegues oblicuos en el frente. Agaronia propatula se distribuye a lo largo de las costas del océano Pacífico de América Central, Colombia y Ecuador.

Esta especie se caracteriza por su adaptabilidad ecológica a diversos ambientes marinos tropicales y subtropicales, típicamente encontrados en aguas poco profundas sobre sustratos arenosos y fangosos. Se destaca por su comportamiento caníbal, donde la presión de depredación intraspecífica no desencadena autotomía, incluso a niveles dependientes del tamaño.

Morfológicamente, Agaronia propatula está distante de Thylacodes riisei, subrayando una divergencia significativa en los rasgos de la concha. Sin embargo, exhibe una semejanza más cercana con Olivella nivea, compartiendo características de la concha oliviformes similares.

Agaronia propatula tiene una posición periférica con respecto a la forma promedio típica de la región del Golfo, lo que sugiere una divergencia de la morfología común de los gasterópodos que se encuentran allí.",Wikipedia: Agaronia propatula | Wikipedia: Agaronia
Sinistrofulgur_perversum,228.545,Sinistrofulgur_pulleyi,57.653,Thylacodes_riisei,655.913,"Sinistrofulgur perversum, known as the lightning whelk, is a very large predatory marine gastropod in the Busyconidae family. The species is distinguished by its sinistral or left-handed shell coiling. It is native to the Mid-Atlantic region of the United States and southeastern North America, ranging from New Jersey to Florida and the Gulf states. The lightning whelks inhabit sandy or muddy substrates of shallow embayments and primarily feed on marine bivalves, using their proboscis to ingest soft tissue.

Notably, Sinistrofulgur perversum shares several morphological traits with Sinistrofulgur pulleyi, such as the sinistral shell coiling, though it is significantly different from Thylacodes riisei. Morphological differences and similarities with other local species reflect the ecological relationships and adaptations in this genus within the Gulf of Mexico habitat.

The shell is large with a proportionally lower spire. In comparison to Busycon carica, another related species, the lightning whelk's knobs are less developed, and it tends to prefer deeper waters for feeding. Historically, these whelks have been used by Native Americans as versatile tools, ornaments, and containers due to the strength and unique configuration of their shells.

Despite its presence in multiple academic classifications over time, Sinistrofulgur perversum remains central to studies of sinistral gastropods indigenous to the Gulf coast ecosystems.","Sinistrofulgur perversum, conocido como el caracol relámpago, es un gran gasterópodo marino depredador de la familia Busyconidae. La especie se distingue por su enroscamiento siniestro o hacia la izquierda. Es originaria de la región del Atlántico medio de Estados Unidos y del sudeste de América del Norte, desde Nueva Jersey hasta Florida y los estados del golfo. Los caracoles relámpago habitan en sustratos arenosos o fangosos de bahías poco profundas y se alimentan principalmente de bivalvos marinos, usando su probóscide para ingerir tejido blando.

Es importante destacar que Sinistrofulgur perversum comparte varios rasgos morfológicos con Sinistrofulgur pulleyi, como el enroscamiento siniestro de la concha, aunque es significativamente diferente de Thylacodes riisei. Las diferencias y similitudes morfológicas con otras especies locales reflejan las relaciones ecológicas y adaptaciones de este género dentro del hábitat del Golfo de México.

La concha es grande con una espira proporcionalmente más baja. Comparado con Busycon carica, otra especie relacionada, los nudos del caracol relámpago están menos desarrollados y tiende a preferir aguas más profundas para alimentarse. Históricamente, estos caracoles han sido utilizados por los nativos americanos como herramientas versátiles, adornos y recipientes debido a la fuerza y la configuración única de sus conchas.

A pesar de su presencia en múltiples clasificaciones académicas a lo largo del tiempo, Sinistrofulgur perversum sigue siendo central en los estudios de gasterópodos siniestros indígenas a los ecosistemas de la costa del Golfo.",Wikipedia: Sinistrofulgur perversum | Wikipedia: Sinistrofulgur
Olivella_nivea,228.774,Agaronia_propatula,24.464,Thylacodes_riisei,673.863,"Olivella nivea, commonly known as the snowy dwarf olive, is a species of small marine gastropod in the family Olividae. Species within the genus Olivella, including Olivella nivea, are characterized by their diminutive size, hence the common name 'dwarf olives'. The shell of Olivella nivea is noted for its acutely pointed tip and is typically white, although it may be adorned with two bands of purplish spots. Olivella species generally exhibit a keel-like twist at the anterior end of the columella, with the inner lip sometimes showing a deep callus. A noteworthy feature of Olivella nivea is the absence of an operculum, similar to other dwarf olives.

Olivella nivea inhabits marine environments, but specific details regarding its habitat preferences, such as depth range and substrate types, are not provided in the available sources. When comparing its morphology, Olivella nivea shares similarities with Agaronia propatula, most likely due to common traits such as shell conformation and decoration. In contrast, it significantly differs from Thylacodes riisei, a species exhibiting vastly different shell and body structures.

The morphological distance to the mean shape is indicative of a typical Gulf form for Olivella nivea, placing it centrally within the gastropod diversity of the Gulf of California, contrasting sharply with Thylacodes riisei, which represents a more divergent form.","Olivella nivea, comúnmente conocida como oliva enana nevada, es una especie de pequeño gasterópodo marino de la familia Olividae. Las especies del género Olivella, incluida Olivella nivea, se caracterizan por su tamaño diminuto, de ahí el nombre común ""olivas enanas"". La concha de Olivella nivea se distingue por su punta marcadamente aguda y generalmente es blanca, aunque puede estar adornada con dos bandas de manchas púrpuras. Las especies de Olivella suelen tener una torsión similar a una quilla en el extremo anterior de la columela, con el labio interno a veces mostrando un callo profundo. Una característica notable de Olivella nivea es la ausencia de opérculo, similar a otras olivas enanas.

Olivella nivea habita en ambientes marinos, pero los detalles específicos sobre sus preferencias de hábitat, como el rango de profundidad y tipos de sustrato, no se proporcionan en las fuentes disponibles. Al comparar su morfología, Olivella nivea comparte similitudes con Agaronia propatula, probablemente debido a rasgos comunes como la conformación y decoración de la concha. En contraste, difiere significativamente de Thylacodes riisei, una especie que exhibe estructuras de concha y cuerpo muy diferentes.

La distancia morfológica a la forma media indica una forma típica del Golfo para Olivella nivea, colocándola céntricamente dentro de la diversidad de gasterópodos en el Golfo de California, contrastando notablemente con Thylacodes riisei, que representa una forma más divergente.",Wikipedia: Olivella nivea | Wikipedia: Olivella
Chicoreus_florifer,230.551,Phyllonotus_pomum,122.216,Caecum_heptagonum,655.636,"The species Chicoreus florifer, commonly known as the flowery lace murex, is a marine gastropod mollusk belonging to the family Muricidae. It has a shell size that varies between 35 and 93 mm and is characterized by an elongate, fusiform shape typical of the muricid family. The shell features three axial varices adorned with leafy spines and an axial rib between the varices, giving it a distinctive ornate appearance.

The aperture is small, subcircular, and the outer lip of the aperture is dentate. The coloration of the shell ranges from cream to pale rust-brown to deep brownish black, with the interior typically white.

Geographically, C. florifer is found in the Gulf of Mexico, Caribbean Sea, and along the coastlines of North Carolina, Florida, and the Bahamas. It shares morphological similarities with Phyllonotus pomum, particularly in the structure of the varices and overall fusiform shape. However, it is markedly different from Caecum heptagonum, which is distant in terms of morphology.

The shape of Chicoreus florifer is somewhat peripheral for the Gulf of California, indicating a divergence from the central or typical forms found in this region.","La especie Chicoreus florifer, comúnmente conocida como el caracol de encaje floral, es un molusco gasterópodo marino que pertenece a la familia Muricidae. Su caparazón varía entre 35 y 93 mm y se caracteriza por una forma elongada y fusiforme típica de la familia muricida. La concha presenta tres varices axiales adornadas con espinas frondosas y una costilla axial entre las varices, lo que le confiere una apariencia distintiva y ornamentada.

La apertura es pequeña, subcircular y el borde externo de la apertura es dentado. La coloración de la concha varía de crema a marrón oxidado claro hasta un marrón negruzco profundo, con el interior típicamente blanco.

Geográficamente, C. florifer se encuentra en el Golfo de México, el Mar Caribe y a lo largo de las costas de Carolina del Norte, Florida y las Bahamas. Comparte similitudes morfológicas con Phyllonotus pomum, particularmente en la estructura de las varices y la forma fusiforme general. Sin embargo, es marcadamente diferente de Caecum heptagonum, que es distante en términos de morfología.

La forma de Chicoreus florifer es algo periférica para el Golfo de California, indicando una divergencia de las formas centrales o típicas encontradas en esta región.",Wikipedia: Chicoreus florifer | Wikipedia: Chicoreus
Sinistrofulgur_sinistrum,243.898,Sinistrofulgur_pulleyi,4.581,Thylacodes_riisei,643.677,"Sinistrofulgur sinistrum is a large predatory marine gastropod belonging to the family Busyconidae, known for its sinistral (left-handed) shell coiling. The shell size varies between 20 and 45 cm. It features a low spire and an extended siphonal canal with a distinct shoulder decorated with knobs of varying size. The shell's base color is typically pale, adorned with dark axial stripes. Sinistrofulgur sinistrum inhabits the Gulf of Mexico, the Caribbean Sea, and the North Atlantic Ocean, thriving in shallow sandy and muddy embayments.

Ecologically, Sinistrofulgur sinistrum preys predominantly on bivalves like clams, oysters, and mussels, notably targeting Mercenaria mercenaria. This species reproduces sexually, with females laying egg capsules attached to sand or mud, each capsule potentially housing up to 100 eggs.

Morphologically, Sinistrofulgur sinistrum exhibits similarities with Sinistrofulgur pulleyi, as both species show left-handed coiling and comparable shell sculpture. Conversely, it is highly divergent from Thylacodes riisei. The morphological distance of Sinistrofulgur sinistrum to the mean shape suggests it is relatively typical of Gulf forms.

Taxonomically, Sinistrofulgur sinistrum was initially classified under Busycon (Sinistrofulgur) sinistrum and later recognized as a valid species. This species has economic significance, having served both practical and ceremonial purposes for early Native American cultures.","Sinistrofulgur sinistrum es un gran gasterópodo marino depredador perteneciente a la familia Busyconidae, conocido por su enrollamiento sinistral (izquierdo) de la concha. El tamaño de la concha varía entre 20 y 45 cm. Presenta una espira baja y un canal sifonal extendido con un hombro distintivo decorado con protuberancias de tamaño variable. El color base de la concha es típicamente pálido, adornado con rayas axiales oscuras. Sinistrofulgur sinistrum habita en el Golfo de México, el Mar Caribe y el Océano Atlántico Norte, prosperando en bahías poco profundas de fondos arenosos y fangosos.

Ecológicamente, Sinistrofulgur sinistrum se alimenta principalmente de bivalvos como almejas, ostras y mejillones, apuntando notablemente a Mercenaria mercenaria. Esta especie se reproduce sexualmente, con hembras que ponen cápsulas de huevos adheridas a arena o barro, cada cápsula conteniendo potencialmente hasta 100 huevos.

Morfologicamente, Sinistrofulgur sinistrum exhibe similitudes con Sinistrofulgur pulleyi, ya que ambas especies muestran enrollamiento sinistral y esculturas de concha comparables. Por el contrario, es altamente divergente de Thylacodes riisei. La distancia morfológica de Sinistrofulgur sinistrum a la forma promedio sugiere que es relativamente típico de formas del Golfo.

Taxonómicamente, Sinistrofulgur sinistrum fue inicialmente clasificado bajo Busycon (Sinistrofulgur) sinistrum y posteriormente reconocido como una especie válida. Esta especie tiene un significado económico, habiendo servido tanto para fines prácticos como ceremoniales para las primeras culturas nativas americanas.",Wikipedia: Sinistrofulgur sinistrum | Wikipedia: Sinistrofulgur
Melanella_eburnea,244.529,Atrimitra_effusa,8.152,Thylacodes_riisei,667.918,"Melanella eburnea is a species of small marine gastropod in the family Eulimidae and is part of the genus Melanella. This species is known to occur from New Jersey, USA to São Paulo, Brazil. Members of the genus Melanella are ectoparasitic marine snails and exhibit small, elongated shells. Morphologically, M. eburnea is closely related to Atrimitra effusa, with both species sharing characteristics such as their slender and elongated shell shape, although the exact shell description for M. eburnea is not detailed in available sources. This species shows considerable morphological divergence from Thylacodes riisei, which tends to have more irregular shell shapes, indicating a more central form typical to the marine environment of the Gulf. The genus Melanella is recognized for its adaptation to parasitism and demonstrates significant ecological interactions as snails within this genus typically parasitize echinoderms.","Melanella eburnea es una especie de pequeño gasterópodo marino de la familia Eulimidae y es parte del género Melanella. Se sabe que esta especie ocurre desde Nueva Jersey, EE.UU. hasta São Paulo, Brasil. Los miembros del género Melanella son caracoles marinos ectoparásitos y exhiben conchas alargadas y pequeñas. Morfológicamente, M. eburnea está estrechamente relacionado con Atrimitra effusa, con ambas especies compartiendo características como su forma de concha delgada y alargada, aunque la descripción exacta de la concha para M. eburnea no está detallada en las fuentes disponibles. Esta especie muestra una divergencia morfológica considerable de Thylacodes riisei, que tiende a tener formas de concha más irregulares, lo que indica una forma más central típica del entorno marino del Golfo. El género Melanella es reconocido por su adaptación al parasitismo y demuestra significativas interacciones ecológicas, ya que los caracoles dentro de este género típicamente parasitan equinodermos.",Wikipedia: Melanella eburnea | Wikipedia: Melanella
Cheilea_corrugata,246.116,Calyptraea_mamillaris,61.948,Terebra_taurina,607.906,"Cheilea corrugata is a species of small limpet-like sea snail, a marine gastropod mollusk in the family Hipponicidae, commonly known as hoof snails. The shell of Cheilea corrugata is coiled and exhibits a corrugated surface. It has a maximum recorded shell length of approximately 38 mm. The shell is ornamented with spiral ribs which create a rugged texture. This species is known to occur in marine habitats ranging from Colombia to Northeast Brazil, and from Mexico to Chile, as well as in the Indo-Pacific region and off Western Africa. Cheilea corrugata is morphologically similar to Calyptraea mamillaris, another sea snail species known for its limpet-like appearance and coiling shell, though it greatly contrasts in shape and structure from Terebra taurina, which is morphologically divergent. The distance to mean shape for Cheilea corrugata suggests it typifies the characteristic form found within the Gulf of California.","Cheilea corrugata es una especie de pequeño caracol marino de forma similar a una lapa, un molusco gasterópodo marino de la familia Hipponicidae, comúnmente conocido como caracoles de casco. La concha de Cheilea corrugata está enrollada y presenta una superficie corrugada. Tiene una longitud máxima de concha registrada de aproximadamente 38 mm. La concha está ornamentada con costillas espirales que crean una textura rugosa. Se sabe que esta especie ocurre en hábitats marinos que van desde Colombia hasta el noreste de Brasil, y desde México hasta Chile, así como en la región del Indo-Pacífico y frente a África Occidental. Cheilea corrugata es morfológicamente similar a Calyptraea mamillaris, otra especie de caracol marino conocida por su apariencia similar a la lapa y concha enrollada, aunque contrasta ampliamente en forma y estructura con Terebra taurina, que es morfológicamente divergente. La distancia a la forma media para Cheilea corrugata sugiere que tipifica la forma característica encontrada en el Golfo de California.",Wikipedia: Cheilea corrugata | Wikipedia: Cheilea
Sinistrofulgur_pulleyi,248.437,Sinistrofulgur_sinistrum,4.581,Thylacodes_riisei,65.412,"Sinistrofulgur pulleyi is a marine gastropod mollusk in the subfamily Busyconinae, known for its distinct left-handed shell-coiling. This species belongs to the genus Sinistrofulgur, recognized for large sea snails. The taxonomy of Sinistrofulgur has been contested, historically included in Busycon but later distinguished at subgenus and genus levels.

The shell of Sinistrofulgur pulleyi, like other members of its genus, usually attains large sizes, comparable to its relative Sinistrofulgur sinistrum. The shell exhibits a pyriform shape with a low spire and a prominently sinistral coiling direction. S. pulleyi shares morphological traits with Sinistrofulgur sinistrum, including the nodulous or spinose exterior and sinistral coiling, which are characteristic of busycon whelks.

Sinistrofulgur pulleyi has a native range in the western Gulf of Mexico, extending from the northern coast of Mexico to Breton Sound in Louisiana. In contrast, Sinistrofulgur sinistrum is found further east, from Cape Hatteras to the Florida Keys.

Sinistrofulgur pulleyi is most morphologically divergent compared to Thylacodes riisei, indicating a more peripheral shape relative to the typical shell forms found in the Gulf region.

These snail species feed primarily on marine bivalves, using their proboscis to ingest the soft parts. They inhabit shallow marine environments, favoring sandy or muddy substrates.","Sinistrofulgur pulleyi es un molusco gasterópodo marino de la subfamilia Busyconinae, conocido por su característico enrollamiento en espiral hacia la izquierda. Esta especie pertenece al género Sinistrofulgur, reconocido por los grandes caracoles marinos. La taxonomía de Sinistrofulgur ha sido objeto de debate, históricamente incluido en Busycon pero posteriormente distinguido a nivel de subgénero y género.

La concha de Sinistrofulgur pulleyi, al igual que otros miembros de su género, suele alcanzar grandes tamaños, comparable a su pariente Sinistrofulgur sinistrum. La concha exhibe una forma piriforme con una espira baja y una dirección de espiral claramente siniestra. S. pulleyi comparte rasgos morfológicos con Sinistrofulgur sinistrum, incluidos el exterior nodoso o espinoso y el enrollamiento siniestro, que son característicos de los caracoles Busycon.

Sinistrofulgur pulleyi tiene un rango nativo en el oeste del Golfo de México, extendiéndose desde la costa norte de México hasta Breton Sound en Luisiana. En contraste, Sinistrofulgur sinistrum se encuentra más al este, desde Cape Hatteras hasta los Cayos de Florida.

Sinistrofulgur pulleyi es morfológicamente más divergente en comparación con Thylacodes riisei, lo que indica una forma más periférica en relación con las formas típicas de concha encontradas en la región del Golfo.

Estas especies de caracoles se alimentan principalmente de bivalvos marinos, utilizando su probóscide para ingerir las partes blandas. Habitan en ambientes marinos poco profundos, favoreciendo los sustratos arenosos o fangosos.",Wikipedia: Sinistrofulgur | Wikipedia: Sinistrofulgur
Olivella_floralia,249.161,Olivella_nivea,49.989,Thylacodes_riisei,685.641,"Olivella floralia, commonly known as the common rice dwarf olive, is a species of small sea snail within the family Olividae, specifically in the subfamily Olivellinae. The shell length of Olivella floralia varies between 6 and 15 mm and is predominantly slender and white, with upper whorls displaying colors ranging from white to blue or purple. The species is distributed throughout the Caribbean, extending from North Carolina, USA, to Colombia and East Brazil.

The genus Olivella is characterized by small predatory sea snails, often referred to as dwarf olives. Olivella species generally feature a slender shell with an anterior keel-like twist at the columella, which may display concave or deep furrowed walls. Many Olivella shells possess a thin, chitinous operculum; however, this is absent in Olivella nivea, a closely related species.

Olivella floralia shares morphological characteristics with Olivella nivea, including the slender shell form and similar coloration patterns. In contrast, it is morphologically distant from Thylacodes riisei, which demonstrates entirely different shell morphology and ecological niche.

The morphological traits and distribution of Olivella floralia suggest a typical Gulf form, central to the characteristic shapes found in the region.","Olivella floralia, comúnmente conocida como la oliva enana de arroz común, es una especie de caracol marino pequeño dentro de la familia Olividae, específicamente en la subfamilia Olivellinae. La longitud de la concha de Olivella floralia varía entre 6 y 15 mm y es predominantemente delgada y blanca, con las vueltas superiores mostrando colores que van desde el blanco al azul o púrpura. La especie está distribuida por toda el Caribe, extendiéndose desde Carolina del Norte, EE.UU., hasta Colombia y el este de Brasil.

El género Olivella se caracteriza por pequeños caracoles marinos depredadores, comúnmente referidos como olivas enanas. Las especies de Olivella generalmente presentan una concha delgada con un giro como quilla en la columela anterior, que puede mostrar paredes cóncavas o profundamente surcadas. Muchas conchas de Olivella poseen un opérculo delgado y quitinoso; sin embargo, esto está ausente en Olivella nivea, una especie estrechamente relacionada.

Olivella floralia comparte características morfológicas con Olivella nivea, incluyendo la forma delgada de la concha y patrones de color similares. En contraste, es morfológicamente distante de Thylacodes riisei, que muestra una morfología de concha completamente diferente y nicho ecológico.

Los rasgos morfológicos y la distribución de Olivella floralia sugieren una forma típica del Golfo, central a las formas características encontradas en la región.",Wikipedia: Olivella floralia | Wikipedia: Olivella
Caecum_quadratum,251.845,Araiofusus_colpoicus,167.838,Caecum_heptagonum,650.517,"Caecum quadratum is a marine gastropod mollusk belonging to the genus Caecum, which comprises minute sea snails commonly referred to as blind shells due to their lack of eyes. The genus Caecum is a part of the family Caecidae. Caecum quadratum typically inhabits warm and temperate seas globally. These snails are micromollusks, displaying a shell length between 2 mm and 6 mm, and are characterized by their small size, unusual shell morphology, and environmental preferences. Most species within this genus are found in sponges, sandy reefs, or grassy beds in shallow waters, bays, and lagoons. The shell of Caecum quadratum is a curving tube in form, starting as spiral-shaped before transitioning into a cylindrical structure. It is sealed with a permanent calcareous plug at one end and, when the animal retracts, a circular, multispiral, horny operculum closes the aperture. The shell's coloration ranges from white to yellowish white, with some being nearly translucent, and its sculpture is either smooth or features numerous annular ridges. This species feeds on one-celled organisms found on sand grains or pebbles. Morphologically, Caecum quadratum is most similar to Araiofusus colpoicus, sharing traits such as the cylindrical shell shape and smooth texture, whereas Caecum heptagonum, the most morphologically divergent, contrasts with its polyhedral shell features. Regarding its shape, Caecum quadratum falls in the central range among Gulf forms, reflective of its typical form found within this region.","Caecum quadratum es un molusco gasterópodo marino perteneciente al género Caecum, que incluye caracoles marinos diminutos comúnmente conocidos como conchas ciegas debido a su falta de ojos. El género Caecum es parte de la familia Caecidae. Caecum quadratum suele habitar en mares cálidos y templados a nivel mundial. Estos caracoles son micromoluscos, presentando una longitud de concha entre 2 mm y 6 mm, caracterizados por su pequeño tamaño, morfología inusual de la concha y preferencias ambientales. La mayoría de las especies dentro de este género se encuentran en esponjas, arrecifes arenosos o camas de pastos en aguas poco profundas, bahías y lagunas. La concha de Caecum quadratum tiene forma de tubo curvado, comenzando como espiral antes de convertirse en estructura cilíndrica. Está sellada con un tapón calcáreo permanente en un extremo y, cuando el animal se retrae, un opérculo córneo circular y multiespiral cierra la abertura. La coloración de la concha varía de blanco a blanco amarillento, siendo algunas casi translúcidas, y su escultura es suave o presenta numerosos surcos anulares. Esta especie se alimenta de organismos unicelulares encontrados en granos de arena o piedras. Morfológicamente, Caecum quadratum es más similar a Araiofusus colpoicus, compartiendo características como la forma cilíndrica de la concha y la textura suave, mientras que Caecum heptagonum, el más divergente morfológicamente, contrasta con sus características polihédricas de la concha. En cuanto a su forma, Caecum quadratum se encuentra en el rango central entre las formas del Golfo, reflejando su forma típica encontrada en esta región.",Wikipedia: Caecum (gastropod) | Wikipedia: Cecum
Aliger_gigas,254.358,Macrostrombus_costatus,161.284,Terebra_taurina,548.134,"Aliger gigas, commonly known as the queen conch, is a marine gastropod mollusk in the family Strombidae. This species is one of the largest mollusks native to the Caribbean Sea and the tropical northwestern Atlantic, with shells reaching up to 35.2 cm (13.9 inches) in length. The adult animal possesses a large, solid, and heavy shell, featuring knob-like spines on the shoulder, a flared thick outer lip, and a characteristic pink or orange aperture. The external color is sandy, aiding in environmental camouflage. Queen conchs typically inhabit seagrass beds associated with coral reefs, browsing and scavenging for plant and algal material. This herbivorous species shares its habitat with its closest morphological relative, Macrostrombus costatus, which also features a robust shell and distinctive color patterns. In contrast, it is most morphologically different from Terebra taurina. The distance to the mean shape suggests that Aliger gigas is a central form typical of the Gulf. The queen conch plays ecological roles as host to commensal species like slipper snails and porcelain crabs. Its predators include large sea snails, octopus, starfish, and vertebrates like sea turtles and nurse sharks. It is particularly vital as a food source for these large predators. The international trade of the queen conch is regulated under CITES, due to commercial threats from overfishing.","Aliger gigas, comúnmente conocido como el caracol reina, es un molusco gasterópodo marino de la familia Strombidae. Esta especie es uno de los moluscos más grandes nativos del Mar Caribe y el Atlántico noroccidental tropical, alcanzando conchas de hasta 35.2 cm (13.9 pulgadas) de longitud. El animal adulto posee una concha grande, sólida y pesada, con espinas tipo nudo en el hombro, un labio exterior grueso y característico de color rosa o naranja. El color externo es arenoso, ayudando al camuflaje en el entorno. Los caracoles reina habitan típicamente en lechos de pastos marinos asociados con arrecifes de coral, donde pastan y reciclan material vegetal y algas. Esta especie herbívora comparte hábitat con su pariente morfológico más cercano, el Macrostrombus costatus, que también presenta una concha robusta y patrones de color distintivos. En contraste, es más morfológicamente diferente del Terebra taurina. La distancia a la forma media sugiere que el Aliger gigas es una forma central típica del Golfo. El caracol reina desempeña roles ecológicos como anfitrión de especies comensales como caracoles cala y cangrejos porcelana. Sus depredadores incluyen grandes caracoles marinos, pulpos, estrellas de mar y vertebrados como tortugas marinas y tiburones-enfermera. Es particularmente vital como fuente de alimento para estos grandes depredadores. El comercio internacional del caracol reina está regulado bajo CITES, debido a amenazas comerciales por sobrepesca.",Wikipedia: Aliger gigas | Wikipedia: Aliger
Agaronia_testacea,255.448,Olivella_nivea,34.481,Thylacodes_riisei,687.449,"Agaronia testacea, commonly known as the Panama false olive, is a marine gastropod mollusk in the family Olividae. The shell length varies from 25 mm to 66 mm, with a conical shape and pointed apex. Its surface is smooth and shiny, typically cream or light brown with dark brown or black spots or streaks. The interior is white or pale yellow. This species inhabits rocky intertidal locations from Alaska to Baja California along the Pacific Ocean, spanning the Gulf of California to Peru. Fossils of Agaronia testacea have been found in various strata dating back to Miocene and Pliocene epochs in Central and South America. Morphologically, Agaronia testacea is centrally positioned within the gastropod morphological spectrum, showcasing typical Gulf of California shell features. It shares considerable morphological similarities with Olivella nivea, notably in the smooth, elongated shell structure. In contrast, Thylacodes riisei represents a morphologically divergent form within this gastropod grouping. Agaronia testacea exhibits adaptability typical to tropical and subtropical marine environments, often found on sandy and muddy substrates in shallow waters.","Agaronia testacea, comúnmente conocida como la oliva falsa de Panamá, es un molusco gasterópodo marino de la familia Olividae. La longitud de su concha varía entre 25 mm y 66 mm, con una forma cónica y un ápice puntiagudo. Su superficie es lisa y brillante, generalmente de color crema o marrón claro con manchas o rayas marrones oscuras o negras. El interior es blanco o amarillo pálido. Esta especie habita en ubicaciones intermareales rocosas desde Alaska hasta Baja California a lo largo del Océano Pacífico, abarcando desde el Golfo de California hasta Perú. Se han encontrado fósiles de Agaronia testacea en diversos estratos que datan de las épocas del Mioceno y el Plioceno en América Central y del Sur. Morfológicamente, Agaronia testacea está posicionada centralmente dentro del espectro morfológico de los gasterópodos, mostrando características típicas de la concha del Golfo de California. Comparte similitudes morfológicas considerables con Olivella nivea, notablemente en la estructura alargada de la concha lisa. En contraste, Thylacodes riisei representa una forma morfológicamente divergente dentro de este grupo de gasterópodos. Agaronia testacea exhibe la adaptabilidad típica a entornos marinos tropicales y subtropicales, a menudo encontrándose en sustratos arenosos y limosos en aguas poco profundas.",Wikipedia: Agaronia testacea | Wikipedia: Agaronia
Neverita_duplicata,256.157,Naticarius_canrena,107.691,Caecum_heptagonum,636.336,"Neverita duplicata, commonly known as the shark eye, is a species of predatory sea snail belonging to the family Naticidae, commonly referred to as moon snails. The shell of Neverita duplicata has a flattened globular shape, reaching up to 88 to 90 mm in maximum dimension. It is generally greyish brown, with a central apex that appears dark blue in fresh shells, reminiscent of an eye. On the underside, there is a large brown callus that partly blocks the shell's umbilicus. This species inhabits sandy substrates just below the low tide line, with recorded depths ranging from 0 to 58 meters. It predominantly feeds on bivalves, drilling countersunk circular holes through the shells of its prey to access the soft tissue inside. Neverita duplicata shares morphological similarities with Naticarius canrena, as both species possess globular shells suited for sandy environments. However, it contrasts with Caecum heptagonum, which is morphologically distinct, likely due to its elongated shell shape adapted for different ecological niches. The species displays a central position as a typical form native to the Gulf of California.","Neverita duplicata, conocida comúnmente como ojo de tiburón, es una especie de caracol marino depredador perteneciente a la familia Naticidae, comúnmente conocida como caracoles luna. La concha de Neverita duplicata tiene una forma globular aplanada, alcanzando hasta 88 a 90 mm en dimensión máxima. Generalmente es de color marrón grisáceo, con un ápice central que aparece azul oscuro en conchas frescas, lo que recuerda a un ojo. En la parte inferior, hay un gran callo marrón que bloquea parcialmente el ombligo de la concha. Esta especie habita en sustratos arenosos justo debajo de la línea de marea baja, con profundidades registradas que varían de 0 a 58 metros. Se alimenta principalmente de bivalvos, perforando agujeros circulares avellanados a través de las conchas de sus presas para acceder al tejido blando en su interior. Neverita duplicata comparte similitudes morfológicas con Naticarius canrena, ya que ambas especies poseen conchas globulares adecuadas para entornos arenosos. Sin embargo, contrasta con Caecum heptagonum, que es morfológicamente distinto, probablemente debido a su forma de concha alargada adaptada a diferentes nichos ecológicos. La especie exhibe una posición central como una forma típica nativa del Golfo de California.",Wikipedia: Neverita duplicata | Wikipedia: Neverita
Teinostoma_megastoma,256.395,Calyptraea_mamillaris,66.268,Terebra_taurina,612.777,"Teinostoma megastoma is a marine gastropod in the genus Teinostoma, within the family Teinostomatidae. Its shell is typically small, orbicular, depressed, and polished, with a rounded body whorl and a transverse, rounded aperture. The shell displays a glossy white coloration, often transparent when fresh. The umbilical region is covered by a large, flat callosity and the outer lip is thin, without marginal features. Unlike the contrasting Terebra taurina, which exhibits elongated, slender forms, Teinostoma megastoma has more globular and compact shell structures, sharing morphological similarity with Calyptraea mamillaris, also known for rounded peripheries. With a distance to mean shape classified as central, it represents typical morphological traits observed in Gulf of California snails.","Teinostoma megastoma es un gasterópodo marino del género Teinostoma, dentro de la familia Teinostomatidae. Su concha es típicamente pequeña, orbicular, deprimida y pulida, con una vuelta corporal redondeada y una apertura transversal y redondeada. La concha presenta una coloración blanca brillante, a menudo transparente cuando está fresca. La región umbilical está cubierta por una callosidad grande y plana, y el labio exterior es delgado, sin características marginales. A diferencia del contrastante Terebra taurina, que exhibe formas alargadas y esbeltas, Teinostoma megastoma tiene estructuras de concha más globulares y compactas, compartiendo similitud morfológica con Calyptraea mamillaris, también conocida por periferias redondeadas. Con una distancia a la forma media clasificada como central, representa los rasgos morfológicos típicos observados en los caracoles del Golfo de California.",Wikipedia: Teinostoma megastoma | Wikipedia: Teinostoma
Atrimitra_effusa,260.739,Melanella_eburnea,8.152,Thylacodes_riisei,685.886,"Atrimitra effusa is a species of marine gastropod in the family Mitridae, commonly known as miter snails. As a member of the genus Atrimitra, it shares morphological traits with the species Melanella eburnea, although specific shell characteristics have not been detailed in available sources. Atrimitra effusa appears central within the Gulf of California's morphospace, indicating that it represents a typical form among regional gastropods. In contrast, Thylacodes riisei is the most morphologically different species within the local diversity. The shape distance suggests that Atrimitra effusa is more similar to common forms in the Gulf, while Thylacodes riisei is divergent.","Atrimitra effusa es una especie de gasterópodo marino de la familia Mitridae, conocida comúnmente como caracoles mitra. Como miembro del género Atrimitra, comparte características morfológicas con la especie Melanella eburnea, aunque las características específicas de la concha no han sido detalladas en las fuentes disponibles. Atrimitra effusa parece estar central dentro del espacio morfológico del Golfo de California, lo que indica que representa una forma típica entre los gasterópodos regionales. En contraste, Thylacodes riisei es la especie más morfológicamente diferente dentro de la diversidad local. La distancia de forma sugiere que Atrimitra effusa es más similar a las formas comunes en el Golfo, mientras que Thylacodes riisei es divergente.",Wikipedia: Atrimitra effusa | Wikipedia: Atrimitra
Calyptraea_mamillaris,26.511,Crucibulum_auricula,55.907,Terebra_taurina,61.348,"Calyptraea mamillaris is a marine gastropod mollusk within the family Calyptraeidae, commonly known as the Chinese hat snails. The genus Calyptraea encompasses various species of sea snails, noted for their conical shell shape resembling a Chinese hat. While specific details about Calyptraea mamillaris were not provided in Wikipedia, it's related to other conical, cap-shaped snails within its genus, such as Calyptraea chinensis.

Morphological traits noted across the genus include a simple, coiled shell structure that is variably conical. This shell morphology is shared with Crucibulum auricula, which also possesses a similar shape and structural characteristics. In contrast, the shell of Terebra taurina differs significantly, classified in a distant morphological category.

The known ecological preference for species within Calyptraeidae, including Calyptraea, are typically hard substrates where they can attach themselves and feed on plankton and small organic particles suspended in the water column.","Calyptraea mamillaris es un molusco gasterópodo marino dentro de la familia Calyptraeidae, comúnmente conocido como los caracoles sombrero chino. El género Calyptraea abarca diversas especies de caracoles marinos, conocidas por su forma de concha cónica que asemeja un sombrero chino. Aunque no se proporcionaron detalles específicos sobre Calyptraea mamillaris en Wikipedia, está relacionado con otros caracoles de forma cónica y caparazón dentro de su género, como Calyptraea chinensis.

Los rasgos morfológicos que se observan en el género incluyen una estructura de concha simple y enrollada que es variablemente cónica. Esta morfología de concha se comparte con Crucibulum auricula, que también posee una forma y características estructurales similares. En contraste, la concha de Terebra taurina difiere significativamente, clasificada en una categoría morfológica distante.

La preferencia ecológica conocida para las especies dentro de Calyptraeidae, incluyendo Calyptraea, son típicamente sustratos duros donde pueden adherirse y alimentarse de plancton y pequeñas partículas orgánicas suspendidas en la columna de agua.",Wikipedia: Calyptraea mamillaris | Wikipedia: Calyptraea
Araiofusus_colpoicus,266.925,Bailya_anomala,134.726,Caecum_heptagonum,666.149,"Araiofusus colpoicus is a marine gastropod mollusk belonging to the family Fasciolariidae. It features a shell that reaches up to 66 mm in length, excluding the eroded nucleus, with a total of 8 whorls. The shell is characterized by 13 narrow axial ribs which are separated by wider interspaces, and a sharp spiral sculpture with threads of alternating sizes. The whorl sculpture includes 6 major and 6 minor spiral threads crossing the axial ribs without forming nodules. The aperture and siphonal canal measure a combined length of 36 mm, and the siphonal canal itself is conspicuously tortuous. It can be found in the Gulf of California. Morphologically, Araiofusus colpoicus is similar to Bailya anomala, sharing attributes like the narrow axial ribs and sharp spiral sculpture. In contrast, it is morphologically different from Caecum heptagonum, which contributes to the divergence from typical Gulf forms as indicated by its peripheral distance to mean shape.","Araiofusus colpoicus es un molusco gasterópodo marino perteneciente a la familia Fasciolariidae. Presenta una concha que alcanza hasta 66 mm de longitud, excluyendo el núcleo erosionado, con un total de 8 vueltas. La concha se caracteriza por 13 costillas axiales estrechas, que están separadas por espacios intermedios más amplios, y una escultura espiral aguda con hilos de tamaños alternantes. La escultura de la vuelta incluye 6 hilos espirales mayores y 6 menores que cruzan las costillas axiales sin formar nódulos. La abertura y el canal sifonal tienen una longitud combinada de 36 mm, y el propio canal sifonal es notablemente tortuoso. Se encuentra en el Golfo de California. Morfológicamente, Araiofusus colpoicus es similar a Bailya anomala, compartiendo características como las costillas axiales estrechas y la escultura espiral aguda. En contraste, se diferencia morfológicamente de Caecum heptagonum, lo que contribuye a la divergencia de las formas típicas del Golfo, según indica su distancia periférica a la forma media.",Wikipedia: Araiofusus colpoicus | Wikipedia: Araiofusus
Crucibulum_auricula,269.866,Calyptraea_mamillaris,55.907,Terebra_taurina,603.998,"Crucibulum auricula is a species of sea snail within the family Calyptraeidae, commonly known as slipper snails, slipper limpets, cup-and-saucer snails, and Chinese hat snails. The maximum recorded shell length for this species is 29 mm. Crucibulum auricula inhabits marine environments at depths ranging from 1 meter to 115 meters. This species exhibits a central morphology typical of Gulf forms, sharing similarities with Calyptraea mamillaris, which also belongs to the Calyptraeidae family and displays similar shell shapes characterized by a flattened appearance and attachment to substrates. In contrast, the most morphologically different species is Terebra taurina, which belongs to a different family and has an elongated shell shape distinct from Crucibulum auricula.","Crucibulum auricula es una especie de caracol marino perteneciente a la familia Calyptraeidae, comúnmente conocida como caracoles de zapato, lapa de zapato, caracoles taza y platillo, y caracoles sombrero chino. La longitud máxima registrada de la concha de esta especie es de 29 mm. Crucibulum auricula habita en ambientes marinos a profundidades que van desde 1 metro hasta 115 metros. Esta especie presenta una morfología central típica de las formas del Golfo, compartiendo similitudes con Calyptraea mamillaris, que también pertenece a la familia Calyptraeidae y muestra formas de concha similares caracterizadas por una apariencia plana y sujeción a sustratos. En contraste, la especie más morfológicamente diferente es Terebra taurina, que pertenece a una familia distinta y tiene una forma de concha alargada diferente de Crucibulum auricula.",Wikipedia: Crucibulum auricula | Wikipedia: Crucibulum
Hexaplex_fulvescens,276.404,Chicoreus_florifer,200.908,Caecum_heptagonum,591.439,"Hexaplex fulvescens, commonly known as the giant eastern murex or giant Atlantic murex, is a marine gastropod mollusk belonging to the family Muricidae. This species is noted for being one of the largest muricid snails in the Western Atlantic, with shell sizes ranging from 60 to 223 millimeters. The shells are massive and spinose, featuring several straight or bifurcate spines organized in 6 to 10 radial rows along spiraling ridges. The shell surface may exhibit colors such as whitish, grayish, or pale brown, with an oval aperture that has crenulate edges. Hexaplex fulvescens possesses a short siphonal canal.

This species is distributed in the western Atlantic Ocean, ranging from North Carolina to Cape Canaveral, Florida, and extending into the Gulf of Mexico from Florida west to Texas. It inhabits depths from 0 to 80 meters and can be commonly found in deeper waters as well as shallow inshore areas. Trawling operations, particularly those targeting scallops off the Florida coast, occasionally collect this species from depths of 100 to 120 feet.

Ecologically, Hexaplex fulvescens is an active predator, preying on other mollusks such as mussels, oysters, and clams. Reproduction involves laying eggs in capsules attached under rocks.

The shell morphology of Hexaplex fulvescens shows similarity to Chicoreus florifer, sharing traits such as spinose structures and spiral ridges. In contrast, it differs markedly from Caecum heptagonum, which is significantly more distant morphologically. With a distance to mean shape of 276,404, Hexaplex fulvescens represents a peripheral form within the Gulf's gastropod assemblage, indicating a degree of divergence from the region's central shell forms.","Hexaplex fulvescens, comúnmente conocido como el múrex gigante del Atlántico o del este, es un molusco gasterópodo marino que pertenece a la familia Muricidae. Esta especie se destaca por ser uno de los caracoles murícidos más grandes en el Atlántico Occidental, con tamaños de concha que varían entre 60 y 223 milímetros. Las conchas son masivas y espinosas, presentando varias espinas rectas o bifurcadas organizadas en filas radiales de 6 a 10 a lo largo de crestas espirales. La superficie de la concha puede presentar colores como blanquecino, grisáceo o marrón claro, con una abertura oval que tiene bordes crenulados. Hexaplex fulvescens posee un canal sifonal corto.

Esta especie se distribuye en el océano Atlántico occidental, desde Carolina del Norte hasta Cabo Cañaveral, Florida, extendiéndose hasta el Golfo de México desde Florida hacia el oeste hasta Texas. Habita en profundidades de 0 a 80 metros y se puede encontrar comúnmente tanto en aguas más profundas como en áreas costeras poco profundas. Las operaciones de arrastre, especialmente aquellas dirigidas a recolectar vieiras frente a la costa de Florida, ocasionalmente recolectan esta especie desde profundidades de 100 a 120 pies.

Ecológicamente, Hexaplex fulvescens es un depredador activo, que se alimenta de otros moluscos como mejillones, ostras y almejas. Su reproducción implica la puesta de huevos en cápsulas adheridas debajo de rocas.

La morfología de la concha de Hexaplex fulvescens muestra similitud con Chicoreus florifer, compartiendo características como estructuras espinosas y crestas espirales. En contraste, difiere marcadamente de Caecum heptagonum, que es significativamente más distante morfológicamente. Con una distancia a la forma media de 276,404, Hexaplex fulvescens representa una forma periférica dentro del grupo de gasterópodos del Golfo, indicando un grado de divergencia con respecto a las formas de concha centrales de la región.",Wikipedia: Hexaplex fulvescens | Wikipedia: Hexaplex
Teinostoma_reclusum,280.107,Calyptraea_mamillaris,87.237,Terebra_taurina,626.265,"Teinostoma reclusum is a species within the genus Teinostoma, belonging to the family Teinostomatidae. Members of this genus are minute marine gastropod mollusks, known for their orbicular, depressed subspiral shells, which are polished and typically white and glossy. The shells are characterized by a rounded body whorl and a transverse, rounded aperture that is elongated and ends anteriorly in a slightly canaliculated point. The inner lip of the shell is smooth and callous, while the outer lip is thin and simple without marginal or reflected features. Distribution of these snails is within the Gulf of California, known for its typical forms, indicating a central position concerning its morphological traits found in this region. Among its closest morphological relatives is Calyptraea mamillaris, which shares similarities in shell structure, such as a rounded and smooth shell. In contrast, its distant relative, Terebra taurina, is very different in shape and morphology. The genus was initially described in 1853 by H. & A. Adams, with Teinostoma politum as the type species.","Teinostoma reclusum es una especie dentro del género Teinostoma, perteneciente a la familia Teinostomatidae. Los miembros de este género son pequeños moluscos gasterópodos marinos, conocidos por sus conchas orbiculares, deprimidas subespiraladas, que son pulidas y típicamente blancas y brillantes. Las conchas se caracterizan por un remolino corporal redondeado y una abertura transversal, redondeada, alargada y que termina anteriormente en un punto ligeramente canalizado. El labio interno de la concha es liso y calloso, mientras que el labio externo es delgado y simple sin características marginales o reflejadas. La distribución de estos caracoles es dentro del Golfo de California, conocido por sus formas típicas, lo que indica una posición central en cuanto a sus rasgos morfológicos encontrados en esta región. Entre sus parientes morfológicos más cercanos está Calyptraea mamillaris, que comparte similitudes en la estructura de la concha, como una concha redondeada y lisa. En contraste, su pariente distante, Terebra taurina, es muy diferente en forma y morfología. El género fue inicialmente descrito en 1853 por H. & A. Adams, con Teinostoma politum como la especie tipo.",Wikipedia: Teinostoma reclusum | Wikipedia: Teinostoma
Sinum_perspectivum,342.461,Calyptraea_mamillaris,90.812,Terebra_taurina,678.007,"Sinum perspectivum, commonly known as the white baby ear, is a species of predatory marine gastropod mollusk in the family Naticidae. The shell of Sinum perspectivum is shallowly coiled with a wide aperture and exhibits a graceful curved outline. It is predominantly white both internally and externally. The maximum recorded shell length is 51 mm. As a carnivorous species, it preys on other marine life. Sinum perspectivum is distributed along the eastern coast of America from Maryland south to Brazil and is also found around Bermuda. It inhabits marine environments from the intertidal zone down to depths of 70 meters. The genus Sinum, to which this species belongs, is characterized by shells that are somewhat flattened, some being ear-shaped. Sinum perspectivum shares morphological resemblance with Calyptraea mamillaris, particularly in its shell shape, whereas it is notably distinct from Terebra taurina, which is considerably different in terms of shell form. The distance to the mean shape is 342461, indicating that it is somewhat divergent from the central form typical of the Gulf of California.","Sinum perspectivum, comúnmente conocido como el ""white baby ear"", es una especie de molusco gasterópodo marino depredador de la familia Naticidae. La concha de Sinum perspectivum es poco enrollada con una amplia abertura y presenta un contorno grácilmente curvado. Es predominantemente blanca tanto interna como externamente. La longitud máxima registrada de la concha es de 51 mm. Como especie carnívora, depreda sobre otras formas de vida marina. Sinum perspectivum está distribuido a lo largo de la costa este de América desde Maryland hacia el sur de Brasil y también se encuentra alrededor de Bermuda. Habita en ambientes marinos desde la zona intermareal hasta profundidades de 70 metros. El género Sinum, al que pertenece esta especie, se caracteriza por conchas algo aplanadas, algunas con forma de oreja. Sinum perspectivum comparte semejanza morfológica con Calyptraea mamillaris, particularmente en la forma de su concha, mientras que es notablemente distinto de Terebra taurina, que es considerablemente diferente en términos de forma de concha. La distancia a la forma media es 342461, lo que indica que es algo divergente de la forma central típica del Golfo de California.",Wikipedia: Sinum perspectivum | Wikipedia: Sinum
Caecum_teres,362.519,Caecum_firmatum,76.049,Caecum_heptagonum,805.196,"Caecum teres, belonging to the genus Caecum within the family Caecidae, is a small marine gastropod characterized by its diminutive tubular shell which ranges from 2 mm to 6 mm in size. The shell, typical of the Caecum genus, starts as a spiral in its early stage before becoming cylindrical and is sealed with a permanent calcareous plug at one end. Its coloration is generally white to yellowish white, sometimes almost translucent, with either a smooth texture or a surface adorned with a series of annular ridges. The species inhabits warm and temperate seas worldwide, particularly favoring shallow waters in bays and lagoons, where it can be found in sandy spots on reefs or among grassy beds. This species feeds on single-celled organisms residing on sand grains or pebbles. Morphologically, Caecum teres is centrally placed within its genus, indicating it is a typical form found in the Gulf of California. It is more similar to Caecum firmatum, sharing tubular and cylindrical shell traits, but differs significantly from the more morphologically distinct Caecum heptagonum, which exhibits a unique heptagonal shell form.","Caecum teres, perteneciente al género Caecum dentro de la familia Caecidae, es un pequeño gasterópodo marino caracterizado por su diminuta concha tubular que varía entre 2 mm y 6 mm de tamaño. La concha, típica del género Caecum, comienza como una espiral en su etapa inicial antes de volverse cilíndrica y está sellada con un tapón calcáreo permanente en un extremo. Su coloración es generalmente blanca a amarillenta, a veces casi translúcida, con una textura lisa o una superficie adornada con una serie de crestas anulares. La especie habita en mares cálidos y templados en todo el mundo, prefiriendo especialmente aguas someras en bahías y lagunas, donde se puede encontrar en lugares arenosos en arrecifes o entre camas de pastos. Esta especie se alimenta de organismos unicelulares presentes en granos de arena o guijarros. Morfológicamente, Caecum teres está ubicado centralmente dentro de su género, lo que indica que es una forma típica encontrada en el Golfo de California. Es más similar a Caecum firmatum, compartiendo características de conchas tubulares y cilíndricas, pero difiere significativamente del más distintivo morfológicamente Caecum heptagonum, que exhibe una forma de concha heptagonal única.",Wikipedia: Caecum (gastropod)
Thylacodes_decussatus,377.048,Sinum_perspectivum,15.982,Terebra_taurina,688.896,,,No se encontraron fuentes
Caecum_clathratum,380.543,Agaronia_testacea,236.559,Caecum_laeve,727.185,"Caecum clathratum belongs to the genus Caecum, a group of minute marine gastropod mollusks characterized by their elongated, tubular shells. Although specific information for Caecum clathratum is not detailed, members of the genus Caecum generally possess shells that are externally smooth or minutely ribbed. These shells tend to lack the typical snail-like coiling and are closed at one end, forming a cap-like structure. 

The distance to mean shape for Caecum clathratum is 380543, suggesting it is relatively central within the morphological variations typical for shells found in the Gulf of California. This indicates that it shares common shell traits with other regional species. Morphologically, Caecum clathratum is most similar to Agaronia testacea, which typically possess shells that are smooth, elongated, and have an oval aperture. In contrast, Caecum clathratum is notably different from Caecum laeve, which has a distance of 727185, likely reflecting significant differences in shell shape.

Ecologically, species of the Caecum genus are typically found in shallow marine environments. They usually inhabit sandy substrates where they can burrow and remain concealed. These gastropods are often associated with warm-temperate to tropical waters, such as those in the Gulf of California, and are part of the benthic community feeding primarily on microorganisms.","Caecum clathratum pertenece al género Caecum, un grupo de gasterópodos marinos diminutos caracterizados por sus conchas alargadas y tubulares. Aunque no se detallan informaciones específicas sobre Caecum clathratum, los miembros del género Caecum generalmente poseen conchas que son externamente lisas o con costillas minúsculas. Estas conchas tienden a carecer del típico enrollamiento en espiral de los caracoles y están cerradas en un extremo, formando una estructura similar a una tapa.

La distancia a la forma media para Caecum clathratum es de 380543, lo que sugiere que es relativamente central dentro de las variaciones morfológicas típicas de las conchas encontradas en el Golfo de California. Esto indica que comparte rasgos comunes de conchas con otras especies de la región. Morfológicamente, Caecum clathratum es más similar a Agaronia testacea, que típicamente poseen conchas que son lisas, alargadas y tienen una apertura ovalada. En contraste, Caecum clathratum es notablemente diferente de Caecum laeve, que tiene una distancia de 727185, lo que probablemente refleja diferencias significativas en la forma de la concha.

Ecológicamente, las especies del género Caecum se encuentran típicamente en ambientes marinos poco profundos. Usualmente habitan sustratos arenosos donde pueden enterrarse y permanecer ocultos. Estos gasterópodos a menudo están asociados con aguas templadas cálidas a tropicales, como las del Golfo de California, y forman parte de la comunidad bentónica alimentándose principalmente de microorganismos.",WoRMS: https://worms-url
Terebra_taurina,382.478,Hastula_cinerea,115.797,Thylacodes_riisei,749.757,"Terebra taurina belongs to the genus Terebra, known for elongated shells typical of 'auger snails'. The genus is characterized by slender, smoothly coiled shells with an elongated, tapering shape that resembles a drill or auger. Shell morphology tends to include an elongated and narrow aperture, with well-defined axial and spiral sculpture. Terebra taurina exhibits a shell form that is somewhat divergent from the typical Gulf form, indicated by its central position in the morphological spectrum with a distance to mean shape of 382478, suggesting minor divergence from the prototypical shell form found in the Gulf of California.

Morphologically, Terebra taurina is most similar to Hastula cinerea, sharing similarities in the elongated shape and surface texture. However, it contrasts significantly from Thylacodes riisei, noted for its considerable divergence and atypical shell features, as indicated by the distance of 749757, suggesting vastly differing shell characteristics.

Terebra species generally inhabit sandy substrates in tropical and subtropical marine environments, where they prey on marine invertebrates, demonstrating a carnivorous feeding behavior typical of auger snails.","Terebra taurina pertenece al género Terebra, conocido por conchas alargadas típicas de los 'caracoles barrena'. El género se caracteriza por conchas esbeltas, enrolladas suavemente con una forma alargada y afilada que se asemeja a un taladro o barrena. La morfología de la concha tiende a incluir una apertura alargada y estrecha, con una escultura axial y espiral bien definida. Terebra taurina exhibe una forma de concha que es algo divergente de la forma típica del Golfo, indicado por su posición central en el espectro morfológico con una distancia a la forma media de 382478, lo que sugiere una divergencia menor de la forma de concha prototípica que se encuentra en el Golfo de California.

Morfológicamente, Terebra taurina es más similar a Hastula cinerea, compartiendo similitudes en la forma alargada y la textura superficial. Sin embargo, contrasta significativamente con Thylacodes riisei, conocido por su considerable divergencia y características de concha atípicas, como lo indica la distancia de 749757, lo que sugiere características de concha muy diferentes.

Las especies de Terebra generalmente habitan sustratos arenosos en ambientes marinos tropicales y subtropicales, donde depredan invertebrados marinos, demostrando un comportamiento de alimentación carnívora típico de los caracoles barrena.",Wikipedia: Terebra taurina | Wikipedia: Terebra
Caecum_firmatum,384.054,Caecum_teres,76.049,Caecum_heptagonum,807.049,,,No se encontraron fuentes
Hastula_cinerea,385.077,Terebra_taurina,115.797,Thylacodes_riisei,759.831,,,No se encontraron fuentes
Caecum_laeve,412.955,Caecum_firmatum,150.465,Caecum_heptagonum,780.018,"Caecum laeve is a species of minute marine gastropod in the family Caecidae. The genus Caecum is characterized by its small, tubular shells which tend to be elongated and cylindrical. Shells of this species are typically coiled to the right, with a simple aperture and a smooth protoconch. Caecum laeve shells have subtle surface ornamentation and exhibit a creamy or pale color.

Caecum laeve is morphologically similar to Caecum firmatum, sharing features such as the cylindrical shape and right-hand coil, but can be distinguished by specific shell texture and size differences. In contrast, Caecum heptagonum is markedly more different, potentially having an angular or polygonal shell form, deviating significantly from the typical cylindrical shape of Caecum laeve.

In terms of habitat, species of the genus Caecum are usually found in shallow marine environments, often associated with sandy or muddy substrates. These gastropods are important members of the benthic community, playing roles in the detritus-based food web. The distance to mean shape suggests that Caecum laeve is somewhat peripheral compared to other Gulf forms, indicating a degree of morphological divergence from what is considered typical in this region of the Sea of Cortez.","Caecum laeve es una especie de gastropodo marino diminuto de la familia Caecidae. El género Caecum se caracteriza por sus pequeñas conchas tubulares que tienden a ser alargadas y cilíndricas. Las conchas de esta especie son típicamente enrolladas hacia la derecha, con una apertura simple y un protoconcha lisa. Las conchas de Caecum laeve tienen una ornamentación superficial sutil y exhiben un color crema o pálido.

Caecum laeve es morfológicamente similar a Caecum firmatum, compartiendo características como la forma cilíndrica y el enrollamiento hacia la derecha, pero se puede distinguir por características específicas de la textura y el tamaño de la concha. En contraste, Caecum heptagonum es marcadamente más diferente, tendiendo a tener una forma de concha angular o poligonal, desviándose significativamente de la forma cilíndrica típica de Caecum laeve.

En cuanto al hábitat, las especies del género Caecum suelen encontrarse en entornos marinos poco profundos, a menudo asociadas con sustratos arenosos o fangosos. Estos gasterópodos son miembros importantes de la comunidad bentónica, desempeñando funciones en la red alimentaria basada en el detritus. La distancia a la forma media sugiere que Caecum laeve es algo periférico en comparación con otras formas del Golfo, lo que indica un grado de divergencia morfológica de lo que se considera típico en esta región del Mar de Cortés.",WoRMS: https://worms-url